source_path,source,source_id,source_key,wine_name,vintage_id,item_id,status,image_path,source_sha256,crop_sha256,bbox,confidence,width,height,wine_id,label,split
/mnt/SSD/workspace/wine/data/WineSensed/chunk_001/output_images/chunk_001/4ZH7qUWgQGGm8EX_aYVXcQ.jpg,winesensed,4ZH7qUWgQGGm8EX_aYVXcQ.jpg,winesensed:100173581,,100173581,0d9fbbb8b51acce45742cfdb,ok,/mnt/SSD/workspace/wine/data/winesensed_embedding/crops/0d/0d9fbbb8b51acce45742cfdb.jpg,1c426a0e72776e2d340384a5e305e15fbf2e5140230ed1aae9a9f5e41806534b,2785ceb2be8985bf97df9d1d3b9a50bbc5c2afacfac530ab900ba7104465867d,"[7, 1, 474, 637]",0.67724609375,467,636,winesensed:100173581,0,train
/mnt/SSD/workspace/wine/data/WineSensed/chunk_001/output_images/chunk_001/1LEXUrTDRm-ZADe5YT4bsg.jpg,winesensed,1LEXUrTDRm-ZADe5YT4bsg.jpg,winesensed:100173581,,100173581,1af09405f3182f3fd54521c9,ok,/mnt/SSD/workspace/wine/data/winesensed_embedding/crops/1a/1af09405f3182f3fd54521c9.jpg,51dd119db0ed135d97fef5ddd60a22e30ec0cb4f1c639dfee0344354ad660f0e,b9de8880633790c87fc75f9ee0e0011def410a9d0576cd0fe0c07fc6d023905c,"[19, 5, 479, 618]",0.275634765625,460,613,winesensed:100173581,0,train
/mnt/SSD/workspace/wine/data/WineSensed/chunk_001/output_images/chunk_001/2dlmcCC3SIKMhCBaBNN1Mg.jpg,winesensed,2dlmcCC3SIKMhCBaBNN1Mg.jpg,winesensed:100173581,,100173581,2a1ffbe19170cf7386ef78bd,ok,/mnt/SSD/workspace/wine/data/winesensed_embedding/crops/2a/2a1ffbe19170cf7386ef78bd.jpg,c54b5efcfede44ec21228d417840bfe30be9511c7059932c423f305b082e36b0,b382eeb8c061528dd2cdfbab7ef21f72e56f34d04a7890eab0866899b70e62a9,"[14, 2, 429, 640]",0.75341796875,415,638,winesensed:100173581,0,train
/mnt/SSD/workspace/wine/data/WineSensed/chunk_001/output_images/chunk_001/2ZOaTe6cT7a5ObiOgAb5SQ.jpg,winesensed,2ZOaTe6cT7a5ObiOgAb5SQ.jpg,winesensed:100173581,,100173581,52cac10616f57ecbbfd35358,ok,/mnt/SSD/workspace/wine/data/winesensed_embedding/crops/52/52cac10616f57ecbbfd35358.jpg,df2bde4078bd5c5af45ae5f5dd41152eefc28434a7ab5451a5a44a25eadb1761,a94e0e4789b96675503fde82df5497e2544535fe02becc1f3e72013824f34d2c,"[16, 0, 472, 635]",0.52734375,456,635,winesensed:100173581,0,train
/mnt/SSD/workspace/wine/data/WineSensed/chunk_001/output_images/chunk_001/-li8VJSbSfmtG28p5-mMrw.jpg,winesensed,-li8VJSbSfmtG28p5-mMrw.jpg,winesensed:100173581,,100173581,7f4ab0b7d4e290f4eade0106,ok,/mnt/SSD/workspace/wine/data/winesensed_embedding/crops/7f/7f4ab0b7d4e290f4eade0106.jpg,dfd96cd788446e7c32d08cafa062b5940258c62cce0e4cab27bb761370ececfc,c12ccb279494562d71d4566e418fcc3ccb7b810308b131ff49184a8f43f22f10,"[31, 0, 460, 635]",0.4853515625,429,635,winesensed:100173581,0,train
/mnt/SSD/workspace/wine/data/WineSensed/chunk_001/output_images/chunk_001/4CUHSXe3Qt6zVOYpx6aayg.jpg,winesensed,4CUHSXe3Qt6zVOYpx6aayg.jpg,winesensed:100173581,,100173581,839a2b6b5a16352dda784d3f,ok,/mnt/SSD/workspace/wine/data/winesensed_embedding/crops/83/839a2b6b5a16352dda784d3f.jpg,b3b6b2f568c03652c83ce151862cfee7cf03218f3c14e9863d45f4a541e24e98,978c520959c3cb6e7bf1b0d935ead7c529e3c46a7d425a294a4e18313d0e4752,"[50, 0, 341, 637]",0.3974609375,291,637,winesensed:100173581,0,train
/mnt/SSD/workspace/wine/data/WineSensed/chunk_001/output_images/chunk_001/1ifvnH5RRiG8RK_NIyWAqw.jpg,winesensed,1ifvnH5RRiG8RK_NIyWAqw.jpg,winesensed:100173581,,100173581,846eb5637ec5c0dda58534dc,ok,/mnt/SSD/workspace/wine/data/winesensed_embedding/crops/84/846eb5637ec5c0dda58534dc.jpg,5d043dd44c1b1fc32579af1955ec11c6e187df73ed05c2205c79628ea2e05c83,a5a652b3d04bf86bbf899cf0a290508dfebd34ff23ee435652b262ce524e8b47,"[39, 2, 479, 640]",0.3662109375,440,638,winesensed:100173581,0,train
/mnt/SSD/workspace/wine/data/WineSensed/chunk_001/output_images/chunk_001/2S8f-98hS1Sla-cwMyaeQg.jpg,winesensed,2S8f-98hS1Sla-cwMyaeQg.jpg,winesensed:100173581,,100173581,93342e3a8df8c520beef889f,ok,/mnt/SSD/workspace/wine/data/winesensed_embedding/crops/93/93342e3a8df8c520beef889f.jpg,302bb6b6d14ba04a4ae6f22dc2a836d72217a5b531f1fddc7a1e5b4256c5e637,a29b97d3082084e82baf2aeda8765c005f25df7d7c18d03cae22d280747993de,"[35, 2, 471, 629]",0.591796875,436,627,winesensed:100173581,0,train
/mnt/SSD/workspace/wine/data/WineSensed/chunk_001/output_images/chunk_001/0yHSV2-HSoeal70ysiaWXQ.jpg,winesensed,0yHSV2-HSoeal70ysiaWXQ.jpg,winesensed:100173581,,100173581,98ccbf3c35aa00b80b76c859,ok,/mnt/SSD/workspace/wine/data/winesensed_embedding/crops/98/98ccbf3c35aa00b80b76c859.jpg,ef72099412f817188a58570ba563e57006f1481b3cd2a0693e9c82ba187da266,c885c0bc764fd7289563b09bf2547c7f4869b8d81898ebd997e104ae9ab53480,"[16, 0, 421, 633]",0.55908203125,405,633,winesensed:100173581,0,train
/mnt/SSD/workspace/wine/data/WineSensed/chunk_001/output_images/chunk_001/1gohhStKQ2OOLjkggHTYgg.jpg,winesensed,1gohhStKQ2OOLjkggHTYgg.jpg,winesensed:100173581,,100173581,afb9d60013e12d17764b87d8,ok,/mnt/SSD/workspace/wine/data/winesensed_embedding/crops/af/afb9d60013e12d17764b87d8.jpg,0149e69af2e152048a50af49a45b66ea95685b88210e894c40e765aedde636ee,a2250e8a8ea75c7bbf1a45870e86d1a51dfd82902a6886806a44baa0abedac35,"[66, 0, 473, 611]",0.42822265625,407,611,winesensed:100173581,0,train
/mnt/SSD/workspace/wine/data/WineSensed/chunk_001/output_images/chunk_001/-OMKFr2FQR6xC6jh6pXo9A.jpg,winesensed,-OMKFr2FQR6xC6jh6pXo9A.jpg,winesensed:100173581,,100173581,f3f0728bd6cfd836ef3f9ea6,ok,/mnt/SSD/workspace/wine/data/winesensed_embedding/crops/f3/f3f0728bd6cfd836ef3f9ea6.jpg,a21d3a0cee47ed511b11b2e849034cf884c7c5e44d434fc07853133758828138,366361689e3a4ec212d7a9bd0cf9a65f616a2a8c9acf31a2d9f3a5b999e4420c,"[42, 0, 434, 640]",0.75,392,640,winesensed:100173581,0,train
/mnt/SSD/workspace/wine/data/WineSensed/chunk_001/output_images/chunk_001/4MS58DRSRyiwEAZ8ucZ0Kw.jpg,winesensed,4MS58DRSRyiwEAZ8ucZ0Kw.jpg,winesensed:100173581,,100173581,f8346542ede4c40bb73eb6ad,ok,/mnt/SSD/workspace/wine/data/winesensed_embedding/crops/f8/f8346542ede4c40bb73eb6ad.jpg,ac17a8e1cba92882eecb543c95ae5f6e6f7bc4556f60c0fdfaa9d4bd0f96c347,0aad29e37794c0805a33f70a2d053f208599df25cd5ecc6310394abc24a87d1e,"[11, 0, 465, 592]",0.28662109375,454,592,winesensed:100173581,0,train
/mnt/SSD/workspace/wine/data/WineSensed/chunk_001/output_images/chunk_001/-KvRvcrsRMSUYOWQqamM5g.jpg,winesensed,-KvRvcrsRMSUYOWQqamM5g.jpg,winesensed:100746293,,100746293,114e6db74e1e386bbfdcd5cf,ok,/mnt/SSD/workspace/wine/data/winesensed_embedding/crops/11/114e6db74e1e386bbfdcd5cf.jpg,9c6248ec0b7a05243166d6c275a6057eee69d63d6371596b60ea4e0f34ef1c58,99544068c657529a22e52067819c7c5919abc052345373b079fb38a63a4aa21a,"[90, 4, 420, 622]",0.494140625,330,618,winesensed:100746293,1,train
/mnt/SSD/workspace/wine/data/WineSensed/chunk_001/output_images/chunk_001/3oc1vFFtSj6Mz7-F3ypyJA.jpg,winesensed,3oc1vFFtSj6Mz7-F3ypyJA.jpg,winesensed:100746293,,100746293,37a0cc8906942333002d08c4,ok,/mnt/SSD/workspace/wine/data/winesensed_embedding/crops/37/37a0cc8906942333002d08c4.jpg,4992303874c82a035ba20969709d7827368768181b3f5feb88c8e265618e6df7,148edd072669fbe1fc698c5e4e23d9b95dade08c9c3e84fbf3fa92a767cc79a7,"[42, 0, 429, 639]",0.85205078125,387,639,winesensed:100746293,1,train
/mnt/SSD/workspace/wine/data/WineSensed/chunk_001/output_images/chunk_001/51fc2dUzScaHVi7E1QsYgQ.jpg,winesensed,51fc2dUzScaHVi7E1QsYgQ.jpg,winesensed:100746293,,100746293,3a572d161398fe7e834c828d,ok,/mnt/SSD/workspace/wine/data/winesensed_embedding/crops/3a/3a572d161398fe7e834c828d.jpg,33b48308da858812ddcd7f24ccac53222898335e9bbc42bdc3f46e90a0c31c1e,f456680a2c84ae0291e4e7cd425263b2203ae23cd9e45fbcee002dd595914957,"[33, 0, 405, 613]",0.56396484375,372,613,winesensed:100746293,1,train
/mnt/SSD/workspace/wine/data/WineSensed/chunk_002/output_images/chunk_002/61bqrKtUQLqbal-vJKMjfQ.jpg,winesensed,61bqrKtUQLqbal-vJKMjfQ.jpg,winesensed:100746293,,100746293,685efda255815d0c8cdd0ece,ok,/mnt/SSD/workspace/wine/data/winesensed_embedding/crops/68/685efda255815d0c8cdd0ece.jpg,a0437132a9dae2f9a1275d8d551516e4769b568394780d7625156ce29a461481,c0c44904f0ed41d749b31c4a6142d14e2940837202803265e81e7c6b2449f888,"[21, 0, 471, 620]",0.43408203125,450,620,winesensed:100746293,1,train
/mnt/SSD/workspace/wine/data/WineSensed/chunk_001/output_images/chunk_001/1EpETMlzRxCUYpHcVZYdYA.jpg,winesensed,1EpETMlzRxCUYpHcVZYdYA.jpg,winesensed:100746293,,100746293,74567e7f1b99d3f984fc616c,ok,/mnt/SSD/workspace/wine/data/winesensed_embedding/crops/74/74567e7f1b99d3f984fc616c.jpg,29b40842a084787f5fec21871db45f72b661d144d5d0afaa8475905415412df1,08ab6ca09980a70509f4c7859dabde734c461ebaf36b18cf582090b90d161b20,"[21, 0, 438, 638]",0.5322265625,417,638,winesensed:100746293,1,train
/mnt/SSD/workspace/wine/data/WineSensed/chunk_001/output_images/chunk_001/20O5534cQYGaBY1hVeV_-A.jpg,winesensed,20O5534cQYGaBY1hVeV_-A.jpg,winesensed:100746293,,100746293,7af0ac66d440654193e77d5e,ok,/mnt/SSD/workspace/wine/data/winesensed_embedding/crops/7a/7af0ac66d440654193e77d5e.jpg,d83ecf44944e5f52b9e0078deaf429938252f0ab4e11477d5ecae4da23e8d761,bd534cf56b096b1b53bd91944b57345464490dd56396214beaa7f498e13e990b,"[94, 2, 340, 640]",0.66357421875,246,638,winesensed:100746293,1,train
/mnt/SSD/workspace/wine/data/WineSensed/chunk_001/output_images/chunk_001/3aP6zH2US1Ssxl72tZG3cg.jpg,winesensed,3aP6zH2US1Ssxl72tZG3cg.jpg,winesensed:100746293,,100746293,94d87ac7e106f0aa137cd98d,ok,/mnt/SSD/workspace/wine/data/winesensed_embedding/crops/94/94d87ac7e106f0aa137cd98d.jpg,8d28b363ff0f94b6da7af4b5d3ddfc4151c327bb4fc1d347e422b0631595e0e1,a0be128dc9ac57538c20b76dd6b11e7adbd2a4fabd1319999779680f94fcbcdc,"[100, 9, 370, 583]",0.41015625,270,574,winesensed:100746293,1,train
/mnt/SSD/workspace/wine/data/WineSensed/chunk_002/output_images/chunk_002/5aPA2gl5TvSBg3LRp491FA.jpg,winesensed,5aPA2gl5TvSBg3LRp491FA.jpg,winesensed:100746293,,100746293,b91736d816f8954997985169,ok,/mnt/SSD/workspace/wine/data/winesensed_embedding/crops/b9/b91736d816f8954997985169.jpg,1a009a8e98c6aec9200b2a9a7b761d482048305b761569682dedb574c79f32c9,ddba83709e60e1cd5f942057bb7b4b3514de110bc9cc33a3e73a69a51fdb8e1c,"[49, 13, 395, 543]",0.3720703125,346,530,winesensed:100746293,1,train
/mnt/SSD/workspace/wine/data/WineSensed/chunk_001/output_images/chunk_001/25JHGMgAQIam8qyaJEEc-g.jpg,winesensed,25JHGMgAQIam8qyaJEEc-g.jpg,winesensed:100746293,,100746293,c5a3ba026104ebd06bc0dfc2,ok,/mnt/SSD/workspace/wine/data/winesensed_embedding/crops/c5/c5a3ba026104ebd06bc0dfc2.jpg,f0feba49e61a7b8207c51f43e4f82b044a9681791ea5ab50339b5cca4e7802fd,5644a897a18d0f264c20fd035f862dc576858363ffc9235f9daa10e2613085c4,"[63, 0, 445, 527]",0.441650390625,382,527,winesensed:100746293,1,train
/mnt/SSD/workspace/wine/data/WineSensed/chunk_001/output_images/chunk_001/3ADfPiB0R3GaxD3bQmHCng.jpg,winesensed,3ADfPiB0R3GaxD3bQmHCng.jpg,winesensed:100746293,,100746293,ec4ae7c3cc2264bbcf51b19c,ok,/mnt/SSD/workspace/wine/data/winesensed_embedding/crops/ec/ec4ae7c3cc2264bbcf51b19c.jpg,62a0fb081d4197350e523268e1738ac5a21bee42bbfb2071e4123e1f08b2db57,fb98016b792a715a2c4e54e0fd107d46b6895ed53aec22bd52e98764e94a5a3b,"[11, 11, 463, 636]",0.51953125,452,625,winesensed:100746293,1,train
/mnt/SSD/workspace/wine/data/WineSensed/chunk_002/output_images/chunk_002/5UYbFmJTQhuvJDgOcGXUDA.jpg,winesensed,5UYbFmJTQhuvJDgOcGXUDA.jpg,winesensed:100746293,,100746293,f56f036a46446489bd665408,ok,/mnt/SSD/workspace/wine/data/winesensed_embedding/crops/f5/f56f036a46446489bd665408.jpg,ea00ffc26f4eae038d4e78494b5a1016431e7b2b8d1ee185a5b9114a15b0a664,f41cf0170a0143c4b9af3af716bf2883e9a4ae73e4dbd5cb1c556f567c702e22,"[24, 2, 412, 609]",0.353515625,388,607,winesensed:100746293,1,train
/mnt/SSD/workspace/wine/data/WineSensed/chunk_001/output_images/chunk_001/2gOHMipFTWG3ZP6jFTdwbQ.jpg,winesensed,2gOHMipFTWG3ZP6jFTdwbQ.jpg,winesensed:100746293,,100746293,f69d458980ac6aebd74d94e7,ok,/mnt/SSD/workspace/wine/data/winesensed_embedding/crops/f6/f69d458980ac6aebd74d94e7.jpg,4ecbfd69d1dfd8fd91c396ce925fcf42c17178bca04f964ee9d52102a129dc30,1f44b1b51c17373c2b3c13d9160889b9176736ce3e26427a5a5a575e919b2f43,"[11, 0, 460, 630]",0.56103515625,449,630,winesensed:100746293,1,train
/mnt/SSD/workspace/wine/data/WineSensed/chunk_001/output_images/chunk_001/1APmy57NQgCRkhtZ_pv32w.jpg,winesensed,1APmy57NQgCRkhtZ_pv32w.jpg,winesensed:101484388,,101484388,03846ec5bf9e51ada845f593,ok,/mnt/SSD/workspace/wine/data/winesensed_embedding/crops/03/03846ec5bf9e51ada845f593.jpg,15661b011d49b00b58cebe4bb7e18c5c206ebd4f20582f4fa21c5928f8ea26db,93791555693fe6cc3e04371a84a0a2e63ea492d8cc8e97178582a14d28b93400,"[115, 0, 390, 640]",0.80517578125,275,640,winesensed:101484388,2,train
/mnt/SSD/workspace/wine/data/WineSensed/chunk_002/output_images/chunk_002/5wNTvTc6TO2OMqKqoESz5w.jpg,winesensed,5wNTvTc6TO2OMqKqoESz5w.jpg,winesensed:101484388,,101484388,5dfe89f7869cfc39a5dbfd9e,ok,/mnt/SSD/workspace/wine/data/winesensed_embedding/crops/5d/5dfe89f7869cfc39a5dbfd9e.jpg,fd9b08a2b587fc9d8081fa83134d24c8de6851b58708b000e4446bb5ec42257b,503498ac76647cc37092ff41ba07b6304f6242fb8facdb84606a01e41d7f5a9d,"[0, 3, 455, 630]",0.330322265625,455,627,winesensed:101484388,2,train
/mnt/SSD/workspace/wine/data/WineSensed/chunk_001/output_images/chunk_001/1wx4NbT8TNGZCleUCyYBmw.jpg,winesensed,1wx4NbT8TNGZCleUCyYBmw.jpg,winesensed:101484388,,101484388,607c90a1414702d05bf31126,ok,/mnt/SSD/workspace/wine/data/winesensed_embedding/crops/60/607c90a1414702d05bf31126.jpg,2fd937dce58c5a8c026eaf122b9812383bfb3c0e589d62ad113f6bd5f0426f21,d6a2002decf8b48f1daeed1bdc4cc2960d7713d74d324ccc43b6011a460099fd,"[0, 5, 460, 623]",0.34423828125,460,618,winesensed:101484388,2,train
/mnt/SSD/workspace/wine/data/WineSensed/chunk_001/output_images/chunk_001/2nEUIRovTDWZKU6FZw4C0Q.jpg,winesensed,2nEUIRovTDWZKU6FZw4C0Q.jpg,winesensed:101484388,,101484388,6cb141fda9e37b000b5a0a00,ok,/mnt/SSD/workspace/wine/data/winesensed_embedding/crops/6c/6cb141fda9e37b000b5a0a00.jpg,5bc33b30bb0dc865792f58bf6c2beb152a70b8c435341ca2822d7b11db7673d8,a988f37a0856e541b128f58bf5e0d353dede2b72c34ce52f446370ac0de0ada7,"[53, 0, 387, 607]",0.88330078125,334,607,winesensed:101484388,2,train
/mnt/SSD/workspace/wine/data/WineSensed/chunk_002/output_images/chunk_002/8Sh3ODD9Sfm9atnzqCgSjA.jpg,winesensed,8Sh3ODD9Sfm9atnzqCgSjA.jpg,winesensed:101484388,,101484388,8d7ef7fc4ffcb8b59a870f45,ok,/mnt/SSD/workspace/wine/data/winesensed_embedding/crops/8d/8d7ef7fc4ffcb8b59a870f45.jpg,eeff18e1e6b92497fa3dd43fe80344dc7b02db3a2630e78d7070b4df2da3a8d0,b195569e85b144dcfaabd7d6bc399c8d06b52a260ee1c7855cac4c93d6d72a10,"[0, 0, 396, 612]",0.7548828125,396,612,winesensed:101484388,2,train
/mnt/SSD/workspace/wine/data/WineSensed/chunk_002/output_images/chunk_002/5ZjkrCEISn2OFCtFx6cPnQ.jpg,winesensed,5ZjkrCEISn2OFCtFx6cPnQ.jpg,winesensed:101484388,,101484388,957be410d9f965a704271ff7,ok,/mnt/SSD/workspace/wine/data/winesensed_embedding/crops/95/957be410d9f965a704271ff7.jpg,0ecbd19178e2a6cfa5098696b910a25d1308df68729d10538ff7ed7873f4342c,db67dc5f56ff6590c8b7f33749a1d1168c07bcd2d04b0f54a669ddf48875d46d,"[108, 0, 374, 630]",0.369384765625,266,630,winesensed:101484388,2,train
/mnt/SSD/workspace/wine/data/WineSensed/chunk_002/output_images/chunk_002/6Kjn-0UDQUOvpWkkqEcELA.jpg,winesensed,6Kjn-0UDQUOvpWkkqEcELA.jpg,winesensed:101484388,,101484388,9c43afbfef446aee285cfd6b,ok,/mnt/SSD/workspace/wine/data/winesensed_embedding/crops/9c/9c43afbfef446aee285cfd6b.jpg,933a9a9868d8f72fd29cfae57b2881d0a5e703af4ff86009194a2330a025b47d,d36146f88871a71e5d8d42b9d66e712711357f67825d1b63d0471ade8b42e90f,"[51, 0, 403, 570]",0.83984375,352,570,winesensed:101484388,2,train
/mnt/SSD/workspace/wine/data/WineSensed/chunk_002/output_images/chunk_002/5j0k9wo4THaKXPBdHSzQIw.jpg,winesensed,5j0k9wo4THaKXPBdHSzQIw.jpg,winesensed:101484388,,101484388,a1bb987c6fd2f77d5f21f370,ok,/mnt/SSD/workspace/wine/data/winesensed_embedding/crops/a1/a1bb987c6fd2f77d5f21f370.jpg,6c40967fd8805199b290a93b8ee5f51d6a6fcdfce9780d9d35da115fddeae7c2,1647a91841a2ad55beb056fab76b74359c6279189e4355f12e71d34651e1c229,"[0, 0, 467, 633]",0.6123046875,467,633,winesensed:101484388,2,train
/mnt/SSD/workspace/wine/data/WineSensed/chunk_001/output_images/chunk_001/0sLCTGdURb-2LrZeilRc0Q.jpg,winesensed,0sLCTGdURb-2LrZeilRc0Q.jpg,winesensed:101484388,,101484388,a759ede749078306c7f50157,ok,/mnt/SSD/workspace/wine/data/winesensed_embedding/crops/a7/a759ede749078306c7f50157.jpg,a4f9a7636029b30c949b93512b8c4fc398cf65adedccdacf179922dac1fb3d43,c8a8ce4e97d67c5e958c437e052ede9495dc48eef921179971d68c18de1fe5b4,"[0, 10, 441, 636]",0.6884765625,441,626,winesensed:101484388,2,train
/mnt/SSD/workspace/wine/data/WineSensed/chunk_001/output_images/chunk_001/1smZhaRPRh2hH-quiPJYRg.jpg,winesensed,1smZhaRPRh2hH-quiPJYRg.jpg,winesensed:101484388,,101484388,bdf0985bcb5e7b340d288ce1,ok,/mnt/SSD/workspace/wine/data/winesensed_embedding/crops/bd/bdf0985bcb5e7b340d288ce1.jpg,d11ce0fbf317a8f169d35bc20a65353461df2f0ae33232342309e439a29a8403,f435e3f777c1d726d2e3aa59192918bfaf2bf1a6e3c2029f97407c5478daace6,"[43, 0, 442, 640]",0.8603515625,399,640,winesensed:101484388,2,train
/mnt/SSD/workspace/wine/data/WineSensed/chunk_002/output_images/chunk_002/7ArtQourRp-nnzoILeSwZA.jpg,winesensed,7ArtQourRp-nnzoILeSwZA.jpg,winesensed:101484388,,101484388,c0b63a6c7aabede303b09a78,ok,/mnt/SSD/workspace/wine/data/winesensed_embedding/crops/c0/c0b63a6c7aabede303b09a78.jpg,2a809799eaa9ea0d01a01aa6aae95c1736f3dc01bb20b9bc05e50c05b92133c5,c1e7f40beec772eeaea897e3ad6e14642de3bfee0c3d6c567d5f31b0e025be9c,"[12, 0, 477, 621]",0.533203125,465,621,winesensed:101484388,2,train
/mnt/SSD/workspace/wine/data/WineSensed/chunk_001/output_images/chunk_001/-qm-aFF2QjyrdCAGgFrbIg.jpg,winesensed,-qm-aFF2QjyrdCAGgFrbIg.jpg,winesensed:101484388,,101484388,e80876429786f90ebf3e3f02,ok,/mnt/SSD/workspace/wine/data/winesensed_embedding/crops/e8/e80876429786f90ebf3e3f02.jpg,4a697e678f12d987dfca9c02293abae91f4c645091c34129c961728f3c17c307,49b3682fa32b10322784fcb6b2d2f01e9d2c66ef8f7ff34f4c10865211d46838,"[16, 0, 376, 630]",0.81396484375,360,630,winesensed:101484388,2,train
/mnt/SSD/workspace/wine/data/WineSensed/chunk_001/output_images/chunk_001/0ip-Gk2NTVymafG9ijteMA.jpg,winesensed,0ip-Gk2NTVymafG9ijteMA.jpg,winesensed:102614474,,102614474,1f6a9a9bf0d36d77ff2ed883,ok,/mnt/SSD/workspace/wine/data/winesensed_embedding/crops/1f/1f6a9a9bf0d36d77ff2ed883.jpg,c7f8bcb79e6690cd050074f639677a6215384fe57e60dba9409c1e4f91e30cc2,ae3d6597f4dcc14f565be3d84b2271f329055487a752edcce83936b1bb1553cc,"[93, 0, 383, 637]",0.76220703125,290,637,winesensed:102614474,3,train
/mnt/SSD/workspace/wine/data/WineSensed/chunk_001/output_images/chunk_001/1sgTytYQSC-j3gBYrpHmVQ.jpg,winesensed,1sgTytYQSC-j3gBYrpHmVQ.jpg,winesensed:102614474,,102614474,212c0eff09193e3334ffd61a,ok,/mnt/SSD/workspace/wine/data/winesensed_embedding/crops/21/212c0eff09193e3334ffd61a.jpg,beed0ef817a055b762576aa6bcf5650085ca9f0d23201a8b6aba9fb93e7b4099,782c0fdbb9005261d4a633b03d0049480f6d818f2449148dd583421747e50474,"[143, 4, 348, 582]",0.89404296875,205,578,winesensed:102614474,3,train
/mnt/SSD/workspace/wine/data/WineSensed/chunk_002/output_images/chunk_002/8VWG7N6oTa2ze8iw57MuSQ.jpg,winesensed,8VWG7N6oTa2ze8iw57MuSQ.jpg,winesensed:102614474,,102614474,2ca28ef07e3e80c69200aeed,ok,/mnt/SSD/workspace/wine/data/winesensed_embedding/crops/2c/2ca28ef07e3e80c69200aeed.jpg,d83338148c8b936a6e5c45aa5b67a8da8c42fd6b940d4eade8417402ca02c7e0,c51f9a6946580f34f05e700d9b6c6d0f54ff09605097c95b7180e4bd9077d3c6,"[123, 0, 409, 640]",0.791015625,286,640,winesensed:102614474,3,train
/mnt/SSD/workspace/wine/data/WineSensed/chunk_001/output_images/chunk_001/-FrkQDTSTA2Smwgql53rzA.jpg,winesensed,-FrkQDTSTA2Smwgql53rzA.jpg,winesensed:102614474,,102614474,3e2b211643f01318c232bbfe,ok,/mnt/SSD/workspace/wine/data/winesensed_embedding/crops/3e/3e2b211643f01318c232bbfe.jpg,7b5ffb27003da98c1f9d664a833863eebec2a3cc12d4f28799ff9942e033db28,6f779eae57bafc3da68834163398cf991af36c2496103063271840f7b2fedd1c,"[19, 0, 377, 637]",0.360595703125,358,637,winesensed:102614474,3,train
/mnt/SSD/workspace/wine/data/WineSensed/chunk_002/output_images/chunk_002/8bpLdvWzRLSjz-lix5q9IA.jpg,winesensed,8bpLdvWzRLSjz-lix5q9IA.jpg,winesensed:102614474,,102614474,8e9505e30f4d096d92f722bd,ok,/mnt/SSD/workspace/wine/data/winesensed_embedding/crops/8e/8e9505e30f4d096d92f722bd.jpg,2c01c29648d2b88ca9bf174049c780a478c5c59ac5fc1a29610202146f9135dc,7208de230d2731f09c6bbc15b18af75f63f7c33945968e4a0f7506fde21e7984,"[93, 0, 416, 640]",0.57666015625,323,640,winesensed:102614474,3,train
/mnt/SSD/workspace/wine/data/WineSensed/chunk_002/output_images/chunk_002/5p3usNz-S1uqnQCrW9WGKA.jpg,winesensed,5p3usNz-S1uqnQCrW9WGKA.jpg,winesensed:102614474,,102614474,9fa6e9652a6fa84e169d62e7,ok,/mnt/SSD/workspace/wine/data/winesensed_embedding/crops/9f/9fa6e9652a6fa84e169d62e7.jpg,9c6a019da9fdcd262c10c65c415096c64d2ae94562e9724b0d1bcf696d9db187,2db486ce7bed31dfede4b8188a9fa66909eaf0a07397a4fb6d1ca410308af786,"[44, 0, 347, 640]",0.64697265625,303,640,winesensed:102614474,3,train
/mnt/SSD/workspace/wine/data/WineSensed/chunk_001/output_images/chunk_001/2GmFI7hcQK2RKtzUE22QVQ.jpg,winesensed,2GmFI7hcQK2RKtzUE22QVQ.jpg,winesensed:102614474,,102614474,a6e43c49d0d5730a429d8ac4,ok,/mnt/SSD/workspace/wine/data/winesensed_embedding/crops/a6/a6e43c49d0d5730a429d8ac4.jpg,628a05b13591ae2b086570e392f3bc677501395be29e3ec0ee3fa9a7de32a646,d43a3a7f6b32208cb60b962344da943008c5553d13bfad8b7a1ae53d4f18988a,"[64, 0, 358, 581]",0.73583984375,294,581,winesensed:102614474,3,train
/mnt/SSD/workspace/wine/data/WineSensed/chunk_001/output_images/chunk_001/0FoW1fSzSamZjQDXezpsTQ.jpg,winesensed,0FoW1fSzSamZjQDXezpsTQ.jpg,winesensed:102614474,,102614474,cfd4f2d6e24f281822b52d7d,ok,/mnt/SSD/workspace/wine/data/winesensed_embedding/crops/cf/cfd4f2d6e24f281822b52d7d.jpg,e45cd63fe450ced7315bee3168039def9e9a12b1b39195803cb802c88d080711,0b6a457f0949587991ca5fc536c091606a0c62f740c78fbfbb366e17fc0b001b,"[98, 0, 372, 640]",0.6689453125,274,640,winesensed:102614474,3,train
/mnt/SSD/workspace/wine/data/WineSensed/chunk_001/output_images/chunk_001/-s30t0oUTK-ZjbjdPf8qIw.jpg,winesensed,-s30t0oUTK-ZjbjdPf8qIw.jpg,winesensed:102614474,,102614474,d921af0a85528b91e8bddba7,ok,/mnt/SSD/workspace/wine/data/winesensed_embedding/crops/d9/d921af0a85528b91e8bddba7.jpg,f289c93e64fc0ce955c5f211bef54fe39cc7231aaee4f3415bd60046991d42ed,b447e468da81b9e89aaf9e82c92b4ff7af2e27322c299c19f1a3e4887b66be8b,"[30, 0, 423, 640]",0.45703125,393,640,winesensed:102614474,3,train
/mnt/SSD/workspace/wine/data/WineSensed/chunk_002/output_images/chunk_002/5MdxHr87Q8apNchX6DL04w.jpg,winesensed,5MdxHr87Q8apNchX6DL04w.jpg,winesensed:102614474,,102614474,de8d70328e309a4b27d5e474,ok,/mnt/SSD/workspace/wine/data/winesensed_embedding/crops/de/de8d70328e309a4b27d5e474.jpg,82c20c877392b3e6753d63d477ccbb5e87f3245c4a99f04c8185b52c9d5def20,b693e1416c087f0a52d2ec0b2a545ea5383088985b57e2f9d7fb6342bc87db97,"[89, 0, 388, 640]",0.8466796875,299,640,winesensed:102614474,3,train
/mnt/SSD/workspace/wine/data/WineSensed/chunk_001/output_images/chunk_001/1juio5fdQzaPlGICi1etAg.jpg,winesensed,1juio5fdQzaPlGICi1etAg.jpg,winesensed:102614474,,102614474,f922d459c1dca5a5fb15d043,ok,/mnt/SSD/workspace/wine/data/winesensed_embedding/crops/f9/f922d459c1dca5a5fb15d043.jpg,4d2b19167ac2ae5ba5b0eb2a7421ece3609a6ba6c52300323fc51ea7cb7e7962,37057b672ad529a0d0c17094583f5d07a06eecd796bb13db4b03a1088f9c34e2,"[86, 0, 422, 640]",0.6669921875,336,640,winesensed:102614474,3,train
/mnt/SSD/workspace/wine/data/WineSensed/chunk_002/output_images/chunk_002/884SM5A2TsuXmn7y8XvyCw.jpg,winesensed,884SM5A2TsuXmn7y8XvyCw.jpg,winesensed:102614474,,102614474,fa12be94bfb6d43d1a4bea40,ok,/mnt/SSD/workspace/wine/data/winesensed_embedding/crops/fa/fa12be94bfb6d43d1a4bea40.jpg,ca5b0497f49a03378238ee41f694f90c94f6513502a9fb3e84ec4ceb215d862b,a9ddc71c91abff80918e3e047050441ffa626a34558c2220eb6be8d5058ee93c,"[69, 0, 400, 631]",0.4833984375,331,631,winesensed:102614474,3,train
/mnt/SSD/workspace/wine/data/WineSensed/chunk_001/output_images/chunk_001/1ykpEYxySbm5pfsepgZKZA.jpg,winesensed,1ykpEYxySbm5pfsepgZKZA.jpg,winesensed:1165581,,1165581,042f2d733578881534203cdf,ok,/mnt/SSD/workspace/wine/data/winesensed_embedding/crops/04/042f2d733578881534203cdf.jpg,f2430c401417bf713c2085624545d1f317c57ebc2f8a999ae01abd5212b1ac83,a51e320b64820d33b7c2d128260f8abe99167ea6c47f24b38c912d9531cf6b73,"[106, 14, 410, 640]",0.6806640625,304,626,winesensed:1165581,4,train
/mnt/SSD/workspace/wine/data/WineSensed/chunk_001/output_images/chunk_001/-0TymiodS8aFO8l3e2FhJQ.jpg,winesensed,-0TymiodS8aFO8l3e2FhJQ.jpg,winesensed:1165581,,1165581,2ae34beb32ad6b48de97e7a0,ok,/mnt/SSD/workspace/wine/data/winesensed_embedding/crops/2a/2ae34beb32ad6b48de97e7a0.jpg,b1441ac99b48d886e58b6c7cb605605b774ec6552e6f4379af883ab61a922cc4,552bc898844d7dd183f63d57264f6fbb7b38d4eab61bb2cb310053990cbab8b1,"[60, 8, 434, 629]",0.35302734375,374,621,winesensed:1165581,4,train
/mnt/SSD/workspace/wine/data/WineSensed/chunk_001/output_images/chunk_001/2vX9OUCCRcKzcSb8_Olwog.jpg,winesensed,2vX9OUCCRcKzcSb8_Olwog.jpg,winesensed:1165581,,1165581,2f3846a1e6db9dced2c543b8,ok,/mnt/SSD/workspace/wine/data/winesensed_embedding/crops/2f/2f3846a1e6db9dced2c543b8.jpg,598cfbc0fa56f39fd4eddec40d32f459e953e3ff2a5883dc398ecc9399c7c82b,f96084eca793fc9028b0aa69453aee188509eb72cf07d4d81527fdd9af169d10,"[34, 11, 406, 636]",0.33544921875,372,625,winesensed:1165581,4,train
/mnt/SSD/workspace/wine/data/WineSensed/chunk_001/output_images/chunk_001/4msypVIZRbydqCZj-QOegA.jpg,winesensed,4msypVIZRbydqCZj-QOegA.jpg,winesensed:1165581,,1165581,5323fb4d3d43afe0f7a89a23,ok,/mnt/SSD/workspace/wine/data/winesensed_embedding/crops/53/5323fb4d3d43afe0f7a89a23.jpg,52f16e32035c249ddf2fcc4df5f17932b5d3811fe501dbc5b63b42ff9d36e826,2ca946547a1b95a1e8989cc818dcc5b318c91607397056cd4f1c3c31ceaafb97,"[90, 0, 410, 640]",0.78857421875,320,640,winesensed:1165581,4,train
/mnt/SSD/workspace/wine/data/WineSensed/chunk_002/output_images/chunk_002/6mzeRYtsQnSDFakFgjVQig.jpg,winesensed,6mzeRYtsQnSDFakFgjVQig.jpg,winesensed:1165581,,1165581,5382828a074628c8baf753be,ok,/mnt/SSD/workspace/wine/data/winesensed_embedding/crops/53/5382828a074628c8baf753be.jpg,c8e2cb86248c1ac41b35fd58b75b961c82c06d6de6ddf8366062bcf777c22b19,14e6d82d80339b4217bf84548bf2629f8ea1c204d67e9da245519c6418153a7a,"[76, 4, 409, 631]",0.56787109375,333,627,winesensed:1165581,4,train
/mnt/SSD/workspace/wine/data/WineSensed/chunk_001/output_images/chunk_001/-eCEuKr1Qq-0poVhmA1Eyg.jpg,winesensed,-eCEuKr1Qq-0poVhmA1Eyg.jpg,winesensed:1165581,,1165581,576dfa168a1e3b0950150fb6,ok,/mnt/SSD/workspace/wine/data/winesensed_embedding/crops/57/576dfa168a1e3b0950150fb6.jpg,28ca0b9846a94e5e8386c0191f558e2a3634ed373825d138704213ce80bc416c,7ca1018827f2bf7f86eb6f9a2bd0739ec2c5a8aafedb11ff8691718939bb47e6,"[63, 0, 335, 640]",0.7265625,272,640,winesensed:1165581,4,train
/mnt/SSD/workspace/wine/data/WineSensed/chunk_002/output_images/chunk_002/7k2HgBCmRg6Xn_jHXNcFOw.jpg,winesensed,7k2HgBCmRg6Xn_jHXNcFOw.jpg,winesensed:1165581,,1165581,8310affcc02f1a611228a270,ok,/mnt/SSD/workspace/wine/data/winesensed_embedding/crops/83/8310affcc02f1a611228a270.jpg,3d4d6f291ce9ae8117cd282bf48f789571fd8f7c00ab6bdb0eba741742f316bd,a245293d62964ae3533a01a2268e276775e6258aabebac15866b5dc25e707836,"[60, 24, 403, 625]",0.304931640625,343,601,winesensed:1165581,4,train
/mnt/SSD/workspace/wine/data/WineSensed/chunk_002/output_images/chunk_002/7AGhi8_WQq2HYmnmW9mTQA.jpg,winesensed,7AGhi8_WQq2HYmnmW9mTQA.jpg,winesensed:1165581,,1165581,8b4bd22ba84cfed14b09a778,ok,/mnt/SSD/workspace/wine/data/winesensed_embedding/crops/8b/8b4bd22ba84cfed14b09a778.jpg,8f3e5ec4491e5901fc8ad58bd5b7a64717e7fd352c28988780bd87bae47225c2,7c7005f37d781a7d39f7c1ba295917b208f47b91f6255468e6d1499dd8fcdf07,"[49, 10, 415, 615]",0.341064453125,366,605,winesensed:1165581,4,train
/mnt/SSD/workspace/wine/data/WineSensed/chunk_001/output_images/chunk_001/2m-MjgSBTvmJ9mpXgkkm_A.jpg,winesensed,2m-MjgSBTvmJ9mpXgkkm_A.jpg,winesensed:1165581,,1165581,d34122e03475ada1b2641850,ok,/mnt/SSD/workspace/wine/data/winesensed_embedding/crops/d3/d34122e03475ada1b2641850.jpg,ac20070e4194b41cf494e3c1fcb7f26c85ae6db584cdab3851a4a42795bada1f,214642c0c144adbdebf288eea3270f834142d68854dbc4092eb3d078f80eb678,"[53, 17, 386, 623]",0.259033203125,333,606,winesensed:1165581,4,train
/mnt/SSD/workspace/wine/data/WineSensed/chunk_002/output_images/chunk_002/5Js2zh4hQmqnecaJpfj_XQ.jpg,winesensed,5Js2zh4hQmqnecaJpfj_XQ.jpg,winesensed:1165581,,1165581,e1a6e033b8da46f8a4128696,ok,/mnt/SSD/workspace/wine/data/winesensed_embedding/crops/e1/e1a6e033b8da46f8a4128696.jpg,7f759080a8fff474905d099526fc6ba18292ebd786723accf702682053f2596e,7b4652f9327109584af4216b62864c2759348a22548ea6593568a179a393b0bb,"[71, 0, 425, 640]",0.63720703125,354,640,winesensed:1165581,4,train
/mnt/SSD/workspace/wine/data/WineSensed/chunk_002/output_images/chunk_002/5seMZ1giSBOBRRIhc3Jybg.jpg,winesensed,5seMZ1giSBOBRRIhc3Jybg.jpg,winesensed:1165581,,1165581,ed96f57a5dd63debba3d8b7c,ok,/mnt/SSD/workspace/wine/data/winesensed_embedding/crops/ed/ed96f57a5dd63debba3d8b7c.jpg,e84481fa01667459d194428fec654d22dfc19c6f1e0dbabf76e78360f7c574a1,ed60c3ad9db70a3db320125ffdec1f6b9b3aa9a0f724f38169d73bd8139cef67,"[67, 21, 400, 634]",0.25732421875,333,613,winesensed:1165581,4,train
/mnt/SSD/workspace/wine/data/WineSensed/chunk_002/output_images/chunk_002/7OZXAe_8Rdq0oeuWPImHuw.jpg,winesensed,7OZXAe_8Rdq0oeuWPImHuw.jpg,winesensed:1165581,,1165581,edcad0328d847d16e34fb748,ok,/mnt/SSD/workspace/wine/data/winesensed_embedding/crops/ed/edcad0328d847d16e34fb748.jpg,170f16e6404f0481cb97ff8c89d1b25bb044c98101c6ff39be4f63ca63725560,d15aeb8f42e64b8910438a29ccc54ebae9353b13c41399cc7581dc0849a7541a,"[195, 0, 464, 638]",0.7568359375,269,638,winesensed:1165581,4,train
/mnt/SSD/workspace/wine/data/WineSensed/chunk_002/output_images/chunk_002/6GqOIAASTluz8Oxl7NYQvg.jpg,winesensed,6GqOIAASTluz8Oxl7NYQvg.jpg,winesensed:116869597,,116869597,002ea96fbd753347098efaf6,ok,/mnt/SSD/workspace/wine/data/winesensed_embedding/crops/00/002ea96fbd753347098efaf6.jpg,a7e73ebc31948cd8b83e63b504658c644a9590439068838fd0e713c25b6fc734,fbfd4dd2c9951fd35ba0b39ef7246b89240a7e914329d13355cfcd9c78d6ed29,"[23, 3, 479, 640]",0.529296875,456,637,winesensed:116869597,5,train
/mnt/SSD/workspace/wine/data/WineSensed/chunk_002/output_images/chunk_002/6TFePCfsSpusdgH1K3UJwQ.jpg,winesensed,6TFePCfsSpusdgH1K3UJwQ.jpg,winesensed:116869597,,116869597,03873b72be8ae7106b1849ea,ok,/mnt/SSD/workspace/wine/data/winesensed_embedding/crops/03/03873b72be8ae7106b1849ea.jpg,7c0fdfd242bf22cfc6f4e4895b7404f86d753a60766c265eb2ed67b7f7a66457,8a05bbc932652ddd6369308a8fdbef22472991e91dfde33f8af20802afdd8e9a,"[39, 1, 480, 635]",0.5478515625,441,634,winesensed:116869597,5,train
/mnt/SSD/workspace/wine/data/WineSensed/chunk_001/output_images/chunk_001/3ZlgLEmbTxa2_I0_y3yfow.jpg,winesensed,3ZlgLEmbTxa2_I0_y3yfow.jpg,winesensed:116869597,,116869597,22132194bb2491708f96a463,ok,/mnt/SSD/workspace/wine/data/winesensed_embedding/crops/22/22132194bb2491708f96a463.jpg,2d72694c121b1b31d71dac1c8fbdfdd3d68e4dec0de9e0a668135d2641008ee7,d52fd8c6b06c1732ddce4eb142eb8386a13f9d0a4466e22002725afdb3db18b7,"[47, 2, 435, 634]",0.7373046875,388,632,winesensed:116869597,5,train
/mnt/SSD/workspace/wine/data/WineSensed/chunk_001/output_images/chunk_001/1Xas1k0VQPqCs0pTl4yDCw.jpg,winesensed,1Xas1k0VQPqCs0pTl4yDCw.jpg,winesensed:116869597,,116869597,381f39021ae715f97f2f94c0,ok,/mnt/SSD/workspace/wine/data/winesensed_embedding/crops/38/381f39021ae715f97f2f94c0.jpg,f964a3e83342fd3ca709b013f579a61dc9a206d1ccc9fc159b7d1ac1e85a45e9,b8eb16aab0d7304af625e9c46fde9f9e70d5cec9053923a4cf6d345c595d8a18,"[104, 1, 371, 640]",0.61962890625,267,639,winesensed:116869597,5,train
/mnt/SSD/workspace/wine/data/WineSensed/chunk_001/output_images/chunk_001/4NYqLBskSOmKVEpg09tGWw.jpg,winesensed,4NYqLBskSOmKVEpg09tGWw.jpg,winesensed:116869597,,116869597,49754896162403985f85cded,ok,/mnt/SSD/workspace/wine/data/winesensed_embedding/crops/49/49754896162403985f85cded.jpg,9cfc08d630d1807940841399a88c62e36825999af4d2ad153f9f11b0ad88b402,8f19a76cf8798778ae767aeaf381cadcce07ce1887b75f76fd42dd1fa54c16c4,"[27, 0, 456, 640]",0.75439453125,429,640,winesensed:116869597,5,train
/mnt/SSD/workspace/wine/data/WineSensed/chunk_001/output_images/chunk_001/-OAflzwETy-f-fJXuWT1hQ.jpg,winesensed,-OAflzwETy-f-fJXuWT1hQ.jpg,winesensed:116869597,,116869597,58e5c55e9ee9332eb98abbad,ok,/mnt/SSD/workspace/wine/data/winesensed_embedding/crops/58/58e5c55e9ee9332eb98abbad.jpg,0aafb505738f9be08e6a93c730b288cf665173e755fad84f7cc764f4f92e565a,3f48bf2ca1c68fcf2b6319566fb0325aa80ccf3daf0104a100364c0813f6e3dc,"[0, 1, 113, 621]",0.67919921875,113,620,winesensed:116869597,5,train
/mnt/SSD/workspace/wine/data/WineSensed/chunk_001/output_images/chunk_001/2sM4n-jjSY6kWXRILf_-5w.jpg,winesensed,2sM4n-jjSY6kWXRILf_-5w.jpg,winesensed:116869597,,116869597,5d97190e129358f7f7890835,ok,/mnt/SSD/workspace/wine/data/winesensed_embedding/crops/5d/5d97190e129358f7f7890835.jpg,b12677047a8cb99e6a655a4145410ad5a37e2e1245dae3f4a003f7899dfc601c,524abe641a0a31f3a6685f9cb8fad93d3ceb4c1f832bee8583b3bee431f4c1be,"[75, 0, 418, 640]",0.78076171875,343,640,winesensed:116869597,5,train
/mnt/SSD/workspace/wine/data/WineSensed/chunk_001/output_images/chunk_001/0jX90Q84SoGGvfvEeBPqKQ.jpg,winesensed,0jX90Q84SoGGvfvEeBPqKQ.jpg,winesensed:116869597,,116869597,764ecf07fd4697b44b8b7c1b,ok,/mnt/SSD/workspace/wine/data/winesensed_embedding/crops/76/764ecf07fd4697b44b8b7c1b.jpg,14d3d0bd911f9147b562ed0a11586d9cf3fce285aa8b7123cb929721a7e86f80,53723f41362dc8d5dc993c2f5452eb8ae8f9d34ddd1d64cb409f69a67fa30ac6,"[41, 2, 412, 640]",0.73388671875,371,638,winesensed:116869597,5,train
/mnt/SSD/workspace/wine/data/WineSensed/chunk_001/output_images/chunk_001/0J1tLGn6SEetB3kXF2-S2g.jpg,winesensed,0J1tLGn6SEetB3kXF2-S2g.jpg,winesensed:116869597,,116869597,97ad89e3fe268af8d89a5196,ok,/mnt/SSD/workspace/wine/data/winesensed_embedding/crops/97/97ad89e3fe268af8d89a5196.jpg,5a398b3e22a7e8c083b66fd2a5e8076dd2d740d1c4b1f6af0a1edcd5e94d982f,2740211e04cbf9a78e70176fe71fe24d5c032c5aba8d785e9905a6320eee54a8,"[41, 7, 443, 640]",0.287841796875,402,633,winesensed:116869597,5,train
/mnt/SSD/workspace/wine/data/WineSensed/chunk_001/output_images/chunk_001/2bUex9IMRJSpmCvkAEax8Q.jpg,winesensed,2bUex9IMRJSpmCvkAEax8Q.jpg,winesensed:116869597,,116869597,adfcfb9e4601b9d0d5e1da11,ok,/mnt/SSD/workspace/wine/data/winesensed_embedding/crops/ad/adfcfb9e4601b9d0d5e1da11.jpg,54a4d51f3b111175d16c4bb1197fb804633e4f161005ec8d73c18cb95a4bef4f,4ef657406aecb708f227fe7aefa58ed95d4bebb8e695511098e10c3d44b41373,"[335, 0, 480, 640]",0.68505859375,145,640,winesensed:116869597,5,train
/mnt/SSD/workspace/wine/data/WineSensed/chunk_001/output_images/chunk_001/37zs5zIoR_a5HVwWouo7Hg.jpg,winesensed,37zs5zIoR_a5HVwWouo7Hg.jpg,winesensed:116869597,,116869597,d7fc3f05148f1442e6ecd1d9,ok,/mnt/SSD/workspace/wine/data/winesensed_embedding/crops/d7/d7fc3f05148f1442e6ecd1d9.jpg,a996fa84050da98d6f3ba59bdb3feef1986d7bfe0f7334b45c41460378dfc7e5,e95f97bbea90c25970c86ae9f013bfda2db48902f1611ab7f5ff6891a0047662,"[72, 0, 405, 640]",0.67333984375,333,640,winesensed:116869597,5,train
/mnt/SSD/workspace/wine/data/WineSensed/chunk_001/output_images/chunk_001/1qmGc4C5T4ea4qAhiYnplQ.jpg,winesensed,1qmGc4C5T4ea4qAhiYnplQ.jpg,winesensed:116869597,,116869597,e213160cb4ac2c211dccf8b3,ok,/mnt/SSD/workspace/wine/data/winesensed_embedding/crops/e2/e213160cb4ac2c211dccf8b3.jpg,62346456133efd48157783af9e2739ae84a4eff235dae2e99917abe618839e8a,9e2341b6a313eac7e78ed06da3675d2d5deaa7a52a30927e7bd15b051bef2bae,"[101, 0, 373, 640]",0.841796875,272,640,winesensed:116869597,5,train
/mnt/SSD/workspace/wine/data/WineSensed/chunk_001/output_images/chunk_001/2NQd2yVcRDaB9fqifwcF9A.jpg,winesensed,2NQd2yVcRDaB9fqifwcF9A.jpg,winesensed:116905336,,116905336,03651d65225e9017a9066251,ok,/mnt/SSD/workspace/wine/data/winesensed_embedding/crops/03/03651d65225e9017a9066251.jpg,8539d709f030f89af98ea6a67e182637cbafeec91857f02e39a58c38df4d5187,fa4e11c193d444bd2c5ef0150a6bc26f40dd37382eb614f7c7961951cda6c1dc,"[90, 0, 395, 640]",0.71923828125,305,640,winesensed:116905336,6,train
/mnt/SSD/workspace/wine/data/WineSensed/chunk_001/output_images/chunk_001/-XA9i33GRhqdOfyL0DY05A.jpg,winesensed,-XA9i33GRhqdOfyL0DY05A.jpg,winesensed:116905336,,116905336,060af33c439e63fe0d1faad6,ok,/mnt/SSD/workspace/wine/data/winesensed_embedding/crops/06/060af33c439e63fe0d1faad6.jpg,b6fae652dac71bd6b0e37ae1a0c2a9576e63a12409e3b71cd1e3259a131c330d,93e55430401da099d96e8e2c1601a839cea997a3495b2469f50100ea623420c3,"[32, 0, 406, 640]",0.5908203125,374,640,winesensed:116905336,6,train
/mnt/SSD/workspace/wine/data/WineSensed/chunk_002/output_images/chunk_002/7TJFVxW7SvGQeJzw5_TJGQ.jpg,winesensed,7TJFVxW7SvGQeJzw5_TJGQ.jpg,winesensed:116905336,,116905336,2ccc4f783b4cf55cfc496653,ok,/mnt/SSD/workspace/wine/data/winesensed_embedding/crops/2c/2ccc4f783b4cf55cfc496653.jpg,22466e22e76d3a8dc65a9305b3797842b7dba20faa589a9f5843171ae12de2e8,259a5acce82280a5cb385e06ad0dd4d8ff93cb28a229ce59f1b6e86be7e3931d,"[48, 2, 430, 626]",0.281005859375,382,624,winesensed:116905336,6,train
/mnt/SSD/workspace/wine/data/WineSensed/chunk_001/output_images/chunk_001/5C-TUv-5SmSPaKIGS-ruZQ.jpg,winesensed,5C-TUv-5SmSPaKIGS-ruZQ.jpg,winesensed:116905336,,116905336,46aed6007f057f1695fef04a,ok,/mnt/SSD/workspace/wine/data/winesensed_embedding/crops/46/46aed6007f057f1695fef04a.jpg,441402c3d8fef93ab3d8549a856413953842b8466a1dca18bdc5f665a7462891,8781a7d76e257b71e6efc46d848b8cf948b69bec82841b90c0d604bef1e5448d,"[98, 0, 421, 640]",0.37158203125,323,640,winesensed:116905336,6,train
/mnt/SSD/workspace/wine/data/WineSensed/chunk_002/output_images/chunk_002/8HWR3JaQR4iqrFGovSg_qQ.jpg,winesensed,8HWR3JaQR4iqrFGovSg_qQ.jpg,winesensed:116905336,,116905336,4cd011bad88db61b34d27b6f,ok,/mnt/SSD/workspace/wine/data/winesensed_embedding/crops/4c/4cd011bad88db61b34d27b6f.jpg,83087e44fc06f6f5e3c8214cc977547501252501b7c5bd9a2e20fca19f314d45,99279961ef8ee5c0675e36624b88b558e7f05a583f1cf34abb0fd6387e319985,"[74, 0, 410, 640]",0.478515625,336,640,winesensed:116905336,6,train
/mnt/SSD/workspace/wine/data/WineSensed/chunk_001/output_images/chunk_001/1x1LpVjZS-eE2DdjTopSGg.jpg,winesensed,1x1LpVjZS-eE2DdjTopSGg.jpg,winesensed:116905336,,116905336,58a4509fea9a21353ea9c540,ok,/mnt/SSD/workspace/wine/data/winesensed_embedding/crops/58/58a4509fea9a21353ea9c540.jpg,ece88fd2a5e13fb0672352faa2914f5e76cbc7377911eb513dc2a087f55ebbf1,8e47479feaf45f5fa33d99efe8f0146adf45b2baaa669cca67110f233073e55c,"[36, 6, 409, 635]",0.3203125,373,629,winesensed:116905336,6,train
/mnt/SSD/workspace/wine/data/WineSensed/chunk_001/output_images/chunk_001/0bJYQ0ClTgKrh3QC34DYuA.jpg,winesensed,0bJYQ0ClTgKrh3QC34DYuA.jpg,winesensed:116905336,,116905336,5ef95db9b35dff8b525cd006,ok,/mnt/SSD/workspace/wine/data/winesensed_embedding/crops/5e/5ef95db9b35dff8b525cd006.jpg,a0404895b1ed625397d9f753f3f2349f86de9e266b9af96d8aff29d8ecb58fbd,3dc95f04069882bc7aa7a29b5b13a22a6ea8b08ac1f0c66df34f00073806da6f,"[43, 0, 447, 639]",0.607421875,404,639,winesensed:116905336,6,train
/mnt/SSD/workspace/wine/data/WineSensed/chunk_002/output_images/chunk_002/77So6iHeSpqCEHQfJwxCmg.jpg,winesensed,77So6iHeSpqCEHQfJwxCmg.jpg,winesensed:116905336,,116905336,ac5df28da7c15859c30a032e,ok,/mnt/SSD/workspace/wine/data/winesensed_embedding/crops/ac/ac5df28da7c15859c30a032e.jpg,ec1e2de2e4c5e0a20f7acb7e55cd3a7304914d16e851255dd02a3f3f60c60a54,4ace8642fb4764bd508242568910ff6d0e39b12d53cb10a818f4adc585b13f29,"[44, 0, 344, 638]",0.4130859375,300,638,winesensed:116905336,6,train
/mnt/SSD/workspace/wine/data/WineSensed/chunk_001/output_images/chunk_001/2WFW_PEGTMiOdZfgIFns-Q.jpg,winesensed,2WFW_PEGTMiOdZfgIFns-Q.jpg,winesensed:116905336,,116905336,b29bfddc0d9c77c4664d5f73,ok,/mnt/SSD/workspace/wine/data/winesensed_embedding/crops/b2/b29bfddc0d9c77c4664d5f73.jpg,c5799cb5bffbedc13207eaf78889b77f8301879fe0c500858e9f4959921d2dd6,2b61b3ba39090a201b5a01338521245d732fc3d8bf58759634da9b1a9f45fc8d,"[58, 0, 404, 636]",0.4931640625,346,636,winesensed:116905336,6,train
/mnt/SSD/workspace/wine/data/WineSensed/chunk_001/output_images/chunk_001/-8xCasFKTme1g9Mt1qZRvA.jpg,winesensed,-8xCasFKTme1g9Mt1qZRvA.jpg,winesensed:116905336,,116905336,d59f754546ef103a532c8e83,ok,/mnt/SSD/workspace/wine/data/winesensed_embedding/crops/d5/d59f754546ef103a532c8e83.jpg,0d033cf3f4e5b28b74143fea8e35c8f979e32c1ae25cb9966ed718649f36a419,d306eab64d7368e38025a2d01557d0ababebba49c34b689287b992f49ad10ec6,"[103, 0, 406, 640]",0.6806640625,303,640,winesensed:116905336,6,train
/mnt/SSD/workspace/wine/data/WineSensed/chunk_001/output_images/chunk_001/3rRztaG3S96wc4qbwbJd-g.jpg,winesensed,3rRztaG3S96wc4qbwbJd-g.jpg,winesensed:116905336,,116905336,f9743d5e37ecf0e59060a6bd,ok,/mnt/SSD/workspace/wine/data/winesensed_embedding/crops/f9/f9743d5e37ecf0e59060a6bd.jpg,b3d5c47c52382059cf0b16a61aa716233bacb1221cd903663c0fb03287d45017,e7bdc4c1d60f52a97c39f3df1312d73684bf0abfa097afb4af3095d721d3b0fb,"[99, 0, 371, 640]",0.90185546875,272,640,winesensed:116905336,6,train
/mnt/SSD/workspace/wine/data/WineSensed/chunk_002/output_images/chunk_002/74V2UG_aQLW_33TpUJTkZA.jpg,winesensed,74V2UG_aQLW_33TpUJTkZA.jpg,winesensed:116905336,,116905336,fdc9b6619be6061a68ed2eb1,ok,/mnt/SSD/workspace/wine/data/winesensed_embedding/crops/fd/fdc9b6619be6061a68ed2eb1.jpg,1dd4522d6d53b5e726dee5e927ccc7a674fe72983cbeb843925cc92a3d7fee71,33771356b6a40a3ee9575af8da87f9bcabfcf29687a3e240c8fd41fd1e75d8fe,"[110, 0, 386, 640]",0.61328125,276,640,winesensed:116905336,6,train
/mnt/SSD/workspace/wine/data/WineSensed/chunk_001/output_images/chunk_001/2c4jkyGjRC2e7BrnDeuw-Q.jpg,winesensed,2c4jkyGjRC2e7BrnDeuw-Q.jpg,winesensed:118459303,,118459303,108e816b58bf6ad0d78cf0c2,ok,/mnt/SSD/workspace/wine/data/winesensed_embedding/crops/10/108e816b58bf6ad0d78cf0c2.jpg,6d73ed33ae19a5cbc9395fb8e7b4ae3f2565d747c99f4e286ac18ce7f1b7484b,7b5465e90c90a06a145feaec67d230d577f912d6fb07d08c9c07e2adbbf2e0e4,"[23, 0, 438, 495]",0.445556640625,415,495,winesensed:118459303,7,train
/mnt/SSD/workspace/wine/data/WineSensed/chunk_001/output_images/chunk_001/2OyjG9bISTOBlMW6bsbwdg.jpg,winesensed,2OyjG9bISTOBlMW6bsbwdg.jpg,winesensed:118459303,,118459303,249b75805136fdbe08f12245,ok,/mnt/SSD/workspace/wine/data/winesensed_embedding/crops/24/249b75805136fdbe08f12245.jpg,70356edc6aaa363ab2b33e844494634b9d9bc2a4d3faf2b62c4f4acfc60ddddc,548260a191269856c1eea2f3c4ed8a6350f269350ae4cc64655a55dcf27fe7d9,"[28, 2, 480, 624]",0.7265625,452,622,winesensed:118459303,7,train
/mnt/SSD/workspace/wine/data/WineSensed/chunk_001/output_images/chunk_001/06yls4MISwOds2b6zjLpjQ.jpg,winesensed,06yls4MISwOds2b6zjLpjQ.jpg,winesensed:118459303,,118459303,318f669695e26a7cd549e034,ok,/mnt/SSD/workspace/wine/data/winesensed_embedding/crops/31/318f669695e26a7cd549e034.jpg,c7a4a53bab2654293cfa4692b6a4b366ea9ac808014f00e878c39fa908e08ff6,39dab83de41bf2937c8da184fe0e3c60bc527eb6ed354cdec829655e83251332,"[14, 4, 453, 639]",0.80615234375,439,635,winesensed:118459303,7,train
/mnt/SSD/workspace/wine/data/WineSensed/chunk_001/output_images/chunk_001/4g4PgQ-iShizmvGJ33fqXA.jpg,winesensed,4g4PgQ-iShizmvGJ33fqXA.jpg,winesensed:118459303,,118459303,3a70e5e1fe9bb6755ba28fc0,ok,/mnt/SSD/workspace/wine/data/winesensed_embedding/crops/3a/3a70e5e1fe9bb6755ba28fc0.jpg,911a944a578dd6a77c485cfb6e2bc9cb947eb7fbb2c8f9524744ae5a0bd0b061,5a5ee09a15523117ba0d6d8490fb7b51c844729b0aea5135bf0a4faa347080ca,"[31, 0, 465, 614]",0.442626953125,434,614,winesensed:118459303,7,train
/mnt/SSD/workspace/wine/data/WineSensed/chunk_001/output_images/chunk_001/5EU9VlQlSJakDvXx2E0uIw.jpg,winesensed,5EU9VlQlSJakDvXx2E0uIw.jpg,winesensed:118459303,,118459303,622e534efabde3fb8bf7bd36,ok,/mnt/SSD/workspace/wine/data/winesensed_embedding/crops/62/622e534efabde3fb8bf7bd36.jpg,ebef2a6f4672414587d63eaf7f48499f52fda8ae810971f238c66ec5d09395f1,55166bfce1e101f560bfc01ea2d8b66c2c87995add2462013afd6523230d8795,"[88, 0, 407, 569]",0.337646484375,319,569,winesensed:118459303,7,train
/mnt/SSD/workspace/wine/data/WineSensed/chunk_001/output_images/chunk_001/2UUs1xvxShSAxYm5gh6s3Q.jpg,winesensed,2UUs1xvxShSAxYm5gh6s3Q.jpg,winesensed:118459303,,118459303,6c90ec4ca0c88c1986fb871e,ok,/mnt/SSD/workspace/wine/data/winesensed_embedding/crops/6c/6c90ec4ca0c88c1986fb871e.jpg,1ad0b8c2be360530f596f01d2d64cfb81a304215bb9b2882004ec3823cb211bd,93e0264bc6daaccd31e285ce270429b9a512b094f9c8afdf0858a6a59499dcd2,"[28, 0, 480, 596]",0.716796875,452,596,winesensed:118459303,7,train
/mnt/SSD/workspace/wine/data/WineSensed/chunk_001/output_images/chunk_001/0BD7f3LKSLuZYW2iKB_kYA.jpg,winesensed,0BD7f3LKSLuZYW2iKB_kYA.jpg,winesensed:118459303,,118459303,736f4d623ac9c96d8047a515,ok,/mnt/SSD/workspace/wine/data/winesensed_embedding/crops/73/736f4d623ac9c96d8047a515.jpg,4190f0154e63a2424500d4e654dab7823352144247dc01fe29aa24a12549c1f6,273eee4408b4c96c84b5d683adf291ec00c22b56661b3acb67e239f20ed31f26,"[85, 0, 388, 542]",0.416748046875,303,542,winesensed:118459303,7,train
/mnt/SSD/workspace/wine/data/WineSensed/chunk_001/output_images/chunk_001/26hcacqqQU-epjgLDriLdw.jpg,winesensed,26hcacqqQU-epjgLDriLdw.jpg,winesensed:118459303,,118459303,887a86b1ab41ace2ac862446,ok,/mnt/SSD/workspace/wine/data/winesensed_embedding/crops/88/887a86b1ab41ace2ac862446.jpg,c6abba951dfe361b48fd9ad62ddc142db88f53d4681369ed4f306da489fe37e7,7c86dfbb282b7b4e3eb9a95fa97ce39f6abcaf76a94aeb225565b76c0c108786,"[21, 1, 456, 628]",0.69091796875,435,627,winesensed:118459303,7,train
/mnt/SSD/workspace/wine/data/WineSensed/chunk_001/output_images/chunk_001/2zPWqCqYRkGzSYiU1aAsTA.jpg,winesensed,2zPWqCqYRkGzSYiU1aAsTA.jpg,winesensed:118459303,,118459303,88d0344305cd9fe414e6a08c,ok,/mnt/SSD/workspace/wine/data/winesensed_embedding/crops/88/88d0344305cd9fe414e6a08c.jpg,1030cc7fcf718eabfcf64de9b4f28be64b94796677b623b06c17b81d4834dc05,49d324bbf09a3cfdfb8e5225f0a2ae33e37901effc392ab9df63e56ec429da41,"[61, 0, 460, 635]",0.38720703125,399,635,winesensed:118459303,7,train
/mnt/SSD/workspace/wine/data/WineSensed/chunk_001/output_images/chunk_001/41mnpmWNRSCaB1F1Cch14w.jpg,winesensed,41mnpmWNRSCaB1F1Cch14w.jpg,winesensed:118459303,,118459303,8f7c2a24c4192806020b8267,ok,/mnt/SSD/workspace/wine/data/winesensed_embedding/crops/8f/8f7c2a24c4192806020b8267.jpg,addafd0b234eebb399ccbe65c0c96209b399d564ac3fa2fb07fc73971b59cee6,0463b14806504fb3223219f34fc96e5b677e2d2e60f0d0feb2eb3082c9a877ab,"[3, 0, 469, 627]",0.62890625,466,627,winesensed:118459303,7,train
/mnt/SSD/workspace/wine/data/WineSensed/chunk_002/output_images/chunk_002/7ieMvfvpSpCn_h1L_NWw7w.jpg,winesensed,7ieMvfvpSpCn_h1L_NWw7w.jpg,winesensed:118459303,,118459303,95e3deec11ffe4849b90138e,ok,/mnt/SSD/workspace/wine/data/winesensed_embedding/crops/95/95e3deec11ffe4849b90138e.jpg,3a842f0aa48a2a634ea486e8ff09164c5fadc571dc94f0638c69d4ad41b70c04,ebad764395915d915fa321cc1db20a5b194dcdc175564f4db6eacfce6df88b66,"[75, 0, 418, 590]",0.79296875,343,590,winesensed:118459303,7,train
/mnt/SSD/workspace/wine/data/WineSensed/chunk_002/output_images/chunk_002/8qq7LjPwRB2PDINf86LmAA.jpg,winesensed,8qq7LjPwRB2PDINf86LmAA.jpg,winesensed:118459303,,118459303,aa91a4e925b06da7831c34d2,ok,/mnt/SSD/workspace/wine/data/winesensed_embedding/crops/aa/aa91a4e925b06da7831c34d2.jpg,ccde19c791019c55b7aabcc2c99ea3567ba464fc06fbabf33c075e6a3dd488d5,f81149f1cda01ebb1deee8f8d8dcb61e0b159a8ec12983531066e7c8c33a766c,"[44, 0, 427, 631]",0.79296875,383,631,winesensed:118459303,7,train
/mnt/SSD/workspace/wine/data/WineSensed/chunk_003/output_images/chunk_003/CvKMZH87RTCYZnEuFo9E-w.jpg,winesensed,CvKMZH87RTCYZnEuFo9E-w.jpg,winesensed:1219979,,1219979,0a64ecfa26f13f84f2ac6f3e,ok,/mnt/SSD/workspace/wine/data/winesensed_embedding/crops/0a/0a64ecfa26f13f84f2ac6f3e.jpg,decd0ca66dabb966557257302162ce1585523ef4aebba5954d60b70dd176d0db,bff4e6c1300bdb058f980048a73d09d9ab8d22d6f6676578bc0ed34646163928,"[44, 0, 438, 635]",0.47265625,394,635,winesensed:1219979,8,train
/mnt/SSD/workspace/wine/data/WineSensed/chunk_002/output_images/chunk_002/8oZUEqpbRQCf0JxnGUkZFA.jpg,winesensed,8oZUEqpbRQCf0JxnGUkZFA.jpg,winesensed:1219979,,1219979,47455e217f6f6b45056a8355,ok,/mnt/SSD/workspace/wine/data/winesensed_embedding/crops/47/47455e217f6f6b45056a8355.jpg,64f99180f869d745eaf55764e220c4fb46c83b87e097a47d75060bf8b0cec63f,f9206a2282137770f6a6391e0819d450a45b0f3cc21463a094d797ec03ecd58b,"[56, 0, 374, 625]",0.260498046875,318,625,winesensed:1219979,8,train
/mnt/SSD/workspace/wine/data/WineSensed/chunk_001/output_images/chunk_001/3xP0ZTQuSCaiPmrwBfZi2g.jpg,winesensed,3xP0ZTQuSCaiPmrwBfZi2g.jpg,winesensed:1219979,,1219979,47ae6b8643b0f463b6fe03c8,ok,/mnt/SSD/workspace/wine/data/winesensed_embedding/crops/47/47ae6b8643b0f463b6fe03c8.jpg,411568db5ded0ce28b6b4d0b20525eddf47c76217b7cf31cf68d7cc92aace397,0dbdc5cebf604f49850201c35fd937700756d83217ae73a45636f395398eec00,"[60, 0, 417, 640]",0.56689453125,357,640,winesensed:1219979,8,train
/mnt/SSD/workspace/wine/data/WineSensed/chunk_001/output_images/chunk_001/3-NFq7euS1WLzzJp81wGQw.jpg,winesensed,3-NFq7euS1WLzzJp81wGQw.jpg,winesensed:1219979,,1219979,539d40652394548be74f6d44,ok,/mnt/SSD/workspace/wine/data/winesensed_embedding/crops/53/539d40652394548be74f6d44.jpg,4af934c153846b198e4bf5019a0c272402668ec7b95726d5b4e43fb4ca6a4f98,44704cef0c097cffa8585193477896ecc0994f28e8f477b4236f283eeec75c49,"[21, 24, 426, 634]",0.384521484375,405,610,winesensed:1219979,8,train
/mnt/SSD/workspace/wine/data/WineSensed/chunk_003/output_images/chunk_003/DWl_o9LUTTirXMkp74wO8g.jpg,winesensed,DWl_o9LUTTirXMkp74wO8g.jpg,winesensed:1219979,,1219979,54cb299ffe7d6fae8b72a99e,ok,/mnt/SSD/workspace/wine/data/winesensed_embedding/crops/54/54cb299ffe7d6fae8b72a99e.jpg,b4347b4e15f36f250ee0fe335f445e320c94427cf2b2d532415403eeba542d51,7f7fd251211b418ab94a179852c0887eec6f841580d948d93f57cb238d6a9a5b,"[62, 0, 459, 640]",0.5546875,397,640,winesensed:1219979,8,train
/mnt/SSD/workspace/wine/data/WineSensed/chunk_003/output_images/chunk_003/DczWynxYSNC4CW1Khf7HJA.jpg,winesensed,DczWynxYSNC4CW1Khf7HJA.jpg,winesensed:1219979,,1219979,55780c6cbebe1dc9dcb0e22c,ok,/mnt/SSD/workspace/wine/data/winesensed_embedding/crops/55/55780c6cbebe1dc9dcb0e22c.jpg,5df1503f8107edb2d5bed3e260764dfb2193b5b60f0ca55bfd94a97704821fc7,ce4e3242cd7c896b043b0a2c7e814d5e9f91d796a93153f8fe09210c178ddbe4,"[35, 12, 425, 615]",0.281005859375,390,603,winesensed:1219979,8,train
/mnt/SSD/workspace/wine/data/WineSensed/chunk_002/output_images/chunk_002/9jJCVe-US9WmVi57wG3RuQ.jpg,winesensed,9jJCVe-US9WmVi57wG3RuQ.jpg,winesensed:1219979,,1219979,621e8065e5dc305053431e21,ok,/mnt/SSD/workspace/wine/data/winesensed_embedding/crops/62/621e8065e5dc305053431e21.jpg,9ebd15b80f5796000a7f706f373e2f173ccb51f12f1abec81e8a06d12f07ef59,b05b3d3493b0b2892e5c87d4f9414ee944d4225fec483c70dd2781d6dbebeea0,"[55, 3, 391, 566]",0.360595703125,336,563,winesensed:1219979,8,train
/mnt/SSD/workspace/wine/data/WineSensed/chunk_001/output_images/chunk_001/0EwMgKA7Q46X2-nJv2BXMg.jpg,winesensed,0EwMgKA7Q46X2-nJv2BXMg.jpg,winesensed:1219979,,1219979,771f140b62d17e5020840826,ok,/mnt/SSD/workspace/wine/data/winesensed_embedding/crops/77/771f140b62d17e5020840826.jpg,e45281abbe49195cf74e54cb0fd8cf4e72d69a56cd4e7c68e6d016f82fe42527,a2c85d18852e709285d9f25a2fe1802b96d95d2b7eaa9e0972c6ec4d8a609108,"[0, 0, 399, 617]",0.5029296875,399,617,winesensed:1219979,8,train
/mnt/SSD/workspace/wine/data/WineSensed/chunk_001/output_images/chunk_001/0rrx0QBqQxCshyTm29HRoQ.jpg,winesensed,0rrx0QBqQxCshyTm29HRoQ.jpg,winesensed:1219979,,1219979,b1c12f3a852f90cf133ab766,ok,/mnt/SSD/workspace/wine/data/winesensed_embedding/crops/b1/b1c12f3a852f90cf133ab766.jpg,fbd5ec80d326390a4acf65d2f39624df8cc394d9cd042d8c5c1fe6b8bf7f5186,ddc14f533a8a0f7bb0adc66442cbd7d9ebb9ac2d9e0807a1b22a30a171ad1ff7,"[46, 1, 433, 640]",0.294189453125,387,639,winesensed:1219979,8,train
/mnt/SSD/workspace/wine/data/WineSensed/chunk_002/output_images/chunk_002/8COxmn9VQg6WOIxxGlq1uQ.jpg,winesensed,8COxmn9VQg6WOIxxGlq1uQ.jpg,winesensed:1219979,,1219979,cbfe284abd712bd4499eb32c,ok,/mnt/SSD/workspace/wine/data/winesensed_embedding/crops/cb/cbfe284abd712bd4499eb32c.jpg,f2d0b493e3c3a604646247645c011c48fac97530d77819cb348d88535b6f455a,8f22b453e528f43ff0a892125899708775c11a1621ed4cc648554cb48e71413b,"[57, 0, 369, 616]",0.452392578125,312,616,winesensed:1219979,8,train
/mnt/SSD/workspace/wine/data/WineSensed/chunk_001/output_images/chunk_001/2d83TQvJQXSanMKVjKSE0w.jpg,winesensed,2d83TQvJQXSanMKVjKSE0w.jpg,winesensed:1219979,,1219979,df66df8d12bb7ab33f7f35fa,ok,/mnt/SSD/workspace/wine/data/winesensed_embedding/crops/df/df66df8d12bb7ab33f7f35fa.jpg,8aea5a4853ec3e69607caa0171e09f94b372704fd8fb06dc8ef6274b31e4d17e,2d694c5f82247b0191b881d2773f64c16d1263193aa86ccd7cc87033822edb46,"[74, 0, 419, 640]",0.42724609375,345,640,winesensed:1219979,8,train
/mnt/SSD/workspace/wine/data/WineSensed/chunk_001/output_images/chunk_001/1wKORWEcRdeJ_c8huv94qw.jpg,winesensed,1wKORWEcRdeJ_c8huv94qw.jpg,winesensed:1219979,,1219979,fef4be1c5a1ac6a0dbc6812c,ok,/mnt/SSD/workspace/wine/data/winesensed_embedding/crops/fe/fef4be1c5a1ac6a0dbc6812c.jpg,cec0fd9b0b0f810e3ec0f5f9d02deaac0b5637a2b6a8a0278e4af4afe1315c19,2bcbf21fde618d1e90c72ba81e35d6720fc6f72eef8415f16267d2fdac103cd2,"[97, 0, 379, 611]",0.64794921875,282,611,winesensed:1219979,8,train
/mnt/SSD/workspace/wine/data/WineSensed/chunk_001/output_images/chunk_001/3hLifb6BQz6OqZcPsIfXcw.jpg,winesensed,3hLifb6BQz6OqZcPsIfXcw.jpg,winesensed:125565462,,125565462,1d80bec758ec326f7d881601,ok,/mnt/SSD/workspace/wine/data/winesensed_embedding/crops/1d/1d80bec758ec326f7d881601.jpg,31d352f13038b154696a8242c3accd081a6a29e35fbd295be54aaf370468c3eb,8b15d23426e756408c58312e3479f35f98b00873349e3fd90d48cda176c54e52,"[80, 0, 401, 640]",0.43115234375,321,640,winesensed:125565462,9,train
/mnt/SSD/workspace/wine/data/WineSensed/chunk_001/output_images/chunk_001/2Jfc6lLjQPWTP4crpQ8Gig.jpg,winesensed,2Jfc6lLjQPWTP4crpQ8Gig.jpg,winesensed:125565462,,125565462,3c361e94608ed7e9e5014f39,ok,/mnt/SSD/workspace/wine/data/winesensed_embedding/crops/3c/3c361e94608ed7e9e5014f39.jpg,1d52ec0870a0c24571a1e4bf5a39b526fdcaa61ad83a580af530a5e78b907bb7,37fbc9eff4d01999b6af958b471fc5592b91d5441cf63e16ad844a123a1c1cb1,"[90, 0, 363, 640]",0.82568359375,273,640,winesensed:125565462,9,train
/mnt/SSD/workspace/wine/data/WineSensed/chunk_002/output_images/chunk_002/5rF4JpgISr-S399LA-p3rA.jpg,winesensed,5rF4JpgISr-S399LA-p3rA.jpg,winesensed:125565462,,125565462,6355dbc45615614c32372ff1,ok,/mnt/SSD/workspace/wine/data/winesensed_embedding/crops/63/6355dbc45615614c32372ff1.jpg,158fe18209fa8238446882238414aa562afe56f4b9577f663ccacbd6a6171db2,dae06b31ee5239269999a7254836c3327e2e53b39bea944eed8db3930419f797,"[103, 0, 386, 640]",0.59619140625,283,640,winesensed:125565462,9,train
/mnt/SSD/workspace/wine/data/WineSensed/chunk_001/output_images/chunk_001/3xeWeNbMR9SEE411raWmgg.jpg,winesensed,3xeWeNbMR9SEE411raWmgg.jpg,winesensed:125565462,,125565462,85d858c2f92727656c941e61,ok,/mnt/SSD/workspace/wine/data/winesensed_embedding/crops/85/85d858c2f92727656c941e61.jpg,070ed31e74170ca23c6a3c7559bfc16d48fdb06c0504a2a9dd5b4643d8f63522,01d7915ef74204ac3f509aa46d31b86f9f5ffa7cc9e5dd5a1299f0b64ecfb885,"[101, 0, 396, 640]",0.26171875,295,640,winesensed:125565462,9,train
/mnt/SSD/workspace/wine/data/WineSensed/chunk_002/output_images/chunk_002/8ieI8M6UTJSte4eyO8F86w.jpg,winesensed,8ieI8M6UTJSte4eyO8F86w.jpg,winesensed:125565462,,125565462,8cc0cb70332cc09a0830d129,ok,/mnt/SSD/workspace/wine/data/winesensed_embedding/crops/8c/8cc0cb70332cc09a0830d129.jpg,c26e080145e2568bcca75951bbe1a614fd4915d26fedb04c5f9a7665975ea8ec,effe6759436292b2393f59314160fc0817b7081679c308804d8d8ef6191bebe8,"[37, 1, 364, 625]",0.521484375,327,624,winesensed:125565462,9,train
/mnt/SSD/workspace/wine/data/WineSensed/chunk_002/output_images/chunk_002/8XEJ2DR9TUa_YxHQIogowg.jpg,winesensed,8XEJ2DR9TUa_YxHQIogowg.jpg,winesensed:125565462,,125565462,92676f0e9f3f925127f59490,ok,/mnt/SSD/workspace/wine/data/winesensed_embedding/crops/92/92676f0e9f3f925127f59490.jpg,9866c936a941757fb1e162c6a86a35056e9207f13bc74e2ef41c5fb50c4e22ed,25e30f33ccc0535c60e35b957a2eb000e6e15fad4d86b29d5fe27695c797b265,"[6, 3, 476, 630]",0.450439453125,470,627,winesensed:125565462,9,train
/mnt/SSD/workspace/wine/data/WineSensed/chunk_001/output_images/chunk_001/0ryAgUHDT-uJkP85ZEgBqA.jpg,winesensed,0ryAgUHDT-uJkP85ZEgBqA.jpg,winesensed:125565462,,125565462,9b3e9bf72a602f165af035d3,ok,/mnt/SSD/workspace/wine/data/winesensed_embedding/crops/9b/9b3e9bf72a602f165af035d3.jpg,a18e080cfbc878d96bd111fa47f8e596c1ecbc8a5e6a96e8690d6be880831705,27ea76f57853b86976a14cc400eefaaa5cda36f1cfa3911dff646b0fc2fbbc6d,"[106, 0, 409, 640]",0.478515625,303,640,winesensed:125565462,9,train
/mnt/SSD/workspace/wine/data/WineSensed/chunk_001/output_images/chunk_001/31u_EXY6TJ6eBCa-b_-rHg.jpg,winesensed,31u_EXY6TJ6eBCa-b_-rHg.jpg,winesensed:125565462,,125565462,9b9298d0a0162e206e2ae5c9,ok,/mnt/SSD/workspace/wine/data/winesensed_embedding/crops/9b/9b9298d0a0162e206e2ae5c9.jpg,548447ffea21a3bf48bfe79c21583bbed896a50b2686a9727bbbbd38b739a278,3f845de9fe4159b3063487a9cc05f2fbd7e8a1bf922a441fe4222ce95e4358b4,"[70, 1, 408, 640]",0.338134765625,338,639,winesensed:125565462,9,train
/mnt/SSD/workspace/wine/data/WineSensed/chunk_002/output_images/chunk_002/9tuuINdzTyKExpXKjzUuRA.jpg,winesensed,9tuuINdzTyKExpXKjzUuRA.jpg,winesensed:125565462,,125565462,abe1a4c52d6a3cfa797b147b,ok,/mnt/SSD/workspace/wine/data/winesensed_embedding/crops/ab/abe1a4c52d6a3cfa797b147b.jpg,080464ee7af9c13394565096b9a6b0df892bc6f6a4a0a5fc832dd3438961766f,a14fc821d9f4dd0f757170a7ba1a4a86f53a6c579565f4f06319bd71f59e8bdf,"[42, 0, 413, 640]",0.595703125,371,640,winesensed:125565462,9,train
/mnt/SSD/workspace/wine/data/WineSensed/chunk_002/output_images/chunk_002/5oqqTe27QaubjAvdYlOylQ.jpg,winesensed,5oqqTe27QaubjAvdYlOylQ.jpg,winesensed:125565462,,125565462,aecc30820affdc3ca01ea6de,ok,/mnt/SSD/workspace/wine/data/winesensed_embedding/crops/ae/aecc30820affdc3ca01ea6de.jpg,3b44e3f7a10f689009b1485a8fef5213b90535e5622198ccdf94f518b59cef33,396a9e312c1166ec07dee29fc448a548cbdcd0a8b93d9b38b5427a857c7f0e60,"[45, 0, 412, 640]",0.5517578125,367,640,winesensed:125565462,9,train
/mnt/SSD/workspace/wine/data/WineSensed/chunk_002/output_images/chunk_002/6QHiFdnUQEe-tsxi5IG7ng.jpg,winesensed,6QHiFdnUQEe-tsxi5IG7ng.jpg,winesensed:125565462,,125565462,c9f50894ef3c88d3c72f0f87,ok,/mnt/SSD/workspace/wine/data/winesensed_embedding/crops/c9/c9f50894ef3c88d3c72f0f87.jpg,f39248304182f6203e283862618a9b86571ccc9bc3d4f4b5727a7ac7f41ee065,ad5fcf9e10b07852351881ae31eee08de7bf9714ac68afc04ad8eb5850fe1f8f,"[44, 0, 393, 635]",0.61767578125,349,635,winesensed:125565462,9,train
/mnt/SSD/workspace/wine/data/WineSensed/chunk_001/output_images/chunk_001/-QzUe3qISbGoK_EOIycwXA.jpg,winesensed,-QzUe3qISbGoK_EOIycwXA.jpg,winesensed:125565462,,125565462,e2bb15c953228e7a867c9e8f,ok,/mnt/SSD/workspace/wine/data/winesensed_embedding/crops/e2/e2bb15c953228e7a867c9e8f.jpg,5b931f36f10aa4db79a31735c68a69d3b756b1c18bc4ca50ea374c87060b34f7,431e9b611727296efe8cfe00ca5c823c3727b930db7f4d942cf56b6555181163,"[132, 0, 404, 607]",0.42529296875,272,607,winesensed:125565462,9,train
/mnt/SSD/workspace/wine/data/WineSensed/chunk_001/output_images/chunk_001/21rssKRuTPqWuiMPKXHAvw.jpg,winesensed,21rssKRuTPqWuiMPKXHAvw.jpg,winesensed:14155244,,14155244,1ffab3ee95283963cb855ccf,ok,/mnt/SSD/workspace/wine/data/winesensed_embedding/crops/1f/1ffab3ee95283963cb855ccf.jpg,7a2d4130d5632f313b4dd5dd6e4cf791151b48a61861d0c9d3a3825f91866bb1,035d45bb82d041e58bfa50fc4c757ed3569ca53431c5352f8670a6c40537b8af,"[99, 0, 430, 640]",0.6884765625,331,640,winesensed:14155244,10,train
/mnt/SSD/workspace/wine/data/WineSensed/chunk_001/output_images/chunk_001/4k2tMm5-SP2L_pH0jR9Osg.jpg,winesensed,4k2tMm5-SP2L_pH0jR9Osg.jpg,winesensed:14155244,,14155244,3ce91911b1397f25bd657feb,ok,/mnt/SSD/workspace/wine/data/winesensed_embedding/crops/3c/3ce91911b1397f25bd657feb.jpg,18fc3f0ad2399c95316a032f3d416d8b061e9366a47d74a958808cf922f5aaa2,8f020df5f982b5855020e4303dc49d23d0db595238cb28b3f75ed3b737ed2753,"[121, 0, 344, 640]",0.258056640625,223,640,winesensed:14155244,10,train
/mnt/SSD/workspace/wine/data/WineSensed/chunk_001/output_images/chunk_001/3lvCct9MTYifqY1xG_5M1w.jpg,winesensed,3lvCct9MTYifqY1xG_5M1w.jpg,winesensed:14155244,,14155244,4586e6bd6229d821b23b0efa,ok,/mnt/SSD/workspace/wine/data/winesensed_embedding/crops/45/4586e6bd6229d821b23b0efa.jpg,c44e967617ee648857831bee93b8430f03af33c5054254aa34882f1ac2330c20,acba5cc349fdf2f6ac33da0dcced30ac5e10307dbbe1730f2cb97ba1fc44a033,"[86, 0, 386, 632]",0.76416015625,300,632,winesensed:14155244,10,train
/mnt/SSD/workspace/wine/data/WineSensed/chunk_001/output_images/chunk_001/0Ds6nI2bQFa9CpqvlGGfQg.jpg,winesensed,0Ds6nI2bQFa9CpqvlGGfQg.jpg,winesensed:14155244,,14155244,79e54c90c4296dd047bc53f9,ok,/mnt/SSD/workspace/wine/data/winesensed_embedding/crops/79/79e54c90c4296dd047bc53f9.jpg,028829251dbfa0e1960b1c555c08d47828b80dc7a785b3f83286a0a648ca5be2,ea11a3ccef0908b822174a0595be2b066da2cc9c7cc85c6d30d086b22281889d,"[83, 0, 431, 622]",0.57470703125,348,622,winesensed:14155244,10,train
/mnt/SSD/workspace/wine/data/WineSensed/chunk_001/output_images/chunk_001/4IAh-FFMQBiNfh9N1M9tmw.jpg,winesensed,4IAh-FFMQBiNfh9N1M9tmw.jpg,winesensed:14155244,,14155244,85f6a8f81fe32bd2806010af,ok,/mnt/SSD/workspace/wine/data/winesensed_embedding/crops/85/85f6a8f81fe32bd2806010af.jpg,8d3dbe9f9c5cf738db06de566832f22d3f31634efa2e79fa9cbc503e33ddd384,13349ee10ed0c687f6ffb214b09e84991857e2e2eae00b50c6905dee5d042b29,"[100, 0, 434, 618]",0.5380859375,334,618,winesensed:14155244,10,train
/mnt/SSD/workspace/wine/data/WineSensed/chunk_001/output_images/chunk_001/-iD9drEMSJuV4Aeucq5_VQ.jpg,winesensed,-iD9drEMSJuV4Aeucq5_VQ.jpg,winesensed:14155244,,14155244,8ac0a978cf7321e94d298dde,ok,/mnt/SSD/workspace/wine/data/winesensed_embedding/crops/8a/8ac0a978cf7321e94d298dde.jpg,4de6da7edcbb70b68ca1f3edec29018d88a6d923137db5d78f866f47acba51fe,903483df49939b791e6f3614a153229ea9273e068b9f22bb5b1cdb716c2b6c79,"[89, 2, 391, 636]",0.89013671875,302,634,winesensed:14155244,10,train
/mnt/SSD/workspace/wine/data/WineSensed/chunk_001/output_images/chunk_001/0HxVXe7tTNKozxMZWkoPGg.jpg,winesensed,0HxVXe7tTNKozxMZWkoPGg.jpg,winesensed:14155244,,14155244,abcaee64c2e4f63287f728c1,ok,/mnt/SSD/workspace/wine/data/winesensed_embedding/crops/ab/abcaee64c2e4f63287f728c1.jpg,2f6cea1afcf06af856af19732515c90865d9424871a0ea19110690d620a2f8ae,ead620d4f99be6ca51498b0d17531ce690cb54c2b217b3a5047b3eec13142862,"[88, 0, 436, 636]",0.448486328125,348,636,winesensed:14155244,10,train
/mnt/SSD/workspace/wine/data/WineSensed/chunk_001/output_images/chunk_001/44f84Hj6R_qh0ZTo2Wlsyw.jpg,winesensed,44f84Hj6R_qh0ZTo2Wlsyw.jpg,winesensed:14155244,,14155244,b3293a8b03bdb9c4afc758fc,ok,/mnt/SSD/workspace/wine/data/winesensed_embedding/crops/b3/b3293a8b03bdb9c4afc758fc.jpg,0c7308c5cae0935601c9f15e1df95c28146c620406a09faf79704356fe9fd9fd,0ab3c9ac1deb5bb215d841ce5da3b6058a9bcaa254e3896beb784e7e94528862,"[99, 0, 439, 637]",0.5009765625,340,637,winesensed:14155244,10,train
/mnt/SSD/workspace/wine/data/WineSensed/chunk_001/output_images/chunk_001/1AcET-5OQPGac083gIC0nQ.jpg,winesensed,1AcET-5OQPGac083gIC0nQ.jpg,winesensed:14155244,,14155244,b9c1f545bcb29a75416393f7,ok,/mnt/SSD/workspace/wine/data/winesensed_embedding/crops/b9/b9c1f545bcb29a75416393f7.jpg,44438eaeeb8ff08db24efcca2daa83aece7d9cce49c5d8b42ed95d05d1df3a94,d811d02695fcb6c48c4308577ab8d36c86608cf827d33200942f1c71e4fdd4d4,"[98, 2, 388, 632]",0.80322265625,290,630,winesensed:14155244,10,train
/mnt/SSD/workspace/wine/data/WineSensed/chunk_001/output_images/chunk_001/-W2ElIdVQ5mEn8yKa4JOtg.jpg,winesensed,-W2ElIdVQ5mEn8yKa4JOtg.jpg,winesensed:14155244,,14155244,d21881e4b893c36ddff3ed01,ok,/mnt/SSD/workspace/wine/data/winesensed_embedding/crops/d2/d21881e4b893c36ddff3ed01.jpg,9e3f10d306e7d7953c757bb1a7a010590f3a5e32505aa8b4cbd079bed3577e8b,0dbe6e94c840a1e9475c4306c0577203bdfabde594fad731d6b72fd558fae25d,"[157, 1, 372, 598]",0.356689453125,215,597,winesensed:14155244,10,train
/mnt/SSD/workspace/wine/data/WineSensed/chunk_001/output_images/chunk_001/26alCx_5TGGb44MwmQpMCA.jpg,winesensed,26alCx_5TGGb44MwmQpMCA.jpg,winesensed:14155244,,14155244,d68522f6713e9dcdb8e19a41,ok,/mnt/SSD/workspace/wine/data/winesensed_embedding/crops/d6/d68522f6713e9dcdb8e19a41.jpg,246e088eba182cff81a97b279fd55bc94a805911261ccc0815f48eb346e008f1,2578524b798dd60862e9cf16c0513a8e3ed2633e9d5699a5bed888899da51392,"[47, 3, 400, 631]",0.830078125,353,628,winesensed:14155244,10,train
/mnt/SSD/workspace/wine/data/WineSensed/chunk_001/output_images/chunk_001/016BNRQTTDaNryPQTFfd2g.jpg,winesensed,016BNRQTTDaNryPQTFfd2g.jpg,winesensed:14155244,,14155244,fb84cfbfb5645869e16c9def,ok,/mnt/SSD/workspace/wine/data/winesensed_embedding/crops/fb/fb84cfbfb5645869e16c9def.jpg,0d53ad676748bc8c1a08e83e975a8be5d95183123b509018ad0f23b9064675e7,997bd5dd611ea96250aeda48415495ada4014568a506edd741984452543d357e,"[85, 0, 385, 636]",0.57470703125,300,636,winesensed:14155244,10,train
/mnt/SSD/workspace/wine/data/WineSensed/chunk_002/output_images/chunk_002/60UWM-X-TSmp1DvatXuruA.jpg,winesensed,60UWM-X-TSmp1DvatXuruA.jpg,winesensed:14199637,,14199637,08642ee884005ffa85db1e74,ok,/mnt/SSD/workspace/wine/data/winesensed_embedding/crops/08/08642ee884005ffa85db1e74.jpg,91600ffcba8acd17faf8492a1d272e4a7377e925421f9999094f7f2496f0c4f1,da3a6845666d270b880101fb57c8ba312c8047ada6c2ec9d1bd3644de18bb20a,"[0, 0, 308, 636]",0.73583984375,308,636,winesensed:14199637,11,train
/mnt/SSD/workspace/wine/data/WineSensed/chunk_001/output_images/chunk_001/-TcqIeDSTMqLIdihK95Mqw.jpg,winesensed,-TcqIeDSTMqLIdihK95Mqw.jpg,winesensed:14199637,,14199637,094d851dba3ecab6b24dd960,ok,/mnt/SSD/workspace/wine/data/winesensed_embedding/crops/09/094d851dba3ecab6b24dd960.jpg,fc3a80ca64ef2f2373bf512c8afe73f020279a86d4060bb24562698751bdb785,545b9a2f5cd835469b6fb8541fb328631ae4f4501cd49ad15dcadb7bed9a074a,"[40, 0, 386, 640]",0.270751953125,346,640,winesensed:14199637,11,train
/mnt/SSD/workspace/wine/data/WineSensed/chunk_002/output_images/chunk_002/9OkQiuNGSGmwoc_q2UQzXQ.jpg,winesensed,9OkQiuNGSGmwoc_q2UQzXQ.jpg,winesensed:14199637,,14199637,1a18199acfe0c047b40eb487,ok,/mnt/SSD/workspace/wine/data/winesensed_embedding/crops/1a/1a18199acfe0c047b40eb487.jpg,61eb274e8f476bd5ee8fa7b289c144c81d78894da5b218220d231c66d1f7dc67,a997e70dd3942eaede4faeca6bda57076d309a104c73c053ae773b3a0dbd86a2,"[74, 0, 409, 640]",0.4892578125,335,640,winesensed:14199637,11,train
/mnt/SSD/workspace/wine/data/WineSensed/chunk_001/output_images/chunk_001/-HBLDU5JRciJl5kV0loCig.jpg,winesensed,-HBLDU5JRciJl5kV0loCig.jpg,winesensed:14199637,,14199637,33de61c815c216c90e1899ca,ok,/mnt/SSD/workspace/wine/data/winesensed_embedding/crops/33/33de61c815c216c90e1899ca.jpg,0bae79542989ef652141a2be1eae55674be34c13244e76db1742fbcca9ee061a,4a8b86734058bbf7184b56dab556c57eea3ed362dcab32407ab35136840a5943,"[104, 0, 368, 640]",0.6298828125,264,640,winesensed:14199637,11,train
/mnt/SSD/workspace/wine/data/WineSensed/chunk_002/output_images/chunk_002/74lhxirPTFSX6H04uPiiRQ.jpg,winesensed,74lhxirPTFSX6H04uPiiRQ.jpg,winesensed:14199637,,14199637,6875ea1cc7fe26ac46dc24ae,ok,/mnt/SSD/workspace/wine/data/winesensed_embedding/crops/68/6875ea1cc7fe26ac46dc24ae.jpg,78a4ffc79faf7ff0e2687c8ece33044ef1aa7424a6d689563e97c80048e43cce,2c1b0323a13283810733cd933dff725abad52e8afe8c30d378473ce54e388304,"[87, 0, 396, 640]",0.281494140625,309,640,winesensed:14199637,11,train
/mnt/SSD/workspace/wine/data/WineSensed/chunk_001/output_images/chunk_001/4-vRYcwwQFagIyn5GBw1Lw.jpg,winesensed,4-vRYcwwQFagIyn5GBw1Lw.jpg,winesensed:14199637,,14199637,8ff064a10d23768e4e8b3e5b,ok,/mnt/SSD/workspace/wine/data/winesensed_embedding/crops/8f/8ff064a10d23768e4e8b3e5b.jpg,04502b2e68ae99f9efc841c7fa707420135abe0d67de84186db2d10e212a1e13,7a588d09be5650145b5433cd6b67c2e3cedc9fe994694bb92bfe421373e653b0,"[83, 0, 349, 640]",0.7578125,266,640,winesensed:14199637,11,train
/mnt/SSD/workspace/wine/data/WineSensed/chunk_001/output_images/chunk_001/3MjVcZAiRc2BGuA-WYcflw.jpg,winesensed,3MjVcZAiRc2BGuA-WYcflw.jpg,winesensed:14199637,,14199637,9704d8e72a74fa4d9427d043,ok,/mnt/SSD/workspace/wine/data/winesensed_embedding/crops/97/9704d8e72a74fa4d9427d043.jpg,c0524777ed14b647c348fc280cee5d4d3a9273ed5d03c4854fbe3f69442a9cd0,dcf4f67b373996158c0526b9f5bf2cce4329504b5bec1fa3c64310d744187107,"[100, 0, 404, 640]",0.494140625,304,640,winesensed:14199637,11,train
/mnt/SSD/workspace/wine/data/WineSensed/chunk_001/output_images/chunk_001/25TQlr0MQIqUrz9IBEG8wg.jpg,winesensed,25TQlr0MQIqUrz9IBEG8wg.jpg,winesensed:14199637,,14199637,af6690f6d95d8965e3cd3e8f,ok,/mnt/SSD/workspace/wine/data/winesensed_embedding/crops/af/af6690f6d95d8965e3cd3e8f.jpg,93e51b82d82cee342a919a8f756a8da9906563ae11a08e1ed19e1eb6f6394874,8d52c04fb6e1c3a5f511a87c5131c0be110f16547b298303ce18c01fb1b6d508,"[375, 0, 480, 635]",0.366943359375,105,635,winesensed:14199637,11,train
/mnt/SSD/workspace/wine/data/WineSensed/chunk_002/output_images/chunk_002/8eodp5toQQWQVUgoy62QZA.jpg,winesensed,8eodp5toQQWQVUgoy62QZA.jpg,winesensed:14199637,,14199637,c2f90132e2ad4ea5ded9b0ec,ok,/mnt/SSD/workspace/wine/data/winesensed_embedding/crops/c2/c2f90132e2ad4ea5ded9b0ec.jpg,dc4b806c2014cbe74779a368e1792192cf97648c6a4333da25f808e680298b2e,b168bd4e82c82bbe4aba6346df46d46490e4b6e7f89dbf231d94fe6a664eb5ab,"[103, 0, 354, 608]",0.484375,251,608,winesensed:14199637,11,train
/mnt/SSD/workspace/wine/data/WineSensed/chunk_001/output_images/chunk_001/-PDTWORNQ32xG0719MAU-Q.jpg,winesensed,-PDTWORNQ32xG0719MAU-Q.jpg,winesensed:14199637,,14199637,c9611abc375a32cabe4052ed,ok,/mnt/SSD/workspace/wine/data/winesensed_embedding/crops/c9/c9611abc375a32cabe4052ed.jpg,eb7c4bf76aec668df57ce3fdb0ee7aff95e79f6b277a2ea80ee97a73a9b5faeb,a3ba29dde56d4a2203e058789522ae86dc33aaa4790cb6f316b0c14986c82ca8,"[137, 0, 364, 640]",0.84375,227,640,winesensed:14199637,11,train
/mnt/SSD/workspace/wine/data/WineSensed/chunk_002/output_images/chunk_002/67eCqNNDRZGMk09jq3VyFg.jpg,winesensed,67eCqNNDRZGMk09jq3VyFg.jpg,winesensed:14199637,,14199637,d005790c4ae2a2a439bc8603,ok,/mnt/SSD/workspace/wine/data/winesensed_embedding/crops/d0/d005790c4ae2a2a439bc8603.jpg,bf22b434c5c8bcceb6615a4d30e48f932cf515528b6ed6f2806081f1186d4e64,1b21b72715f2c71e038d6c183fdcb7f7f7b764b1bcfac5dc548d1bd1314772dd,"[92, 2, 411, 640]",0.6591796875,319,638,winesensed:14199637,11,train
/mnt/SSD/workspace/wine/data/WineSensed/chunk_002/output_images/chunk_002/7SAoaRPrSImuIvwEAQZIxA.jpg,winesensed,7SAoaRPrSImuIvwEAQZIxA.jpg,winesensed:14199637,,14199637,d0080641a427c336acdc71cb,ok,/mnt/SSD/workspace/wine/data/winesensed_embedding/crops/d0/d0080641a427c336acdc71cb.jpg,6b16135c818afa4738b05294abc38ff1e90ba6796b88d48ddeb2d049f76ed38b,2f70e5be431b156c64b0624147d8c35f86be46866ecee1a990acb0165eb08085,"[127, 0, 363, 638]",0.8759765625,236,638,winesensed:14199637,11,train
/mnt/SSD/workspace/wine/data/WineSensed/chunk_001/output_images/chunk_001/2vZZkJYFRiWQlQ3DksoasA.jpg,winesensed,2vZZkJYFRiWQlQ3DksoasA.jpg,winesensed:14209256,,14209256,05f3b77a79f28cf740260da5,ok,/mnt/SSD/workspace/wine/data/winesensed_embedding/crops/05/05f3b77a79f28cf740260da5.jpg,99bb2c4b06bb5dde1a20d6c63352cce27073c988c8c9c6ada437a97ca52d27ab,15ea122c50acabde12cd9c58eb8806bb78a5c7b6f775ddbdff8edfb67b7c9bcb,"[53, 0, 419, 638]",0.4638671875,366,638,winesensed:14209256,12,train
/mnt/SSD/workspace/wine/data/WineSensed/chunk_001/output_images/chunk_001/2dDdeU4SShqg9DipskQ-7Q.jpg,winesensed,2dDdeU4SShqg9DipskQ-7Q.jpg,winesensed:14209256,,14209256,1a3f98f04c80d482eebb4fc2,ok,/mnt/SSD/workspace/wine/data/winesensed_embedding/crops/1a/1a3f98f04c80d482eebb4fc2.jpg,9382127819380345372ade03f8adab2cc07b44f41e064051fad4c1ee2c6e56d7,52b08ee33cc3b71e031f726d6f5bd264079e08e72ddb2beb90e33c42de7df3b0,"[65, 0, 358, 639]",0.5498046875,293,639,winesensed:14209256,12,train
/mnt/SSD/workspace/wine/data/WineSensed/chunk_001/output_images/chunk_001/-VuUzFfUQ4GD6AdhNNqX1A.jpg,winesensed,-VuUzFfUQ4GD6AdhNNqX1A.jpg,winesensed:14209256,,14209256,1f7dec847318d426c4aa5c8b,ok,/mnt/SSD/workspace/wine/data/winesensed_embedding/crops/1f/1f7dec847318d426c4aa5c8b.jpg,b37baa4c09cf23f5ec4dcc62d93a1b1e2711d0e22506af38b71ffcd5ebd2635a,6dfb80bf60a23dc3cda6042aa8852d8f27df13fc95ca0dfcae120cd9f1943e50,"[45, 0, 425, 640]",0.69580078125,380,640,winesensed:14209256,12,train
/mnt/SSD/workspace/wine/data/WineSensed/chunk_001/output_images/chunk_001/-mMr4eNySb62EMHZX4RBdA.jpg,winesensed,-mMr4eNySb62EMHZX4RBdA.jpg,winesensed:14209256,,14209256,34d46aef5451ff5d8e6c68a5,ok,/mnt/SSD/workspace/wine/data/winesensed_embedding/crops/34/34d46aef5451ff5d8e6c68a5.jpg,14db0926cb910a4530194f3957754a205955bdc07ce01ce93212eee76a255eae,79d39fd1220c006f56db03c189e3f9af9dbe84e35397742e65ded8fc10cc7d6d,"[72, 0, 381, 640]",0.6279296875,309,640,winesensed:14209256,12,train
/mnt/SSD/workspace/wine/data/WineSensed/chunk_001/output_images/chunk_001/-zfFtratTba86rvbLhJUwg.jpg,winesensed,-zfFtratTba86rvbLhJUwg.jpg,winesensed:14209256,,14209256,6e56b1eda2cbe91d171c89f0,ok,/mnt/SSD/workspace/wine/data/winesensed_embedding/crops/6e/6e56b1eda2cbe91d171c89f0.jpg,718753f8e00a4228a055696693bc14aeaf527ad873076a5513130b8b3f2d3d3e,e96e87dc1e651dfcf970376e8bc29afc060bc322814a387026cf3d319df47c82,"[45, 1, 421, 640]",0.70654296875,376,639,winesensed:14209256,12,train
/mnt/SSD/workspace/wine/data/WineSensed/chunk_001/output_images/chunk_001/0QAgfDdKR72iSP3tpyl44g.jpg,winesensed,0QAgfDdKR72iSP3tpyl44g.jpg,winesensed:14209256,,14209256,7da8299af4649845520ff06a,ok,/mnt/SSD/workspace/wine/data/winesensed_embedding/crops/7d/7da8299af4649845520ff06a.jpg,6fe0872b639b76e218f92811112bd8fc54dc1d5f4cfcfa2b172614ef2a58990a,d1124c7ab91fd225ff2bac70d3170c9afceacb483ca9257c95010bb938047408,"[48, 15, 415, 616]",0.368896484375,367,601,winesensed:14209256,12,train
/mnt/SSD/workspace/wine/data/WineSensed/chunk_001/output_images/chunk_001/11DwH04ISbGMPDg8BjG6KQ.jpg,winesensed,11DwH04ISbGMPDg8BjG6KQ.jpg,winesensed:14209256,,14209256,8705c2667cd2c3a90ccdd9a2,ok,/mnt/SSD/workspace/wine/data/winesensed_embedding/crops/87/8705c2667cd2c3a90ccdd9a2.jpg,012ebb683cb56ee24623d61ccbf0dc067a98f4fecd18512970c931346e059ae6,37433a94bb329025b64610f8f3eb1d23aceb64c4dfd8db08cd601b98390b16ce,"[83, 0, 422, 638]",0.6591796875,339,638,winesensed:14209256,12,train
/mnt/SSD/workspace/wine/data/WineSensed/chunk_001/output_images/chunk_001/-sCfLx7aQM2H6Z1ZU2tGSg.jpg,winesensed,-sCfLx7aQM2H6Z1ZU2tGSg.jpg,winesensed:14209256,,14209256,87df648e63328384a9c8611c,ok,/mnt/SSD/workspace/wine/data/winesensed_embedding/crops/87/87df648e63328384a9c8611c.jpg,0713d1eb640e427269bbb32ac964ec72198e7c6f6c44e261e920703b7f0a5195,7a50089a4b5a8623f690f9e74a33a858b3578c0de9c5229cccfb7d2da2560f43,"[27, 0, 452, 635]",0.5390625,425,635,winesensed:14209256,12,train
/mnt/SSD/workspace/wine/data/WineSensed/chunk_001/output_images/chunk_001/35bQW0dPSciZ-Z38hBDX5g.jpg,winesensed,35bQW0dPSciZ-Z38hBDX5g.jpg,winesensed:14209256,,14209256,a649221666232277370d5894,ok,/mnt/SSD/workspace/wine/data/winesensed_embedding/crops/a6/a649221666232277370d5894.jpg,a4125e7a37496679f1045cca612bb7361372552e5d3fe39f4f8ee2154acc8806,b3fadc94418338bd4c0dc03a69f6bcc19342aec417a14048c018ebe4573a10b3,"[52, 1, 453, 640]",0.64697265625,401,639,winesensed:14209256,12,train
/mnt/SSD/workspace/wine/data/WineSensed/chunk_001/output_images/chunk_001/1zeXacVDTASFsPTCTfAH6g.jpg,winesensed,1zeXacVDTASFsPTCTfAH6g.jpg,winesensed:14209256,,14209256,a89db0440b08c60e0aaa9cc4,ok,/mnt/SSD/workspace/wine/data/winesensed_embedding/crops/a8/a89db0440b08c60e0aaa9cc4.jpg,204ee6aaf39d1cb35788dd6617e63da01941cec0d2c268d0640099dc2ba40e1f,efc1ba513f51cacba7d42f8b57bea605e4cd53401a3732f78638f4389106212f,"[118, 0, 460, 640]",0.4111328125,342,640,winesensed:14209256,12,train
/mnt/SSD/workspace/wine/data/WineSensed/chunk_001/output_images/chunk_001/2XFmmo5pR0mHuZYYspMe8A.jpg,winesensed,2XFmmo5pR0mHuZYYspMe8A.jpg,winesensed:14209256,,14209256,cc1b60e1d4f3c06d1dd6abc5,ok,/mnt/SSD/workspace/wine/data/winesensed_embedding/crops/cc/cc1b60e1d4f3c06d1dd6abc5.jpg,6f797281499ee2e5c16f026dc106171ff9d53f4923abca4902c0f5136bd8de33,25f2deb2d5ace4de1fb448d8bb3ad5fb2cccfb69518138155b943390a35df4c9,"[1, 1, 446, 634]",0.2802734375,445,633,winesensed:14209256,12,train
/mnt/SSD/workspace/wine/data/WineSensed/chunk_001/output_images/chunk_001/-c6zl2tPQkKu5l5wQRDbyw.jpg,winesensed,-c6zl2tPQkKu5l5wQRDbyw.jpg,winesensed:14209256,,14209256,ce9fab5b7e1f4d0cd6803952,ok,/mnt/SSD/workspace/wine/data/winesensed_embedding/crops/ce/ce9fab5b7e1f4d0cd6803952.jpg,cb9c4c46a2399dd604968283d4ad26d1ea5f3d2c72377484206951e2c5e98786,df963347965fcab5d6a40e28a725b35b070215f7b2c9b34d6380fb5306233ae5,"[69, 0, 382, 634]",0.304931640625,313,634,winesensed:14209256,12,train
/mnt/SSD/workspace/wine/data/WineSensed/chunk_002/output_images/chunk_002/9XbQaGhfSEa9kRM1kc-Fxg.jpg,winesensed,9XbQaGhfSEa9kRM1kc-Fxg.jpg,winesensed:142283794,,142283794,030185e0fc6f2159d696e499,ok,/mnt/SSD/workspace/wine/data/winesensed_embedding/crops/03/030185e0fc6f2159d696e499.jpg,0798280ecdb7cc510eaaef1490987ac08d1300c21b5af40cf587aa351272ab8b,6aca546c076b11f6a9607ee60582e66c9c96686e8d8c73cd483df6ae3faa8efb,"[35, 2, 419, 640]",0.5009765625,384,638,winesensed:142283794,13,train
/mnt/SSD/workspace/wine/data/WineSensed/chunk_002/output_images/chunk_002/AVvOC-mKRw2r2nquSxl-pA.jpg,winesensed,AVvOC-mKRw2r2nquSxl-pA.jpg,winesensed:142283794,,142283794,1394744af55da7e2487e2916,ok,/mnt/SSD/workspace/wine/data/winesensed_embedding/crops/13/1394744af55da7e2487e2916.jpg,8b34663b52e709c980ecd510314d7146852e53c12bb15d1251dffe74a9976906,b1d33b95fb4b62c71b3327e3840cc5f70c2bbdabac6c5bb38a867596462b7c32,"[139, 0, 346, 632]",0.939453125,207,632,winesensed:142283794,13,train
/mnt/SSD/workspace/wine/data/WineSensed/chunk_002/output_images/chunk_002/7GiyvNrrTcioCZNfEqd-cQ.jpg,winesensed,7GiyvNrrTcioCZNfEqd-cQ.jpg,winesensed:142283794,,142283794,57bc1bc29a00f2cf1fdd5c11,ok,/mnt/SSD/workspace/wine/data/winesensed_embedding/crops/57/57bc1bc29a00f2cf1fdd5c11.jpg,f3628b6557c060248f06486d8e2a0b0e9c1cd222351b00ba757ef0d6d6b4a02c,77e4bcdfe4137ffaf77ac165485cbe7a06c248424d6847c41c29927e3e92f2e3,"[58, 1, 413, 640]",0.75146484375,355,639,winesensed:142283794,13,train
/mnt/SSD/workspace/wine/data/WineSensed/chunk_002/output_images/chunk_002/8_SaHuAGQNafgPYXoeGpXw.jpg,winesensed,8_SaHuAGQNafgPYXoeGpXw.jpg,winesensed:142283794,,142283794,87cd1dc73d55beed1e0e24c4,ok,/mnt/SSD/workspace/wine/data/winesensed_embedding/crops/87/87cd1dc73d55beed1e0e24c4.jpg,b0b31b4a7a90f79d9fa048527f03797ca2fb9c7f3d9bd87a2d7b4576de5dd471,a71e97b98e3f9b90c69084e72d65d81a3b1baa38681cd410658c0cb9cd992e9b,"[176, 0, 362, 505]",0.765625,186,505,winesensed:142283794,13,train
/mnt/SSD/workspace/wine/data/WineSensed/chunk_001/output_images/chunk_001/39bPnGVdSbCMn0igjl3lfA.jpg,winesensed,39bPnGVdSbCMn0igjl3lfA.jpg,winesensed:142283794,,142283794,91e6e8b10fc00a4849b580ae,ok,/mnt/SSD/workspace/wine/data/winesensed_embedding/crops/91/91e6e8b10fc00a4849b580ae.jpg,55b8ffbb62fdc24bc5089503cc46536b8f1880f2c5880aa0877cd213f2c3f806,1d517f976a500eb0cfd6640843fd81980248e2e39bb9997bd7d2640db488da77,"[64, 2, 456, 634]",0.74560546875,392,632,winesensed:142283794,13,train
/mnt/SSD/workspace/wine/data/WineSensed/chunk_001/output_images/chunk_001/3VduoAi9Tje_6YPti07GFQ.jpg,winesensed,3VduoAi9Tje_6YPti07GFQ.jpg,winesensed:142283794,,142283794,a13de0b027843c1ea1fe61d2,ok,/mnt/SSD/workspace/wine/data/winesensed_embedding/crops/a1/a13de0b027843c1ea1fe61d2.jpg,4f65b8093c777ba7074fc4d7bdfdf1295fe74d72ef0de20b008746deea518dde,53606a6e10719e6c8b0fc52ac66d522cd55b31f0107da6fda6fbabfbdbf70987,"[45, 1, 464, 640]",0.32763671875,419,639,winesensed:142283794,13,train
/mnt/SSD/workspace/wine/data/WineSensed/chunk_002/output_images/chunk_002/9fLzoiLkRTWP0yq8OLxlMA.jpg,winesensed,9fLzoiLkRTWP0yq8OLxlMA.jpg,winesensed:142283794,,142283794,a281e9d72a265123e8799890,ok,/mnt/SSD/workspace/wine/data/winesensed_embedding/crops/a2/a281e9d72a265123e8799890.jpg,0ad2d2ca0a8f13772b5795e9d22ac97a36556ce8237c6c6f4fba59c9cdcdf0a9,663a89d67b280c14ee41ae66bdbc42d8c324edac6804966ae8c42a0984c6e232,"[44, 22, 441, 630]",0.27392578125,397,608,winesensed:142283794,13,train
/mnt/SSD/workspace/wine/data/WineSensed/chunk_002/output_images/chunk_002/AAEj-0QUQji6vXspHv9-KQ.jpg,winesensed,AAEj-0QUQji6vXspHv9-KQ.jpg,winesensed:142283794,,142283794,b721daced96c3dddb8f7221c,ok,/mnt/SSD/workspace/wine/data/winesensed_embedding/crops/b7/b721daced96c3dddb8f7221c.jpg,8ce69cb108c2869e0fc50f669b6494902090075b94b86f91c05ba312e424fc61,ec02850ebd8454b5e4287937c5f929d937e0219eeeb1eb34fe5215929e6faa6b,"[37, 0, 409, 640]",0.83642578125,372,640,winesensed:142283794,13,train
/mnt/SSD/workspace/wine/data/WineSensed/chunk_001/output_images/chunk_001/4E1VbcvWRLyoowqMLJBUdg.jpg,winesensed,4E1VbcvWRLyoowqMLJBUdg.jpg,winesensed:142283794,,142283794,c28f8b9ed3e73cf7b27e0351,ok,/mnt/SSD/workspace/wine/data/winesensed_embedding/crops/c2/c28f8b9ed3e73cf7b27e0351.jpg,2ecbb6870ac76a50403e5c2d67586b1bfca60e284031ff6667dc87c837463b26,0bd4decd602ec92b8c0c2bdfcff0800c1566638a788bea4944a24c70d62de121,"[13, 0, 444, 633]",0.43212890625,431,633,winesensed:142283794,13,train
/mnt/SSD/workspace/wine/data/WineSensed/chunk_002/output_images/chunk_002/9B7aeCkYQYKKiz6VUHIe4Q.jpg,winesensed,9B7aeCkYQYKKiz6VUHIe4Q.jpg,winesensed:142283794,,142283794,c2ca64dcbdec1a9e21c151d7,ok,/mnt/SSD/workspace/wine/data/winesensed_embedding/crops/c2/c2ca64dcbdec1a9e21c151d7.jpg,13a69b95bad606fcc5aca755fbef54a3e1b48c615856197b5142fa798cc2b7fe,f547871e4c8cfe3e6afb83836f491f8e8cc79bc2f310bc457b26ffea78cc758c,"[118, 3, 363, 639]",0.80859375,245,636,winesensed:142283794,13,train
/mnt/SSD/workspace/wine/data/WineSensed/chunk_002/output_images/chunk_002/9SoN_YD8RmusgJOpFQNopg.jpg,winesensed,9SoN_YD8RmusgJOpFQNopg.jpg,winesensed:142283794,,142283794,deefb11882ff57960cbd8f9d,ok,/mnt/SSD/workspace/wine/data/winesensed_embedding/crops/de/deefb11882ff57960cbd8f9d.jpg,d0c11a822b382a6096a2b3a6942fcd5c6110da3811697465306bce4b36cec202,b9e98365ccbe3e5585cfc04b4c565979fec3937c2e6e1ea356a8e3f23b7a4a76,"[17, 0, 472, 640]",0.57275390625,455,640,winesensed:142283794,13,train
/mnt/SSD/workspace/wine/data/WineSensed/chunk_002/output_images/chunk_002/8DtqgwrhSSe6plfSawXaiw.jpg,winesensed,8DtqgwrhSSe6plfSawXaiw.jpg,winesensed:142283794,,142283794,e3c8ec9af7fb3dbd770caab3,ok,/mnt/SSD/workspace/wine/data/winesensed_embedding/crops/e3/e3c8ec9af7fb3dbd770caab3.jpg,62fc5ca8410f65a2bd5b118c2adb4d335580f4c5d6fde9fa74cc07726c2f6152,cb5fe1b55d37abcca25bc47052d77578c1c21a3d0b605f5f311ceefeb3ac8e00,"[94, 0, 430, 633]",0.8154296875,336,633,winesensed:142283794,13,train
/mnt/SSD/workspace/wine/data/WineSensed/chunk_001/output_images/chunk_001/1gKWAooDSjCnhjHULKOvPQ.jpg,winesensed,1gKWAooDSjCnhjHULKOvPQ.jpg,winesensed:142319633,,142319633,03a3f257f807ae02f68ad813,ok,/mnt/SSD/workspace/wine/data/winesensed_embedding/crops/03/03a3f257f807ae02f68ad813.jpg,9256fd1fcf5667bf9b5a0eab9fdbb47bbde87024f25621df8997c0c2c0bb675c,99c58430442b1527e74fb415033dffb50812050c05d094611b1329a2f1f5761c,"[39, 0, 416, 640]",0.5048828125,377,640,winesensed:142319633,14,train
/mnt/SSD/workspace/wine/data/WineSensed/chunk_001/output_images/chunk_001/0rIrDyZRTjiCMQevMntfnQ.jpg,winesensed,0rIrDyZRTjiCMQevMntfnQ.jpg,winesensed:142319633,,142319633,10382a496edf3b09cb5afed2,ok,/mnt/SSD/workspace/wine/data/winesensed_embedding/crops/10/10382a496edf3b09cb5afed2.jpg,fb041caffba39f17e4d512ae20dfe6fa3f0c064420c74194c9db5469beb4a1aa,379d19c0937c03f13ee81fb2506ea2e66c5a3e7f0551b05c165befcb59c4e710,"[27, 6, 412, 640]",0.441650390625,385,634,winesensed:142319633,14,train
/mnt/SSD/workspace/wine/data/WineSensed/chunk_001/output_images/chunk_001/0wWLEvNBRhil30xuzveW4w.jpg,winesensed,0wWLEvNBRhil30xuzveW4w.jpg,winesensed:142319633,,142319633,1bc0fb9686108bf4d032e03c,ok,/mnt/SSD/workspace/wine/data/winesensed_embedding/crops/1b/1bc0fb9686108bf4d032e03c.jpg,6164c9f1a8f907dbf5e8b14989f1455ff8a737f609e60d008ea0ff3f96f7bd1d,1569870fc2e3906701078f7ab223d6817a9deb0234c39f9daed47cd17b5298e6,"[37, 0, 436, 639]",0.7265625,399,639,winesensed:142319633,14,train
/mnt/SSD/workspace/wine/data/WineSensed/chunk_001/output_images/chunk_001/1paQONTjT-eze5mqO8caVg.jpg,winesensed,1paQONTjT-eze5mqO8caVg.jpg,winesensed:142319633,,142319633,235af01586cee5badd5d584e,ok,/mnt/SSD/workspace/wine/data/winesensed_embedding/crops/23/235af01586cee5badd5d584e.jpg,fec5376adf2ddf9d541fc9dbc0bb034c1e157458e977aaf67077e5c4168ee3fa,0d6065ea5117f300e1dd79d191d0f33b927036da26212dd312115ee79dd51eab,"[21, 2, 480, 638]",0.587890625,459,636,winesensed:142319633,14,train
/mnt/SSD/workspace/wine/data/WineSensed/chunk_001/output_images/chunk_001/-hxjvE8qQv6Nl1sBvw_Y-w.jpg,winesensed,-hxjvE8qQv6Nl1sBvw_Y-w.jpg,winesensed:142319633,,142319633,302252d7d6491f525fe9188e,ok,/mnt/SSD/workspace/wine/data/winesensed_embedding/crops/30/302252d7d6491f525fe9188e.jpg,512f8c5f7176876802e77d128e8172d42447a23df125f05aafb8f275ab51eab6,64e2ff72a0c9484507198253a0dce8a6d6f2b86b06790902134ab0554157e631,"[100, 0, 394, 638]",0.75830078125,294,638,winesensed:142319633,14,train
/mnt/SSD/workspace/wine/data/WineSensed/chunk_001/output_images/chunk_001/1-QeSE7JRQepxQP_0_G5fw.jpg,winesensed,1-QeSE7JRQepxQP_0_G5fw.jpg,winesensed:142319633,,142319633,4a31e265740f58a4f45913f1,ok,/mnt/SSD/workspace/wine/data/winesensed_embedding/crops/4a/4a31e265740f58a4f45913f1.jpg,1420d76c4877a8fae00bed8364c711ffb7143de252180ac6d8bbfbf3fe63f867,735d7be8ba3f63b526a0882f0d0fe1d16872d7bac5f8d4ec1ef36b66df071eb2,"[48, 6, 417, 640]",0.4892578125,369,634,winesensed:142319633,14,train
/mnt/SSD/workspace/wine/data/WineSensed/chunk_001/output_images/chunk_001/1UFAvt6uTsa9yRbC2_Z-cA.jpg,winesensed,1UFAvt6uTsa9yRbC2_Z-cA.jpg,winesensed:142319633,,142319633,7a4739a3c58f85f7f9ce8ad5,ok,/mnt/SSD/workspace/wine/data/winesensed_embedding/crops/7a/7a4739a3c58f85f7f9ce8ad5.jpg,f47b73032c34994ff194fd84d78f36489009d381e9168d152c5735172545c53d,93f0ccf68c0f9fce2486ede637dde5b8381185553e74b75a3e2579c7d5a2712b,"[88, 0, 396, 640]",0.8505859375,308,640,winesensed:142319633,14,train
/mnt/SSD/workspace/wine/data/WineSensed/chunk_001/output_images/chunk_001/1oL61abXRzOy6Acd8ZRgIQ.jpg,winesensed,1oL61abXRzOy6Acd8ZRgIQ.jpg,winesensed:142319633,,142319633,91ca1a4fcbaec963746484ba,ok,/mnt/SSD/workspace/wine/data/winesensed_embedding/crops/91/91ca1a4fcbaec963746484ba.jpg,68fbf450cf5d563673c961c22a67ae843d75d1a435f9ac50021f7cb6317958ed,d5d25af47de1c882df2328cfeff43a6d1b2afc0b20709f362d83fbae67f3815c,"[78, 0, 378, 638]",0.77587890625,300,638,winesensed:142319633,14,train
/mnt/SSD/workspace/wine/data/WineSensed/chunk_001/output_images/chunk_001/0GdMpJGqRG6VV3mH2e_S8w.jpg,winesensed,0GdMpJGqRG6VV3mH2e_S8w.jpg,winesensed:142319633,,142319633,9eab2eaf655a973c58b1ae4e,ok,/mnt/SSD/workspace/wine/data/winesensed_embedding/crops/9e/9eab2eaf655a973c58b1ae4e.jpg,822fe67bf2e391c156c222253a53c1a23e286d42040890e32b00bc61e6d7e9da,619b941f906f0af52d107ceb9ca665456fc859af58d7491773dbb79e76a29ed5,"[6, 0, 435, 636]",0.68017578125,429,636,winesensed:142319633,14,train
/mnt/SSD/workspace/wine/data/WineSensed/chunk_001/output_images/chunk_001/0wsbYSmqQ9eh9ew3DvzQLw.jpg,winesensed,0wsbYSmqQ9eh9ew3DvzQLw.jpg,winesensed:142319633,,142319633,d92d725adc8c8da3a765985d,ok,/mnt/SSD/workspace/wine/data/winesensed_embedding/crops/d9/d92d725adc8c8da3a765985d.jpg,34a880a1a0d9da1ad9c631eeb01efa206d040ba34898b546f49649a578829da2,523fcbf2f6f3691121e3016da2439c7a34f2a924a66d5a0cc279afb01d04e48c,"[0, 2, 409, 640]",0.4951171875,409,638,winesensed:142319633,14,train
/mnt/SSD/workspace/wine/data/WineSensed/chunk_001/output_images/chunk_001/0fZTDydlTaWEOt3f-PjRCA.jpg,winesensed,0fZTDydlTaWEOt3f-PjRCA.jpg,winesensed:142319633,,142319633,ee006b90a3059e1df5f41268,ok,/mnt/SSD/workspace/wine/data/winesensed_embedding/crops/ee/ee006b90a3059e1df5f41268.jpg,df817d9c71ea12fea1488a82c00334503ed8c66d19ac89a5e7a95ca7a98f57b8,edce91f5f4f5bea45ed3c590c439887ea2d89f55f2260253036c7604154ee16f,"[87, 3, 393, 639]",0.77783203125,306,636,winesensed:142319633,14,train
/mnt/SSD/workspace/wine/data/WineSensed/chunk_001/output_images/chunk_001/-H7L7n_UR4-47DPmzOvf1g.jpg,winesensed,-H7L7n_UR4-47DPmzOvf1g.jpg,winesensed:142319633,,142319633,faff3c1aaf97e5c2484407f6,ok,/mnt/SSD/workspace/wine/data/winesensed_embedding/crops/fa/faff3c1aaf97e5c2484407f6.jpg,b2270fe69753e358c30223dbb9abcd5de825c8c6ceb9112326ecc02e4f0e1379,c3f8841ab2415e6e24c7c1a355e980f8aa8a80de2eeac12411c33c8306539f11,"[54, 6, 390, 637]",0.64794921875,336,631,winesensed:142319633,14,train
/mnt/SSD/workspace/wine/data/WineSensed/chunk_001/output_images/chunk_001/1fGgoNU4TDy-c0nC40Y2hg.jpg,winesensed,1fGgoNU4TDy-c0nC40Y2hg.jpg,winesensed:142805307,,142805307,01909ea660ba7d1598bd82d4,ok,/mnt/SSD/workspace/wine/data/winesensed_embedding/crops/01/01909ea660ba7d1598bd82d4.jpg,5b282e8245d9ec1e890be2d675f9b2b9c6aa1410156e018533b25252c856ba32,e3c185834e50fd472a8aa318b529dd6d4de804423655abd63c61b23a709495d9,"[338, 0, 480, 640]",0.5322265625,142,640,winesensed:142805307,15,train
/mnt/SSD/workspace/wine/data/WineSensed/chunk_002/output_images/chunk_002/5gxP-X6dRWKSIbVwnuM5aA.jpg,winesensed,5gxP-X6dRWKSIbVwnuM5aA.jpg,winesensed:142805307,,142805307,05d871799e64689bbea0605f,ok,/mnt/SSD/workspace/wine/data/winesensed_embedding/crops/05/05d871799e64689bbea0605f.jpg,87c70edabe41090440509c860e97730fa12e934830c2350ca69334e887cec86e,38425b48c76c8c526cc502d7711d1e61d9fe808cc05e3b6bf12b51063cbd1b58,"[23, 1, 427, 640]",0.650390625,404,639,winesensed:142805307,15,train
/mnt/SSD/workspace/wine/data/WineSensed/chunk_001/output_images/chunk_001/05XG3XkKR5ig1NyLAJPYfg.jpg,winesensed,05XG3XkKR5ig1NyLAJPYfg.jpg,winesensed:142805307,,142805307,16f7e071fbdaa3ff87d1d105,ok,/mnt/SSD/workspace/wine/data/winesensed_embedding/crops/16/16f7e071fbdaa3ff87d1d105.jpg,d6cb7579aae144e3010db560539562537ae88d61d14bc600561c966ea5a9d8c3,25a570c238d1f1d59f20e5c114dad7b12c9a21db4f7546626338b82d5cc33796,"[88, 0, 405, 640]",0.8408203125,317,640,winesensed:142805307,15,train
/mnt/SSD/workspace/wine/data/WineSensed/chunk_001/output_images/chunk_001/21MLQYDpTLqAEsyj_8Ee8w.jpg,winesensed,21MLQYDpTLqAEsyj_8Ee8w.jpg,winesensed:142805307,,142805307,194491a9dc43700e52e8aaf0,ok,/mnt/SSD/workspace/wine/data/winesensed_embedding/crops/19/194491a9dc43700e52e8aaf0.jpg,47f322ef64d6f083ff8b4350ad4927ab6ce7d4b38b832ab77f3138d292b76acc,f8621d5b188333c36a572f382bb8caf22790e3ace7818cd22d432709d638423e,"[50, 0, 423, 640]",0.55908203125,373,640,winesensed:142805307,15,train
/mnt/SSD/workspace/wine/data/WineSensed/chunk_001/output_images/chunk_001/3H2K64osRee1apNRkiyzqQ.jpg,winesensed,3H2K64osRee1apNRkiyzqQ.jpg,winesensed:142805307,,142805307,375c7da87f44a11f42529ff1,ok,/mnt/SSD/workspace/wine/data/winesensed_embedding/crops/37/375c7da87f44a11f42529ff1.jpg,ca76e37b56f3c6c75d92190452f002cb89c9fcb6d76124bf2daf7efe6ef5da0e,3bccc7081fdb412f4c8a9a4eb422621dae16da0cb2feee9ffeef250f8e969e95,"[95, 0, 350, 615]",0.86181640625,255,615,winesensed:142805307,15,train
/mnt/SSD/workspace/wine/data/WineSensed/chunk_001/output_images/chunk_001/57mLbjsLSxilFRaBwd1Zgw.jpg,winesensed,57mLbjsLSxilFRaBwd1Zgw.jpg,winesensed:142805307,,142805307,3b565207255624f4e34debdc,ok,/mnt/SSD/workspace/wine/data/winesensed_embedding/crops/3b/3b565207255624f4e34debdc.jpg,ebc18340111a7d59a8c1fc55ee0e9d230441edd49886048ad167d410972ab032,b4c4502055d8af5d605f44bbd925c7b01529bef8fec852a74e0e85beec379e23,"[129, 3, 376, 640]",0.75146484375,247,637,winesensed:142805307,15,train
/mnt/SSD/workspace/wine/data/WineSensed/chunk_001/output_images/chunk_001/-rnDp2FaTHumrd5TeQrQcg.jpg,winesensed,-rnDp2FaTHumrd5TeQrQcg.jpg,winesensed:142805307,,142805307,64e78990b2f5b31f12337bf0,ok,/mnt/SSD/workspace/wine/data/winesensed_embedding/crops/64/64e78990b2f5b31f12337bf0.jpg,6c8d69bae55a525754ad7ccacb358c8aa9a3ee77aac36d763182310d0b48f7ee,c9d9b04cd2969cb6c411c6ac1e9f830c5ef69bc1eba4eb90aa807bc159c23269,"[63, 0, 469, 639]",0.556640625,406,639,winesensed:142805307,15,train
/mnt/SSD/workspace/wine/data/WineSensed/chunk_001/output_images/chunk_001/4U6i5ldyQlStoMwA9uA9RQ.jpg,winesensed,4U6i5ldyQlStoMwA9uA9RQ.jpg,winesensed:142805307,,142805307,87f37feaecee7390d30a80ba,ok,/mnt/SSD/workspace/wine/data/winesensed_embedding/crops/87/87f37feaecee7390d30a80ba.jpg,7c22545d164479751a75aca9df7b973cce1b90850b972bbc6a5ed53ea5a8fa77,53af968ef93a39ad8841d03628879c35a584bd4dd2909ed3cc210f76a7ac6c42,"[20, 10, 452, 634]",0.3154296875,432,624,winesensed:142805307,15,train
/mnt/SSD/workspace/wine/data/WineSensed/chunk_001/output_images/chunk_001/1PeptvHCTCOFAo0AjxcXqw.jpg,winesensed,1PeptvHCTCOFAo0AjxcXqw.jpg,winesensed:142805307,,142805307,89e1b2dc7536e1ba5bc11de1,ok,/mnt/SSD/workspace/wine/data/winesensed_embedding/crops/89/89e1b2dc7536e1ba5bc11de1.jpg,f1a89c35fdcf2464a482617c68d85efc4549b3afb786566c395aa98f6b4dfc17,0395a66cd653ed2b0a295f2dfc6457be7e75d5c1ac6e1aab4f6aba7f9d0b0b86,"[19, 0, 442, 636]",0.60107421875,423,636,winesensed:142805307,15,train
/mnt/SSD/workspace/wine/data/WineSensed/chunk_001/output_images/chunk_001/2e7mXwkyT-OeneupviHZrw.jpg,winesensed,2e7mXwkyT-OeneupviHZrw.jpg,winesensed:142805307,,142805307,aaf4e38e1b1c1bb4004a8915,ok,/mnt/SSD/workspace/wine/data/winesensed_embedding/crops/aa/aaf4e38e1b1c1bb4004a8915.jpg,5f8de30b867d5311bd19b5c7ec7eec54b4d1265503465b9d39a1e7c81bd80c2a,e79165987963ccea228e11c67ce3f099ff1064b08821d323737ba0a199d06579,"[73, 0, 480, 640]",0.80615234375,407,640,winesensed:142805307,15,train
/mnt/SSD/workspace/wine/data/WineSensed/chunk_001/output_images/chunk_001/4kBXAFzJRQyHHR8WQqnbUg.jpg,winesensed,4kBXAFzJRQyHHR8WQqnbUg.jpg,winesensed:142805307,,142805307,b99da3dd39ee61bba0c98463,ok,/mnt/SSD/workspace/wine/data/winesensed_embedding/crops/b9/b99da3dd39ee61bba0c98463.jpg,3c002be37caad929cf827fccaee3933987ba23a9526c6ccc74fd79cd4b08d154,9b26bc221587f73c033f394c970c2e575919cb299384c58f02061374d86419ef,"[57, 2, 405, 640]",0.73193359375,348,638,winesensed:142805307,15,train
/mnt/SSD/workspace/wine/data/WineSensed/chunk_001/output_images/chunk_001/-g-zZcxvRnCj38teFs0wgQ.jpg,winesensed,-g-zZcxvRnCj38teFs0wgQ.jpg,winesensed:142805307,,142805307,e88eb372e7b4178eb05e0d49,ok,/mnt/SSD/workspace/wine/data/winesensed_embedding/crops/e8/e88eb372e7b4178eb05e0d49.jpg,6d9387d5bea5bbffd56958cf11c277d5bc66be1388b56c1016a7a673fbb7ff70,b9751de02707ab04c2c2ec33a69e41e4bbdd07e84f3d76738c98137fb37ef690,"[6, 0, 384, 640]",0.82275390625,378,640,winesensed:142805307,15,train
/mnt/SSD/workspace/wine/data/WineSensed/chunk_001/output_images/chunk_001/2jXztG1gThCnTd0JLkJBkQ.jpg,winesensed,2jXztG1gThCnTd0JLkJBkQ.jpg,winesensed:142968889,,142968889,1de412b548fc2244250253e7,ok,/mnt/SSD/workspace/wine/data/winesensed_embedding/crops/1d/1de412b548fc2244250253e7.jpg,77bab22f441ec94d0178511423f5d51748af50ba9a535ad2c276546b3ca4bf5c,6f9467df6c062840e6bf3415f5d6088776d93c04ad22865aee6416cf1b41cc0a,"[88, 0, 419, 640]",0.82080078125,331,640,winesensed:142968889,16,train
/mnt/SSD/workspace/wine/data/WineSensed/chunk_001/output_images/chunk_001/3iqRr90IRzGH1TzfHrMWpQ.jpg,winesensed,3iqRr90IRzGH1TzfHrMWpQ.jpg,winesensed:142968889,,142968889,25f40a22ee636b625f778167,ok,/mnt/SSD/workspace/wine/data/winesensed_embedding/crops/25/25f40a22ee636b625f778167.jpg,5a6c83b5cfc8397c2a2b9e946a9405e6e748b7b345bf00b9d25a420701d3e915,065a1c9e54a8636125ea33e7da9c7a49e2b83c0b7e8922ad73bef4fa20694d2c,"[120, 0, 427, 640]",0.64501953125,307,640,winesensed:142968889,16,train
/mnt/SSD/workspace/wine/data/WineSensed/chunk_001/output_images/chunk_001/1Y2DsaL8Rcm1GvBBFZ8Aqw.jpg,winesensed,1Y2DsaL8Rcm1GvBBFZ8Aqw.jpg,winesensed:142968889,,142968889,2b962e2fd9028848d634177e,ok,/mnt/SSD/workspace/wine/data/winesensed_embedding/crops/2b/2b962e2fd9028848d634177e.jpg,831a39b675eb15f4dfcf3f3a639db18f4dcaccefaffa6b0864e444908ca70fda,73a339c33320af5974a8386b407fffdb3a95260f0a893920c01e4a4e5e04619a,"[17, 0, 390, 640]",0.72265625,373,640,winesensed:142968889,16,train
/mnt/SSD/workspace/wine/data/WineSensed/chunk_001/output_images/chunk_001/0ij0c5GiQMGeYwBi40PvGw.jpg,winesensed,0ij0c5GiQMGeYwBi40PvGw.jpg,winesensed:142968889,,142968889,33850f890a2570ea9acf1332,ok,/mnt/SSD/workspace/wine/data/winesensed_embedding/crops/33/33850f890a2570ea9acf1332.jpg,9ca36270309396d20856226bef6f9b78932531a43d770327385472f60918db04,9bbfdb08435ab79d54b3571e4ee8178f420aaaa379250462056ef0c40269b9c3,"[52, 0, 437, 638]",0.6875,385,638,winesensed:142968889,16,train
/mnt/SSD/workspace/wine/data/WineSensed/chunk_001/output_images/chunk_001/3Ei6EvHxS7-5lrQ9L7BzGA.jpg,winesensed,3Ei6EvHxS7-5lrQ9L7BzGA.jpg,winesensed:142968889,,142968889,35c8f40f34cfccf17e92e242,ok,/mnt/SSD/workspace/wine/data/winesensed_embedding/crops/35/35c8f40f34cfccf17e92e242.jpg,0c90634ae63ac3e5a54ba0d72c3248d2ecccea9aacb696717f4ab1e0f429d428,dff849629f3d8d3d142ac91d9f0e3a9adb297270423d34abe052a6ed52f9cc47,"[124, 0, 366, 640]",0.82421875,242,640,winesensed:142968889,16,train
/mnt/SSD/workspace/wine/data/WineSensed/chunk_001/output_images/chunk_001/46HHjDoWTSOaJrhUolYAXA.jpg,winesensed,46HHjDoWTSOaJrhUolYAXA.jpg,winesensed:142968889,,142968889,50ff02b463fd48cbd1e1eee0,ok,/mnt/SSD/workspace/wine/data/winesensed_embedding/crops/50/50ff02b463fd48cbd1e1eee0.jpg,d1b8b9cc79e741360479528369883a5ffdb2e37a0691745d6952b5c8c16e579f,79f1f34b968c3135427641f3dcccb3d527c6cbf64045fd6158a6f5721a5c1aef,"[91, 0, 413, 640]",0.76220703125,322,640,winesensed:142968889,16,train
/mnt/SSD/workspace/wine/data/WineSensed/chunk_001/output_images/chunk_001/3ZXBgPg5T5ODeTzxPrJWdg.jpg,winesensed,3ZXBgPg5T5ODeTzxPrJWdg.jpg,winesensed:142968889,,142968889,9f0af120b073e3947ad56d55,ok,/mnt/SSD/workspace/wine/data/winesensed_embedding/crops/9f/9f0af120b073e3947ad56d55.jpg,8049abe1fd6616f848f6bf2a1d9ec9f6d1215ab2f02762f794d7e908bc6f8543,88ba0453f56b1f1a8181ad3e03298d248809b1b8a7a4bf90345e46cf74d4026b,"[47, 0, 409, 640]",0.73095703125,362,640,winesensed:142968889,16,train
/mnt/SSD/workspace/wine/data/WineSensed/chunk_001/output_images/chunk_001/1PYWPB3nR8KSgThP_pE2Wg.jpg,winesensed,1PYWPB3nR8KSgThP_pE2Wg.jpg,winesensed:142968889,,142968889,a71d0370f698130cd7128289,ok,/mnt/SSD/workspace/wine/data/winesensed_embedding/crops/a7/a71d0370f698130cd7128289.jpg,64b8c9862c3e547fb314a45f74e6847cd1b43840d09ba11917ddec59790ec080,0ac121dc66639e92258bc103b993c804f9cf7a9a39af8c43448133b1378fda90,"[16, 0, 358, 637]",0.494140625,342,637,winesensed:142968889,16,train
/mnt/SSD/workspace/wine/data/WineSensed/chunk_001/output_images/chunk_001/2BHeXVOVQbK2b_wEt4FSVg.jpg,winesensed,2BHeXVOVQbK2b_wEt4FSVg.jpg,winesensed:142968889,,142968889,c15a757bc0f838e5c9c092b9,ok,/mnt/SSD/workspace/wine/data/winesensed_embedding/crops/c1/c15a757bc0f838e5c9c092b9.jpg,f4605107e48c03dc9a773ca9773aef30b5c1bb2e76a4c0fa09a3bb2ba74f3e1e,7b821fda7697352a1cacf09c7d8b405c33c93fdbfaa6bbd5da8e1c61b676ea94,"[109, 0, 445, 640]",0.84130859375,336,640,winesensed:142968889,16,train
/mnt/SSD/workspace/wine/data/WineSensed/chunk_001/output_images/chunk_001/1jQ9sTOCS8eN1W0nicVepw.jpg,winesensed,1jQ9sTOCS8eN1W0nicVepw.jpg,winesensed:142968889,,142968889,c77a955c6157172672b6dfa6,ok,/mnt/SSD/workspace/wine/data/winesensed_embedding/crops/c7/c77a955c6157172672b6dfa6.jpg,8d5276bf291d3fa1b7bfeb48f8ecec0df877ae629bf0865d10ca34714d2c9685,2a6a322dff3798843f78f29c9bd7c00bf9f5495064f100a7d39b442e2fc68c48,"[85, 0, 391, 640]",0.736328125,306,640,winesensed:142968889,16,train
/mnt/SSD/workspace/wine/data/WineSensed/chunk_001/output_images/chunk_001/-bbCyH-0SUearnvXz34IDw.jpg,winesensed,-bbCyH-0SUearnvXz34IDw.jpg,winesensed:142968889,,142968889,d7e9b9ae1a15a1f036faa757,ok,/mnt/SSD/workspace/wine/data/winesensed_embedding/crops/d7/d7e9b9ae1a15a1f036faa757.jpg,1327e3f2babd716e36a6c0c175b088180ce1ec4f88f0b40f3b6196deb10ff389,23f6f14c94d4e4e6b71d52449852e816fc4aa06d0c8a650320986153d5f0b0bb,"[42, 0, 447, 640]",0.7626953125,405,640,winesensed:142968889,16,train
/mnt/SSD/workspace/wine/data/WineSensed/chunk_001/output_images/chunk_001/4acd1_nbQ0SQvtKVB4GpEg.jpg,winesensed,4acd1_nbQ0SQvtKVB4GpEg.jpg,winesensed:142968889,,142968889,fdd7ebe499c81b7b957b36dc,ok,/mnt/SSD/workspace/wine/data/winesensed_embedding/crops/fd/fdd7ebe499c81b7b957b36dc.jpg,bc8b71043f52f9d9b99d12027b9db5fdca146f40c8b91b565bd4c7a3293a723f,b0bd5a16b1cda7c251914d570b3f3e9015cf2c4dee0bdfde78d0654bebd9d020,"[46, 0, 366, 640]",0.82373046875,320,640,winesensed:142968889,16,train
/mnt/SSD/workspace/wine/data/WineSensed/chunk_002/output_images/chunk_002/7s0ak2cJSZe0PyuAJpT-nQ.jpg,winesensed,7s0ak2cJSZe0PyuAJpT-nQ.jpg,winesensed:14312716,,14312716,23e9ac5b574d39aaac79df2e,ok,/mnt/SSD/workspace/wine/data/winesensed_embedding/crops/23/23e9ac5b574d39aaac79df2e.jpg,cd781a22598a0474077743d70c1a890ebf942f6eb3e9bc2efb5a4f19a9baa73a,0a4c53b141e84053a1edc06fb102a6bbe5cba8fbb423c93bfd16831de563fa7b,"[50, 8, 446, 632]",0.382568359375,396,624,winesensed:14312716,17,train
/mnt/SSD/workspace/wine/data/WineSensed/chunk_002/output_images/chunk_002/BFbjd3S9TsC609Zswyii0g.jpg,winesensed,BFbjd3S9TsC609Zswyii0g.jpg,winesensed:14312716,,14312716,2734374d62c9640d89f5f2f7,ok,/mnt/SSD/workspace/wine/data/winesensed_embedding/crops/27/2734374d62c9640d89f5f2f7.jpg,3f77bc996c255dcae17367b253d27c90f2bd7c50d23903417f344af922da49dc,c3b2c61df001a1cc0633654dae147ee87e4e5268084d67ca5491efa219324e2e,"[50, 9, 379, 640]",0.35400390625,329,631,winesensed:14312716,17,train
/mnt/SSD/workspace/wine/data/WineSensed/chunk_002/output_images/chunk_002/6AuOqIdKRbaXqpb9lDNbGg.jpg,winesensed,6AuOqIdKRbaXqpb9lDNbGg.jpg,winesensed:14312716,,14312716,405ae80b7cdd56ada7a3cf19,ok,/mnt/SSD/workspace/wine/data/winesensed_embedding/crops/40/405ae80b7cdd56ada7a3cf19.jpg,72e469034866f33bda070e56fdf82d16700598580f89a5240f1e05ceea7030d7,f63bf0d4564da7977a7a455488695da491285cda63ea1d9d45c1deffee29c4f0,"[133, 0, 345, 626]",0.84228515625,212,626,winesensed:14312716,17,train
/mnt/SSD/workspace/wine/data/WineSensed/chunk_002/output_images/chunk_002/8Al5NdUNSCWeG9BsjXoUQQ.jpg,winesensed,8Al5NdUNSCWeG9BsjXoUQQ.jpg,winesensed:14312716,,14312716,5d5ae64173175782d7d24508,ok,/mnt/SSD/workspace/wine/data/winesensed_embedding/crops/5d/5d5ae64173175782d7d24508.jpg,7bdc52b71e626b819a8f7b9af8dcc3e76eaf4416d568ea9035b062c9d105d88e,4d9be9809c8d165b24f0df3a2e93ec369771b805fc33157ecc8f70c5aa135cc4,"[141, 0, 374, 640]",0.875,233,640,winesensed:14312716,17,train
/mnt/SSD/workspace/wine/data/WineSensed/chunk_003/output_images/chunk_003/FPWoFJM8T4Ob0J-uxOTMSA.jpg,winesensed,FPWoFJM8T4Ob0J-uxOTMSA.jpg,winesensed:14312716,,14312716,61c48a34461f7a7ce6acbc6f,ok,/mnt/SSD/workspace/wine/data/winesensed_embedding/crops/61/61c48a34461f7a7ce6acbc6f.jpg,8444bd714c91b5921bbcb36a7e9e285346eaa777cb768ee972b7d054e1cc3ee7,5cdc692d790da4c4241ad19f3e0b647e39f3b8da92d6983e83483d68571a1f30,"[90, 0, 381, 640]",0.351318359375,291,640,winesensed:14312716,17,train
/mnt/SSD/workspace/wine/data/WineSensed/chunk_003/output_images/chunk_003/EV1XexnlR_u7yZEPq-d-MA.jpg,winesensed,EV1XexnlR_u7yZEPq-d-MA.jpg,winesensed:14312716,,14312716,b26398bd90f3b4159f8c93b9,ok,/mnt/SSD/workspace/wine/data/winesensed_embedding/crops/b2/b26398bd90f3b4159f8c93b9.jpg,e617d6889469dc66fdc6b4c5992d9ba1dd3cfc79a2da7adc76c89b4eae8fb501,93775768e94d3ec751643dd8013831527b71dab13c423566ba7870eb5d6e6a0d,"[107, 2, 396, 640]",0.43212890625,289,638,winesensed:14312716,17,train
/mnt/SSD/workspace/wine/data/WineSensed/chunk_002/output_images/chunk_002/71oM3InUTOSCrHmrXMjpfg.jpg,winesensed,71oM3InUTOSCrHmrXMjpfg.jpg,winesensed:14312716,,14312716,ca1239f1dba6393af6ee5d2f,ok,/mnt/SSD/workspace/wine/data/winesensed_embedding/crops/ca/ca1239f1dba6393af6ee5d2f.jpg,5dc35fb9b969ef23786096bc1dcb5db9aed63a42056504705e2a30d2e5c1c84a,c3d5bb543adf8770b413ce315f0822131ac640522f228b683161feffa3893d21,"[85, 0, 316, 640]",0.876953125,231,640,winesensed:14312716,17,train
/mnt/SSD/workspace/wine/data/WineSensed/chunk_001/output_images/chunk_001/5GyiZgRqTvOdYUuFG6WeOA.jpg,winesensed,5GyiZgRqTvOdYUuFG6WeOA.jpg,winesensed:14312716,,14312716,d55fe5152ec146d9ac7ee9ba,ok,/mnt/SSD/workspace/wine/data/winesensed_embedding/crops/d5/d55fe5152ec146d9ac7ee9ba.jpg,6892a46d872b1e823560c70a01c74f9cbeabf68a4e71ebe0b7ef957bb7de4b62,56f1414afab5a8a1ec3a059d1016478ec4fa3c0b316ccf334c2cd811dcff6e52,"[86, 0, 394, 640]",0.77197265625,308,640,winesensed:14312716,17,train
/mnt/SSD/workspace/wine/data/WineSensed/chunk_001/output_images/chunk_001/-QUGWmElT8yB4Bieru9R7w.jpg,winesensed,-QUGWmElT8yB4Bieru9R7w.jpg,winesensed:14312716,,14312716,d8aa0c000c0e5c158ede1597,ok,/mnt/SSD/workspace/wine/data/winesensed_embedding/crops/d8/d8aa0c000c0e5c158ede1597.jpg,f678d374681e65b2eb501d605646c97c853833c324465265cd467ed0d223b274,8403753b9e7dae755961a3e5fd19ea7c15a8166ffaf1ede40a2437eb37aab5e8,"[27, 0, 400, 640]",0.313232421875,373,640,winesensed:14312716,17,train
/mnt/SSD/workspace/wine/data/WineSensed/chunk_003/output_images/chunk_003/GFR5P2_0Rbe3C5V8LpSEvA.jpg,winesensed,GFR5P2_0Rbe3C5V8LpSEvA.jpg,winesensed:14312716,,14312716,e536bd77e5fadb9e426ed8ad,ok,/mnt/SSD/workspace/wine/data/winesensed_embedding/crops/e5/e536bd77e5fadb9e426ed8ad.jpg,e89d6835b0faeb395bc5666963786b50a997a01c08857fb88f298f4f0de7d1f8,1a016a718af0b34637a6e8b6b106d1826f06265d4158c3621002e15ad425b90b,"[88, 4, 426, 637]",0.297119140625,338,633,winesensed:14312716,17,train
/mnt/SSD/workspace/wine/data/WineSensed/chunk_002/output_images/chunk_002/BI4D3eCHTWSWkZWSeiEy1Q.jpg,winesensed,BI4D3eCHTWSWkZWSeiEy1Q.jpg,winesensed:14312716,,14312716,ec930124045c79777704cfb4,ok,/mnt/SSD/workspace/wine/data/winesensed_embedding/crops/ec/ec930124045c79777704cfb4.jpg,902d25d2f1517a4b1ea1b368b7b3196d9c19c8b13cf85bbf780657ec6d9d2844,a507571f8b8651a4cfb9d701bf943d5b14193286aa0c1919bc0f208e7124a4a8,"[39, 0, 466, 631]",0.4091796875,427,631,winesensed:14312716,17,train
/mnt/SSD/workspace/wine/data/WineSensed/chunk_003/output_images/chunk_003/FAemvbRFQBqBZqWbr4q_qQ.jpg,winesensed,FAemvbRFQBqBZqWbr4q_qQ.jpg,winesensed:14312716,,14312716,fb947bbcc350c8103fcee821,ok,/mnt/SSD/workspace/wine/data/winesensed_embedding/crops/fb/fb947bbcc350c8103fcee821.jpg,684e08b56945c9c45b6cea46bcb3941a6329ef572d7f4f5a039c6226be8b7093,152792a611faf91687a3d46b90b9386f5f682660f0dc4c557376595b3fa7e206,"[33, 4, 412, 640]",0.444580078125,379,636,winesensed:14312716,17,train
/mnt/SSD/workspace/wine/data/WineSensed/chunk_001/output_images/chunk_001/2JJXsSxZQ86k_0TKZWb8OQ.jpg,winesensed,2JJXsSxZQ86k_0TKZWb8OQ.jpg,winesensed:14329752,,14329752,06d61c197648b7774f87c962,ok,/mnt/SSD/workspace/wine/data/winesensed_embedding/crops/06/06d61c197648b7774f87c962.jpg,5ced6b2a7c27defb11045843f27c58ebffb872ff136cee04ed27a6f5d94d64bb,20a451e9a5bdb0f1f80ad1879f0ca3d9c19ad93c3f7a6b86c4fa940410171448,"[0, 0, 396, 634]",0.3447265625,396,634,winesensed:14329752,18,val
/mnt/SSD/workspace/wine/data/WineSensed/chunk_002/output_images/chunk_002/AkncViOFSVG7Uac-lJD9PQ.jpg,winesensed,AkncViOFSVG7Uac-lJD9PQ.jpg,winesensed:14329752,,14329752,5d387484129d6c890b075e97,ok,/mnt/SSD/workspace/wine/data/winesensed_embedding/crops/5d/5d387484129d6c890b075e97.jpg,786539b4799973603e6bffdcfef1a6e452926bb8fcbc2be832617839ecc3c3ea,490be32abaa3e375f1cff785c0d57f9883222dcb61367e880c8f675b5ebc634d,"[50, 0, 402, 640]",0.6953125,352,640,winesensed:14329752,18,val
/mnt/SSD/workspace/wine/data/WineSensed/chunk_002/output_images/chunk_002/5r-vHnKOQJSxn_TOzRPBlg.jpg,winesensed,5r-vHnKOQJSxn_TOzRPBlg.jpg,winesensed:14329752,,14329752,69edbe5f549d25882234c3ae,ok,/mnt/SSD/workspace/wine/data/winesensed_embedding/crops/69/69edbe5f549d25882234c3ae.jpg,956ed40e0a3fae93447093bd7c65bd157fe79da19ebc416b3c3ea0e22f8883e9,0ff5a399977f8c9d008396720771b19f2e781388eea59e8bd48acd2e9f0a93e1,"[89, 1, 421, 631]",0.7548828125,332,630,winesensed:14329752,18,val
/mnt/SSD/workspace/wine/data/WineSensed/chunk_001/output_images/chunk_001/4dADhhhSQG-Lgq8gFa-EEw.jpg,winesensed,4dADhhhSQG-Lgq8gFa-EEw.jpg,winesensed:14329752,,14329752,8715808ef340741b0199b851,ok,/mnt/SSD/workspace/wine/data/winesensed_embedding/crops/87/8715808ef340741b0199b851.jpg,f743fe64d7abc4779527b38d797f2eaf5231a8a3c1db1c61475ee93b56828151,5cd627acad1ac230f928d00643c69c4aa133bb2a1e77a19416fa91af6a6f5ddf,"[87, 0, 346, 617]",0.33154296875,259,617,winesensed:14329752,18,val
/mnt/SSD/workspace/wine/data/WineSensed/chunk_001/output_images/chunk_001/2DsAOFhpQbacpAV2ZvV2kg.jpg,winesensed,2DsAOFhpQbacpAV2ZvV2kg.jpg,winesensed:14329752,,14329752,a756596bcc1e036b798bfefa,ok,/mnt/SSD/workspace/wine/data/winesensed_embedding/crops/a7/a756596bcc1e036b798bfefa.jpg,bb338503ec917d2ee1dcf421817e1cdb45e78e1a2212b2fc30854eda2f89f106,6a3a26920c56a64f7c0e3e61ce4f7a12d660b7023642788fd880f1b411afa9a0,"[33, 4, 461, 640]",0.47265625,428,636,winesensed:14329752,18,val
/mnt/SSD/workspace/wine/data/WineSensed/chunk_001/output_images/chunk_001/3wTSaMUASI-1MbkCRhXQCQ.jpg,winesensed,3wTSaMUASI-1MbkCRhXQCQ.jpg,winesensed:14329752,,14329752,a9ffb6d84e3c581422a60019,ok,/mnt/SSD/workspace/wine/data/winesensed_embedding/crops/a9/a9ffb6d84e3c581422a60019.jpg,0a03d90deebd425237f808b7ec60d64cacef99cf522868b6b03db2b15a86f0fc,50cfef79cd8ee915881291ab795d1ea5ec95373886729d9a7025ddb539370b60,"[86, 0, 405, 633]",0.74560546875,319,633,winesensed:14329752,18,val
/mnt/SSD/workspace/wine/data/WineSensed/chunk_002/output_images/chunk_002/AvFULmDhS96HG0j3Kb-19A.jpg,winesensed,AvFULmDhS96HG0j3Kb-19A.jpg,winesensed:14329752,,14329752,b048aacc671c3ed4e0125949,ok,/mnt/SSD/workspace/wine/data/winesensed_embedding/crops/b0/b048aacc671c3ed4e0125949.jpg,9df2f98e472865cd2d77319ce9e582352c5c8da91a27db87f668f06f0a6db7e8,8eef1b58962009e46c5e0cf823a1368a521b4022849a66f993a219948e706b00,"[54, 0, 400, 633]",0.362548828125,346,633,winesensed:14329752,18,val
/mnt/SSD/workspace/wine/data/WineSensed/chunk_001/output_images/chunk_001/-R7pXWFdRzuNvss8cU98Mg.jpg,winesensed,-R7pXWFdRzuNvss8cU98Mg.jpg,winesensed:14329752,,14329752,bdf88e511a488fe209dd1a0f,ok,/mnt/SSD/workspace/wine/data/winesensed_embedding/crops/bd/bdf88e511a488fe209dd1a0f.jpg,726f20a62d1882c05ef4f05e3575340c9b4ef9d50d03db25850837402a82f126,d4581140bb4e60a992068a1749b672202d8e4dfac2dfa946264ca1370b881d6b,"[38, 0, 423, 637]",0.81689453125,385,637,winesensed:14329752,18,val
/mnt/SSD/workspace/wine/data/WineSensed/chunk_002/output_images/chunk_002/8mCVM4ZSSoWicBLcnHyGVQ.jpg,winesensed,8mCVM4ZSSoWicBLcnHyGVQ.jpg,winesensed:14329752,,14329752,c1610797a66d6aa7fffe4c34,ok,/mnt/SSD/workspace/wine/data/winesensed_embedding/crops/c1/c1610797a66d6aa7fffe4c34.jpg,cd871d7f390317edb8a8e3a58f8091ada97b1bf1771fe494690d1e1e5fb6f3a4,dee5943f8ba5b1f940e8f9b8de6666e04f79d8eff589da43bfa7d1d966f3220d,"[6, 0, 433, 640]",0.75927734375,427,640,winesensed:14329752,18,val
/mnt/SSD/workspace/wine/data/WineSensed/chunk_002/output_images/chunk_002/AS0ZkbJbQkuz6no7281Nug.jpg,winesensed,AS0ZkbJbQkuz6no7281Nug.jpg,winesensed:14329752,,14329752,dd1ec9fd84a41ff9991f9462,ok,/mnt/SSD/workspace/wine/data/winesensed_embedding/crops/dd/dd1ec9fd84a41ff9991f9462.jpg,23ef80eb2452dfd1c94516d80d497b956d871c016d968abe55d661c949786c59,079a3f4bf14d84ad728925aa448f140211752f0b6ffafc640a46cbd2cdaca53c,"[0, 1, 409, 636]",0.361083984375,409,635,winesensed:14329752,18,val
/mnt/SSD/workspace/wine/data/WineSensed/chunk_002/output_images/chunk_002/9XaoMJW2QLG_unzh5smwAw.jpg,winesensed,9XaoMJW2QLG_unzh5smwAw.jpg,winesensed:14329752,,14329752,e673853f5bb62e342210dc1c,ok,/mnt/SSD/workspace/wine/data/winesensed_embedding/crops/e6/e673853f5bb62e342210dc1c.jpg,f401ae8b6957a4b961bb8d5e8b305ce1f076fc53d3bf7e5bcd0c28a66f4f5790,6a5d66209c016c35846944b99ebbc233d04b86a0d1ec4b5b16c0b37b29bbfcc7,"[84, 0, 427, 639]",0.69775390625,343,639,winesensed:14329752,18,val
/mnt/SSD/workspace/wine/data/WineSensed/chunk_001/output_images/chunk_001/1_CQtNwtT9K10kMgon6Plg.jpg,winesensed,1_CQtNwtT9K10kMgon6Plg.jpg,winesensed:14329752,,14329752,fe6c9cc34acfd475817af384,ok,/mnt/SSD/workspace/wine/data/winesensed_embedding/crops/fe/fe6c9cc34acfd475817af384.jpg,2230aca3385d8d8387ac4d7e541319ed0f12356f127275a5fe1ca3b029bdbeae,14c6a04ca834e21a7490f1c306cad5f8dd4898112e58546ecf91adad47a2e5f2,"[38, 2, 422, 625]",0.6123046875,384,623,winesensed:14329752,18,val
/mnt/SSD/workspace/wine/data/WineSensed/chunk_001/output_images/chunk_001/0_ftBnyuSuyQ-dGpzxwSIA.jpg,winesensed,0_ftBnyuSuyQ-dGpzxwSIA.jpg,winesensed:14349172,,14349172,033da478bcb160f9c6e04255,ok,/mnt/SSD/workspace/wine/data/winesensed_embedding/crops/03/033da478bcb160f9c6e04255.jpg,27fd131fceacaf4d89c728bfd2be382d03cf2263071d6347ad48982fd210c54c,e4bc94ba70c95d7fbfb0d1ad9cf8232e92c678f493d2e97da826ef8d8d4b5c86,"[44, 1, 410, 640]",0.4736328125,366,639,winesensed:14349172,19,train
/mnt/SSD/workspace/wine/data/WineSensed/chunk_002/output_images/chunk_002/76bJ7EyNQhiUeljqNgQoZA.jpg,winesensed,76bJ7EyNQhiUeljqNgQoZA.jpg,winesensed:14349172,,14349172,4a63cf8aca83fb929e36b5cf,ok,/mnt/SSD/workspace/wine/data/winesensed_embedding/crops/4a/4a63cf8aca83fb929e36b5cf.jpg,877792a1ea65872e927e934bc6db9e0cf48d7f41186cf1e83f9e9ccc97c4e64c,f59e4fcd3e5c607f842d9222ec9c69bbbd703df360a4b8b2af2ca3be1bb254c3,"[89, 0, 375, 635]",0.8154296875,286,635,winesensed:14349172,19,train
/mnt/SSD/workspace/wine/data/WineSensed/chunk_001/output_images/chunk_001/5364VyQbTwmmq1X1lhrEgA.jpg,winesensed,5364VyQbTwmmq1X1lhrEgA.jpg,winesensed:14349172,,14349172,4c093e8938e4585af811e834,ok,/mnt/SSD/workspace/wine/data/winesensed_embedding/crops/4c/4c093e8938e4585af811e834.jpg,952bbce46f37d340c87d1ea99249d2ec20b480d99026e26fd5e4605796a25497,9b381f1c5b7c38f9e1bff762a424fd9cbd6082bc8435c8fbc7c5242fd6245e9d,"[24, 0, 397, 639]",0.393798828125,373,639,winesensed:14349172,19,train
/mnt/SSD/workspace/wine/data/WineSensed/chunk_001/output_images/chunk_001/4TSmkfpZSIamD-74Pc8KUw.jpg,winesensed,4TSmkfpZSIamD-74Pc8KUw.jpg,winesensed:14349172,,14349172,5eba3edacee1df29e070fba1,ok,/mnt/SSD/workspace/wine/data/winesensed_embedding/crops/5e/5eba3edacee1df29e070fba1.jpg,c7aae0da71a6e77f5b09e53de3cf638e23a94b4f352945a012bfd0780bc45c6f,c4ce173c3fd232549db06e1d3c5b97d009eba163b0e6655fc97638992fe338c5,"[25, 0, 456, 635]",0.322509765625,431,635,winesensed:14349172,19,train
/mnt/SSD/workspace/wine/data/WineSensed/chunk_001/output_images/chunk_001/2IWrAkGxSuOmLQwMplP07A.jpg,winesensed,2IWrAkGxSuOmLQwMplP07A.jpg,winesensed:14349172,,14349172,74da3b15b7fa98a3b5b31107,ok,/mnt/SSD/workspace/wine/data/winesensed_embedding/crops/74/74da3b15b7fa98a3b5b31107.jpg,d884c29284ec963eee8d252a25f16fb1ddf8cf4c35f504766cda3981bda0b2fd,5360db1fc6dda7d9b8597ed4695f8b640af3ffd434bb7d53ed0c7d7c6811a511,"[72, 0, 411, 640]",0.55712890625,339,640,winesensed:14349172,19,train
/mnt/SSD/workspace/wine/data/WineSensed/chunk_001/output_images/chunk_001/2jaFvg3sS6KohjMXTk_hKg.jpg,winesensed,2jaFvg3sS6KohjMXTk_hKg.jpg,winesensed:14349172,,14349172,a20aebcf4f7634ddf6c1ffdf,ok,/mnt/SSD/workspace/wine/data/winesensed_embedding/crops/a2/a20aebcf4f7634ddf6c1ffdf.jpg,e61939eb033db189b9772bbe5c77cf86429e777a21a59a2ebce966f79394b36a,d4b5cf8beb94c5ab226ccd9f9e8fc1a9563126c72f648441bb067aa69b23e32b,"[53, 1, 418, 632]",0.357177734375,365,631,winesensed:14349172,19,train
/mnt/SSD/workspace/wine/data/WineSensed/chunk_002/output_images/chunk_002/5SJJxjSIQ_2rMPDjB7yT1w.jpg,winesensed,5SJJxjSIQ_2rMPDjB7yT1w.jpg,winesensed:14349172,,14349172,ab6bb3450e0d41415bb1481b,ok,/mnt/SSD/workspace/wine/data/winesensed_embedding/crops/ab/ab6bb3450e0d41415bb1481b.jpg,8713f34b40cbd8f1eda0e96ac09bc9f8e0522c76f474baae96be8638254fce45,cc659fe1fe88948f442273c98142172e22833d8d0764cfaf336c8f720a11ac4f,"[45, 0, 450, 632]",0.5498046875,405,632,winesensed:14349172,19,train
/mnt/SSD/workspace/wine/data/WineSensed/chunk_002/output_images/chunk_002/5b-_QGtXTQ2Svhn8AtbN7Q.jpg,winesensed,5b-_QGtXTQ2Svhn8AtbN7Q.jpg,winesensed:14349172,,14349172,d17645035d539342aedb762a,ok,/mnt/SSD/workspace/wine/data/winesensed_embedding/crops/d1/d17645035d539342aedb762a.jpg,a081b4992891c54eed40ca9dacb9d49531159ddc61f3f8e3dbeb0891e3836dfc,9d5f4db0eac9268f4936a7ed40d64c0f1847940529bd95cf3b63e3150f367b44,"[8, 0, 444, 630]",0.35791015625,436,630,winesensed:14349172,19,train
/mnt/SSD/workspace/wine/data/WineSensed/chunk_001/output_images/chunk_001/-JG3dzrZS7CKzqjDOeNF6Q.jpg,winesensed,-JG3dzrZS7CKzqjDOeNF6Q.jpg,winesensed:14349172,,14349172,d708e9f74d826ac802eb7c16,ok,/mnt/SSD/workspace/wine/data/winesensed_embedding/crops/d7/d708e9f74d826ac802eb7c16.jpg,751a3ed6e96e534f56c6cd249a5e4e5a2e68a8863f8920433182f99cddac7b52,e9d3a1549ccbf8df89be49dc0d6283498b2255e242356d45dc48277262d5d09c,"[48, 0, 374, 640]",0.34375,326,640,winesensed:14349172,19,train
/mnt/SSD/workspace/wine/data/WineSensed/chunk_002/output_images/chunk_002/7nwXVMC7SmmcMGIgV8o9qA.jpg,winesensed,7nwXVMC7SmmcMGIgV8o9qA.jpg,winesensed:14349172,,14349172,e0fc056a2dc1baac9694b39f,ok,/mnt/SSD/workspace/wine/data/winesensed_embedding/crops/e0/e0fc056a2dc1baac9694b39f.jpg,e802086b1a44928400e75911ec1de4d59adb0b7734e34149e5c81ee5bdc47084,5569a2f59e8eaa5949af4eb301404397da7a861b506b52c9fdc3b9c7bdea1ae7,"[0, 17, 480, 626]",0.267333984375,480,609,winesensed:14349172,19,train
/mnt/SSD/workspace/wine/data/WineSensed/chunk_002/output_images/chunk_002/7UdZ7vK7TJqbJo7_aL600Q.jpg,winesensed,7UdZ7vK7TJqbJo7_aL600Q.jpg,winesensed:14349172,,14349172,f4e91956a0ee4fdb91ac644b,ok,/mnt/SSD/workspace/wine/data/winesensed_embedding/crops/f4/f4e91956a0ee4fdb91ac644b.jpg,20d5d8a59e1ca102cb14b87952d721623a343858dc69fa557d51cc4b636ab09b,f8616f083bc89207a65e3794be396c4c8c3d81381cd5461c6e915204d1639913,"[109, 17, 409, 637]",0.408203125,300,620,winesensed:14349172,19,train
/mnt/SSD/workspace/wine/data/WineSensed/chunk_001/output_images/chunk_001/3L8Wj93UQduwodGoDcBceQ.jpg,winesensed,3L8Wj93UQduwodGoDcBceQ.jpg,winesensed:14349172,,14349172,fc2c1e104214692bd1d04371,ok,/mnt/SSD/workspace/wine/data/winesensed_embedding/crops/fc/fc2c1e104214692bd1d04371.jpg,16381edfb66b35056980a7a51956956771f4546fbd4b7dd208cbd24e2db517f2,ead1ce0b45da695485ec35fc49f6ab7359a347f9b36cc7619b63862cca6c6a8f,"[77, 0, 453, 640]",0.6318359375,376,640,winesensed:14349172,19,train
/mnt/SSD/workspace/wine/data/WineSensed/chunk_001/output_images/chunk_001/15bXghlUSMehppmzWq_FYQ.jpg,winesensed,15bXghlUSMehppmzWq_FYQ.jpg,winesensed:143590134,,143590134,1288a2b1de2094bd8dcaba9c,ok,/mnt/SSD/workspace/wine/data/winesensed_embedding/crops/12/1288a2b1de2094bd8dcaba9c.jpg,8f172bfe06a943d23665c13e5cd95b3a48cff68716f0074c74a6c85a32673cef,2c187cf9dcb3331700867694134114ae7ea483e70a22135f85f99d44be770d6d,"[110, 0, 425, 634]",0.440673828125,315,634,winesensed:143590134,20,train
/mnt/SSD/workspace/wine/data/WineSensed/chunk_001/output_images/chunk_001/4Nsu4A1aQxCD-qkj5myPxg.jpg,winesensed,4Nsu4A1aQxCD-qkj5myPxg.jpg,winesensed:143590134,,143590134,1c80308d5bc9b97301c2131e,ok,/mnt/SSD/workspace/wine/data/winesensed_embedding/crops/1c/1c80308d5bc9b97301c2131e.jpg,c89e4b258e2856f9871eb99bf521acfa748e9f93fc232760fee799a2b6a65592,260f66a229c0aa911b8139779053c4eb37e97659e77f476017ea912e1b979189,"[85, 0, 365, 640]",0.68603515625,280,640,winesensed:143590134,20,train
/mnt/SSD/workspace/wine/data/WineSensed/chunk_001/output_images/chunk_001/4JHZZUy5SaG3a4ZxH8jijg.jpg,winesensed,4JHZZUy5SaG3a4ZxH8jijg.jpg,winesensed:143590134,,143590134,538d64c5040143ab1aeea59f,ok,/mnt/SSD/workspace/wine/data/winesensed_embedding/crops/53/538d64c5040143ab1aeea59f.jpg,7a43227445e9904b6e628d070b6d3bfdf68db2ec896f2840b061688a099e7b76,4239b38452c7711b6c94edae12398075fcf039021966e94f6dde05fd43bc9ec5,"[47, 0, 423, 640]",0.267333984375,376,640,winesensed:143590134,20,train
/mnt/SSD/workspace/wine/data/WineSensed/chunk_001/output_images/chunk_001/2MI4auHyQ8KiYFD7EcE2yA.jpg,winesensed,2MI4auHyQ8KiYFD7EcE2yA.jpg,winesensed:143590134,,143590134,88a0a6e771c985d5abddbfe2,ok,/mnt/SSD/workspace/wine/data/winesensed_embedding/crops/88/88a0a6e771c985d5abddbfe2.jpg,0267618cd20207feaec3e535c4b6d692675b85d7fa80d7dadbcadfe7c3e6e709,17bad19dd20fae57310ff6ed99b910bebfc9220913ad3a2de889b3c06650a653,"[62, 0, 395, 640]",0.5498046875,333,640,winesensed:143590134,20,train
/mnt/SSD/workspace/wine/data/WineSensed/chunk_001/output_images/chunk_001/2v5OJcPBQySHwSsxKgwHfg.jpg,winesensed,2v5OJcPBQySHwSsxKgwHfg.jpg,winesensed:143590134,,143590134,b0c294b9b06ee153698c2d50,ok,/mnt/SSD/workspace/wine/data/winesensed_embedding/crops/b0/b0c294b9b06ee153698c2d50.jpg,4adb624a419b6375cc396a29cf7f78ba788b8cc11a3885bf9b472c4a7784a4b1,cbbb3b9493169be076943565ff86b443f511e902cc5102725f1b9ab13e3c757f,"[31, 2, 429, 619]",0.32470703125,398,617,winesensed:143590134,20,train
/mnt/SSD/workspace/wine/data/WineSensed/chunk_001/output_images/chunk_001/-Xl2siVSR2iYxzDk9lGc3w.jpg,winesensed,-Xl2siVSR2iYxzDk9lGc3w.jpg,winesensed:143590134,,143590134,b250dcba3713701ef911f85b,ok,/mnt/SSD/workspace/wine/data/winesensed_embedding/crops/b2/b250dcba3713701ef911f85b.jpg,b4873566e8e5b510ea0aaa8ec804060b2f6259b6f87cee65628cf45f97e4fc35,4179499cae39de8152e1fdb735de62e75281bc50a11538cfc9da2e337a2cec80,"[89, 4, 394, 638]",0.436767578125,305,634,winesensed:143590134,20,train
/mnt/SSD/workspace/wine/data/WineSensed/chunk_001/output_images/chunk_001/2-k2r8tMRQiZuE8n37YKfw.jpg,winesensed,2-k2r8tMRQiZuE8n37YKfw.jpg,winesensed:143590134,,143590134,c01c7bee127738cb707b0e69,ok,/mnt/SSD/workspace/wine/data/winesensed_embedding/crops/c0/c01c7bee127738cb707b0e69.jpg,54e6874f9bd50d33fcedc9a36308330ea6a0e6ea9c52267cf20c6615e0930796,3c254a2d849b312dff93e755472c5c64cf91e18b4a67406a065f73028aa2fcc5,"[73, 4, 372, 640]",0.42919921875,299,636,winesensed:143590134,20,train
/mnt/SSD/workspace/wine/data/WineSensed/chunk_001/output_images/chunk_001/0uMuQcyhQuyksI91AlpnJw.jpg,winesensed,0uMuQcyhQuyksI91AlpnJw.jpg,winesensed:143590134,,143590134,c5888ba13d9d72ee3f76ab50,ok,/mnt/SSD/workspace/wine/data/winesensed_embedding/crops/c5/c5888ba13d9d72ee3f76ab50.jpg,cd26ae7eb5aa639fca230187c6cacc829edc4b5a9e3ca93ac1abe7b91f45ada2,6f35ed80bb966e2b718ed44cdb5190e6bf074086014ddaf3a49d2ac59e013096,"[0, 2, 91, 629]",0.326904296875,91,627,winesensed:143590134,20,train
/mnt/SSD/workspace/wine/data/WineSensed/chunk_001/output_images/chunk_001/23Equ4KZQ7CYtKQYo9eezw.jpg,winesensed,23Equ4KZQ7CYtKQYo9eezw.jpg,winesensed:143590134,,143590134,d22706c4c704687930094f9a,ok,/mnt/SSD/workspace/wine/data/winesensed_embedding/crops/d2/d22706c4c704687930094f9a.jpg,257daffb701e184387b0dfc4c9a73071cffcf50ce3f8b4eb241c55014146bc73,3ade639cea4ffae78fd747152768147d82750d65bed3fd0f226ac6141e06b88f,"[122, 10, 398, 639]",0.630859375,276,629,winesensed:143590134,20,train
/mnt/SSD/workspace/wine/data/WineSensed/chunk_001/output_images/chunk_001/24AixHgqQtaJw8kga9fAjQ.jpg,winesensed,24AixHgqQtaJw8kga9fAjQ.jpg,winesensed:143590134,,143590134,e759dbb0b6fa4663e37e00d6,ok,/mnt/SSD/workspace/wine/data/winesensed_embedding/crops/e7/e759dbb0b6fa4663e37e00d6.jpg,df1b492fac35ce8e5d47202be761f19d4016f6667fcb0a9329755238d2465af6,15989a9013a85aab1d1249414a0adc3d89a5b1f44a1873f667dd9ca99e2f0b32,"[40, 0, 420, 640]",0.68017578125,380,640,winesensed:143590134,20,train
/mnt/SSD/workspace/wine/data/WineSensed/chunk_001/output_images/chunk_001/3psu5JhgQKy1mubcgz0UQw.jpg,winesensed,3psu5JhgQKy1mubcgz0UQw.jpg,winesensed:143590134,,143590134,eca99a458028d295b1fb0e40,ok,/mnt/SSD/workspace/wine/data/winesensed_embedding/crops/ec/eca99a458028d295b1fb0e40.jpg,4b83902ee39f12a509374eea7aad36495c96e96673b552655b1707531423925b,c06465b4efc199ac2f66fad93f52b2ceb32468e3c9362d43c62a41ef122124d6,"[88, 0, 390, 640]",0.8076171875,302,640,winesensed:143590134,20,train
/mnt/SSD/workspace/wine/data/WineSensed/chunk_002/output_images/chunk_002/5VexzstdSviEvl0A3cpI7A.jpg,winesensed,5VexzstdSviEvl0A3cpI7A.jpg,winesensed:143590134,,143590134,fd47de23f3d787921ffc685e,ok,/mnt/SSD/workspace/wine/data/winesensed_embedding/crops/fd/fd47de23f3d787921ffc685e.jpg,29081cf83079d011adaa422785731fa44492fafe188577ec33f598fee1ac8c97,3cbe00103fcb10c5aab238330a7aa2c66bbb3a3411f0038992c23deacab7e349,"[86, 0, 363, 640]",0.454345703125,277,640,winesensed:143590134,20,train
/mnt/SSD/workspace/wine/data/WineSensed/chunk_002/output_images/chunk_002/7dl0tI_1QNC6XT5Igixrkw.jpg,winesensed,7dl0tI_1QNC6XT5Igixrkw.jpg,winesensed:144929829,,144929829,1d2b9f31096c5ff510d5fbd6,ok,/mnt/SSD/workspace/wine/data/winesensed_embedding/crops/1d/1d2b9f31096c5ff510d5fbd6.jpg,97e72cf1f9ee887702ef4366024dcb959b579e5b6efd9f2c44d1cabc91996e58,1de76fcf80e3abb0cf5f5eb418efc8a4283efc73facd283e4006ec27d0e149ee,"[54, 0, 480, 617]",0.451416015625,426,617,winesensed:144929829,21,val
/mnt/SSD/workspace/wine/data/WineSensed/chunk_002/output_images/chunk_002/8_-vi9A9Rqi_gWtNwNtigw.jpg,winesensed,8_-vi9A9Rqi_gWtNwNtigw.jpg,winesensed:144929829,,144929829,372bcb5d4d9ef29c5eb7456c,ok,/mnt/SSD/workspace/wine/data/winesensed_embedding/crops/37/372bcb5d4d9ef29c5eb7456c.jpg,f10e7481e30d1a985484809a98fcfc923b2be01c30b1ffe69dc94bcf413d2067,1430156a18c0e3aff56f9bf8c1c5486303d1917b712b1c0f0f13b5a0a113b070,"[101, 0, 379, 574]",0.315673828125,278,574,winesensed:144929829,21,val
/mnt/SSD/workspace/wine/data/WineSensed/chunk_002/output_images/chunk_002/703sO2eFTrCmcvcHlo5eDQ.jpg,winesensed,703sO2eFTrCmcvcHlo5eDQ.jpg,winesensed:144929829,,144929829,42f0c4647c63564b3a4518c4,ok,/mnt/SSD/workspace/wine/data/winesensed_embedding/crops/42/42f0c4647c63564b3a4518c4.jpg,cb5124bd0a3818d07eca5a01aa42a255284e929d593035c8c143ad7825955daa,3ab15c35621c88a3e033186fd28514461ca31144cedbfd7961dd944563d5c311,"[70, 0, 405, 629]",0.26513671875,335,629,winesensed:144929829,21,val
/mnt/SSD/workspace/wine/data/WineSensed/chunk_001/output_images/chunk_001/5BnxlOHARXObOJUtGf2RNg.jpg,winesensed,5BnxlOHARXObOJUtGf2RNg.jpg,winesensed:144929829,,144929829,52b7d079270750c83428b7cd,ok,/mnt/SSD/workspace/wine/data/winesensed_embedding/crops/52/52b7d079270750c83428b7cd.jpg,b958cadfd0a68842dbc87369c3b80948d81f7afb60fafa303c3810ca9bfd0515,49259b8a6e89acf1acaa009a22f830b3fc11e0981d01f43d83d42adf90848d39,"[53, 0, 408, 640]",0.263671875,355,640,winesensed:144929829,21,val
/mnt/SSD/workspace/wine/data/WineSensed/chunk_001/output_images/chunk_001/23W7Rl6hRCenCWMHa-60Ug.jpg,winesensed,23W7Rl6hRCenCWMHa-60Ug.jpg,winesensed:144929829,,144929829,86074830b73943a7dec79e15,ok,/mnt/SSD/workspace/wine/data/winesensed_embedding/crops/86/86074830b73943a7dec79e15.jpg,dfc5262c26a8b3beb346e059e4469e48c45e89db384042ec1363b14141792e5f,2820a4ed0aa3511f3b43882faee548bb0a270dca892b700f94ef667e4806d0a5,"[29, 0, 467, 604]",0.30078125,438,604,winesensed:144929829,21,val
/mnt/SSD/workspace/wine/data/WineSensed/chunk_002/output_images/chunk_002/8fxNDbrVQjyDNI8og4SNVA.jpg,winesensed,8fxNDbrVQjyDNI8og4SNVA.jpg,winesensed:144929829,,144929829,a007d760720e1ccbd9256ac9,ok,/mnt/SSD/workspace/wine/data/winesensed_embedding/crops/a0/a007d760720e1ccbd9256ac9.jpg,b9e56c7966c8cdbb1fa59058e2049dbe34b0e490cee763e94b3d4707f44b0916,47eb340188e22964feeec9c4f26d1ac40c6e684d1e47833aad6137f8fb7a33f9,"[85, 0, 397, 631]",0.283447265625,312,631,winesensed:144929829,21,val
/mnt/SSD/workspace/wine/data/WineSensed/chunk_001/output_images/chunk_001/1-v0Oti3TZu0vNwUzO05KA.jpg,winesensed,1-v0Oti3TZu0vNwUzO05KA.jpg,winesensed:144929829,,144929829,b62dd5264add3bea86f9362d,ok,/mnt/SSD/workspace/wine/data/winesensed_embedding/crops/b6/b62dd5264add3bea86f9362d.jpg,b824daa3e4fdb23a0758fce42bb46ddc12ac26a57d51cffc860c34f6b4a74788,f74846b834048e5191aaf484a177a7b01ae775d0ea102091403e1e3666645bf7,"[83, 0, 432, 639]",0.46875,349,639,winesensed:144929829,21,val
/mnt/SSD/workspace/wine/data/WineSensed/chunk_002/output_images/chunk_002/8pymu3A2SeuQkTVEyxB4aQ.jpg,winesensed,8pymu3A2SeuQkTVEyxB4aQ.jpg,winesensed:144929829,,144929829,e458d45d53540ed74b98b0a4,ok,/mnt/SSD/workspace/wine/data/winesensed_embedding/crops/e4/e458d45d53540ed74b98b0a4.jpg,f93a09a8494a4d19093ee7ae217bdc1adb2215386b5bab7966b32ef9847933ef,76c6c9178340bf7bed45f1661edfd37d64b8d505e46c7e51ae6bbf2dd72837c4,"[12, 0, 399, 636]",0.260498046875,387,636,winesensed:144929829,21,val
/mnt/SSD/workspace/wine/data/WineSensed/chunk_002/output_images/chunk_002/Ac43U7xeSpuic8oc7rmUgg.jpg,winesensed,Ac43U7xeSpuic8oc7rmUgg.jpg,winesensed:144929829,,144929829,e4a2d939d306fe136805b1ff,ok,/mnt/SSD/workspace/wine/data/winesensed_embedding/crops/e4/e4a2d939d306fe136805b1ff.jpg,b82fc37e1ac8e81c9b910eb57fffbd55418dc16b2604a8ede643cacfbdf3cabc,36cec75ce60bbe6e435993b110ceec10febee89ea25cb078afce2960d3293384,"[101, 0, 373, 637]",0.544921875,272,637,winesensed:144929829,21,val
/mnt/SSD/workspace/wine/data/WineSensed/chunk_002/output_images/chunk_002/7D541b9IR3O25-gANlls4g.jpg,winesensed,7D541b9IR3O25-gANlls4g.jpg,winesensed:144929829,,144929829,e5e2be49d25a39317fc447d4,ok,/mnt/SSD/workspace/wine/data/winesensed_embedding/crops/e5/e5e2be49d25a39317fc447d4.jpg,4f644a1201a5b36729a03bb3f0ba49437c357f7fc33c950c22fb7fa43bb2ed2b,6051a586b48cd4294ac6ad96136b67a876d9fdc461e9ddb6eb69d8c5f4e60764,"[378, 61, 434, 268]",0.28369140625,56,207,winesensed:144929829,21,val
/mnt/SSD/workspace/wine/data/WineSensed/chunk_001/output_images/chunk_001/-68EoEdkQyKkQ_EsDcWahw.jpg,winesensed,-68EoEdkQyKkQ_EsDcWahw.jpg,winesensed:144929829,,144929829,eb61744b429da47b23f572e6,ok,/mnt/SSD/workspace/wine/data/winesensed_embedding/crops/eb/eb61744b429da47b23f572e6.jpg,7a56c72e797d7b00e29e069d0be911a7704db02f08f8dbe0c07f1958f848a50e,59a5827bcb22514d472f9bf24be35f22a9a38bc1da9e30bc948564e7a0176301,"[153, 0, 420, 636]",0.3994140625,267,636,winesensed:144929829,21,val
/mnt/SSD/workspace/wine/data/WineSensed/chunk_002/output_images/chunk_002/BOsb2UqNSA6e8oYE5S5vMw.jpg,winesensed,BOsb2UqNSA6e8oYE5S5vMw.jpg,winesensed:144929829,,144929829,fa8f31171c4342f33ce64549,ok,/mnt/SSD/workspace/wine/data/winesensed_embedding/crops/fa/fa8f31171c4342f33ce64549.jpg,26b65b3781297974d8a8cdc85718c7f1c8568665988ba5326373267f28006380,f24b71b9be4f28c97dd3cac01c6b95a12868ba884507cbbb26832db04383e50d,"[66, 0, 423, 623]",0.61865234375,357,623,winesensed:144929829,21,val
/mnt/SSD/workspace/wine/data/WineSensed/chunk_001/output_images/chunk_001/1dblxRaoSu-BGuw8wK5Ryg.jpg,winesensed,1dblxRaoSu-BGuw8wK5Ryg.jpg,winesensed:14530966,,14530966,00fc307a7b56f57cd2549fc5,ok,/mnt/SSD/workspace/wine/data/winesensed_embedding/crops/00/00fc307a7b56f57cd2549fc5.jpg,9d1caf8b77b7ae3c1e0be131d8e8e621851f8b1da83c2fb8f7f2c5b89a3efa4f,ceb3d9739e909287f1a18d402f662b4f8d21cffdb3a4ceb909e724d1e0e887f7,"[24, 27, 480, 626]",0.4580078125,456,599,winesensed:14530966,22,train
/mnt/SSD/workspace/wine/data/WineSensed/chunk_003/output_images/chunk_003/C0gjHM4iQ4e7k8Pa0ROcsw.jpg,winesensed,C0gjHM4iQ4e7k8Pa0ROcsw.jpg,winesensed:14530966,,14530966,0e2ea46ae850eabd22e834fe,ok,/mnt/SSD/workspace/wine/data/winesensed_embedding/crops/0e/0e2ea46ae850eabd22e834fe.jpg,56e6f2878047f0eb86761a94415d201fbb10e2a14aeb9f47847f19e3dd1998f4,5d0392972cc12fe181ded1ff308823af3c932fbb818bfe9956a06541a6879da3,"[103, 0, 345, 640]",0.56591796875,242,640,winesensed:14530966,22,train
/mnt/SSD/workspace/wine/data/WineSensed/chunk_001/output_images/chunk_001/3JiR-UoYSNKnTdDqrM6W4g.jpg,winesensed,3JiR-UoYSNKnTdDqrM6W4g.jpg,winesensed:14530966,,14530966,1b58e9bb056586070055674d,ok,/mnt/SSD/workspace/wine/data/winesensed_embedding/crops/1b/1b58e9bb056586070055674d.jpg,e521483da142418711496e3731cc9a38958c639fdcef178bd30d91082fe93280,ada4b161497345a3cdc0e9aa2290f36017e7e4aefd654a1d36356098f0333513,"[172, 97, 297, 617]",0.92822265625,125,520,winesensed:14530966,22,train
/mnt/SSD/workspace/wine/data/WineSensed/chunk_001/output_images/chunk_001/2ZHvUh1ZQg6GqHlpskljlQ.jpg,winesensed,2ZHvUh1ZQg6GqHlpskljlQ.jpg,winesensed:14530966,,14530966,2d6e34776effb2ff975b8be1,ok,/mnt/SSD/workspace/wine/data/winesensed_embedding/crops/2d/2d6e34776effb2ff975b8be1.jpg,184dd098bcc9c0e9e41ef10a9af209adbba2af92647abeb34e17072a8c2a8853,2b6fd696df56fae000a54ae4e2e4bb11db641c02f4be1a0468de46c83167fc87,"[97, 2, 429, 635]",0.33544921875,332,633,winesensed:14530966,22,train
/mnt/SSD/workspace/wine/data/WineSensed/chunk_002/output_images/chunk_002/6uNTZIAgRzWDu8wBsE2lQw.jpg,winesensed,6uNTZIAgRzWDu8wBsE2lQw.jpg,winesensed:14530966,,14530966,2ea24fcdc65974016786d767,ok,/mnt/SSD/workspace/wine/data/winesensed_embedding/crops/2e/2ea24fcdc65974016786d767.jpg,3a481c9dff5a72afab40ef9c32c41369e0905855908b162184009bdcab167589,52d6a28f1e3496689a1b5a4bc0455de30b65525c8bc30d2bfda304266b56d6f7,"[35, 12, 430, 634]",0.3544921875,395,622,winesensed:14530966,22,train
/mnt/SSD/workspace/wine/data/WineSensed/chunk_001/output_images/chunk_001/3nu17Z1SRHGs9pdm4mSynQ.jpg,winesensed,3nu17Z1SRHGs9pdm4mSynQ.jpg,winesensed:14530966,,14530966,43d72d22c578c90eafc7c456,ok,/mnt/SSD/workspace/wine/data/winesensed_embedding/crops/43/43d72d22c578c90eafc7c456.jpg,c26b9e19e317c1e2eeca5969049745e93e15018db236ec4430b6ad1f116aa775,8dac2a3544f90794648637f2f3753c2c1a5c7430c3da4363f892de688e7eccb8,"[42, 0, 408, 640]",0.376220703125,366,640,winesensed:14530966,22,train
/mnt/SSD/workspace/wine/data/WineSensed/chunk_001/output_images/chunk_001/4wd4aq9PRmmke-X1D22EjQ.jpg,winesensed,4wd4aq9PRmmke-X1D22EjQ.jpg,winesensed:14530966,,14530966,64ec1e3e21465003a361e7ce,ok,/mnt/SSD/workspace/wine/data/winesensed_embedding/crops/64/64ec1e3e21465003a361e7ce.jpg,c900d918be0541c683deccb356f5b4971811d29cacd0041377383d6909e44792,f556f5dfc03497d3bcb879275b4f924d376823f5ab9fbf8e5621ade12edcd3ad,"[28, 0, 407, 635]",0.4677734375,379,635,winesensed:14530966,22,train
/mnt/SSD/workspace/wine/data/WineSensed/chunk_001/output_images/chunk_001/3uCnbDqvRKiLivzaYUj6bQ.jpg,winesensed,3uCnbDqvRKiLivzaYUj6bQ.jpg,winesensed:14530966,,14530966,71594b8f83029008a13d660b,ok,/mnt/SSD/workspace/wine/data/winesensed_embedding/crops/71/71594b8f83029008a13d660b.jpg,213b364f50378a0c938e2d2ab443c7f5eecf57c048b955de3c6d013148377a36,34becf53bec03e9d6b3f5295d43d2648110182b1f8060c4ec80dc6a27e0e4088,"[55, 0, 406, 640]",0.28369140625,351,640,winesensed:14530966,22,train
/mnt/SSD/workspace/wine/data/WineSensed/chunk_001/output_images/chunk_001/1vJ8RWuHS7q5lpGgQThn7w.jpg,winesensed,1vJ8RWuHS7q5lpGgQThn7w.jpg,winesensed:14530966,,14530966,a017ff12e5cd78b815dd15dd,ok,/mnt/SSD/workspace/wine/data/winesensed_embedding/crops/a0/a017ff12e5cd78b815dd15dd.jpg,3023be5e76848b31b7ff92159cee00166360a1665e5330477c201e1e59735c39,1c1868ba409412d59d7c2fe67992d6ca4f00c4d9cbcb344849e7dbe3c32da67a,"[18, 0, 450, 550]",0.291015625,432,550,winesensed:14530966,22,train
/mnt/SSD/workspace/wine/data/WineSensed/chunk_001/output_images/chunk_001/1Dc5JvkuRayU2vMqvP1ehQ.jpg,winesensed,1Dc5JvkuRayU2vMqvP1ehQ.jpg,winesensed:14530966,,14530966,c9bdc903d4677b04effbdc91,ok,/mnt/SSD/workspace/wine/data/winesensed_embedding/crops/c9/c9bdc903d4677b04effbdc91.jpg,dd5d8306c741eeab33226eff38c84701cfaac23b7d57007f24c70e129845a94e,fdf07990ac54b117f03bd5f7ea85a3e7295ff902e5fb32c6b5eeb42b1938aaf6,"[57, 0, 405, 634]",0.4658203125,348,634,winesensed:14530966,22,train
/mnt/SSD/workspace/wine/data/WineSensed/chunk_002/output_images/chunk_002/9mr2GHzTTYCmJ0XJTAPWHg.jpg,winesensed,9mr2GHzTTYCmJ0XJTAPWHg.jpg,winesensed:14530966,,14530966,e64f4dce8dbd611a6ddc1e0c,ok,/mnt/SSD/workspace/wine/data/winesensed_embedding/crops/e6/e64f4dce8dbd611a6ddc1e0c.jpg,ac3339a9016ded06cd9d868307e7aa3076600f8f3886d26507e16c66e9ebb828,dd91c5155203ec241e6b3b19554df301b2fcef308922b8a37463f20bd67539c5,"[5, 1, 428, 632]",0.52734375,423,631,winesensed:14530966,22,train
/mnt/SSD/workspace/wine/data/WineSensed/chunk_002/output_images/chunk_002/8FAalV50TJCqWzamdmQALg.jpg,winesensed,8FAalV50TJCqWzamdmQALg.jpg,winesensed:14530966,,14530966,e98f731d5f13029ec0dda2c8,ok,/mnt/SSD/workspace/wine/data/winesensed_embedding/crops/e9/e98f731d5f13029ec0dda2c8.jpg,c58a6370fb42f0f5e9c1fa35807ec47a7952d41048d33a41d16ceac6dedf3736,99673a44b340272868b03e5150b105678c369368c6dfe2a21634fc1d9c78f7ea,"[56, 0, 436, 640]",0.6083984375,380,640,winesensed:14530966,22,train
/mnt/SSD/workspace/wine/data/WineSensed/chunk_001/output_images/chunk_001/0H6eJoCeQrSr-YuQDawNjA.jpg,winesensed,0H6eJoCeQrSr-YuQDawNjA.jpg,winesensed:145884845,,145884845,0146edbfa0d5be180f818791,ok,/mnt/SSD/workspace/wine/data/winesensed_embedding/crops/01/0146edbfa0d5be180f818791.jpg,c23830ebdfc4b4131114219e1bcc8b715bb65148a9d3f4690de9ecd4a4a8f684,24bc049dfb5b1a00e44da3bfa45157c968ae56f18df1cf63043454672e562038,"[40, 0, 405, 640]",0.86865234375,365,640,winesensed:145884845,23,train
/mnt/SSD/workspace/wine/data/WineSensed/chunk_001/output_images/chunk_001/-WFCwIe5Q_6Q4Wa2yOTHxQ.jpg,winesensed,-WFCwIe5Q_6Q4Wa2yOTHxQ.jpg,winesensed:145884845,,145884845,237d16453d959ced48b25d2e,ok,/mnt/SSD/workspace/wine/data/winesensed_embedding/crops/23/237d16453d959ced48b25d2e.jpg,4138f1b1403e2b3daa42d1861935ce97edfa5039439764bacae7ed8dbd227e3d,f2bb6837178904b53505b83140d6fd5649949d8ca8ce4135497c6c1487d94a81,"[47, 0, 437, 640]",0.83935546875,390,640,winesensed:145884845,23,train
/mnt/SSD/workspace/wine/data/WineSensed/chunk_001/output_images/chunk_001/-elApYGDR1-lQfVQ1MfIwg.jpg,winesensed,-elApYGDR1-lQfVQ1MfIwg.jpg,winesensed:145884845,,145884845,5238a4ce3f242c882321c5dc,ok,/mnt/SSD/workspace/wine/data/winesensed_embedding/crops/52/5238a4ce3f242c882321c5dc.jpg,cfd2f9390d9c84850a190a442d928837e6e421e78b0e8270c354211a09759435,ebbcc4dce72b84fc2d7488c716cbb3816d420b7843a184806239cec116e6955f,"[146, 0, 335, 541]",0.263916015625,189,541,winesensed:145884845,23,train
/mnt/SSD/workspace/wine/data/WineSensed/chunk_001/output_images/chunk_001/0wQNVLJSRCeuU8DfJNMjRA.jpg,winesensed,0wQNVLJSRCeuU8DfJNMjRA.jpg,winesensed:145884845,,145884845,55039c5eecba7984664e39e2,ok,/mnt/SSD/workspace/wine/data/winesensed_embedding/crops/55/55039c5eecba7984664e39e2.jpg,95d5e65713bbb448dbc413c19c9921ae5b4c1e6eb033ca54a14b1ecb0b68edde,3320ff74a9f48f6d7c4e8c87247ad45895da1fa0e53bd921946aa50528b7ad3f,"[92, 0, 394, 640]",0.66357421875,302,640,winesensed:145884845,23,train
/mnt/SSD/workspace/wine/data/WineSensed/chunk_001/output_images/chunk_001/1FWdBXlTS563gdt1sUQiOw.jpg,winesensed,1FWdBXlTS563gdt1sUQiOw.jpg,winesensed:145884845,,145884845,5898509561ee56d377d7c9d8,ok,/mnt/SSD/workspace/wine/data/winesensed_embedding/crops/58/5898509561ee56d377d7c9d8.jpg,e1946e6babe16a4131981a635533813124be1814c82af8dbaafa5e5408731aab,59826c9cf0309a1097d5c8a4e4e772198cbf2f15be6a415d9b5d9e1db1a723b2,"[104, 0, 384, 597]",0.84521484375,280,597,winesensed:145884845,23,train
/mnt/SSD/workspace/wine/data/WineSensed/chunk_001/output_images/chunk_001/2igvfeI7TtKbBFruukcMFg.jpg,winesensed,2igvfeI7TtKbBFruukcMFg.jpg,winesensed:145884845,,145884845,6698d7acce2d0535ea139b8d,ok,/mnt/SSD/workspace/wine/data/winesensed_embedding/crops/66/6698d7acce2d0535ea139b8d.jpg,8b5129f1def82f58e6fa1dc330f966fe20454cd9883aba52af03eb809a0ede69,ae122af8374017656911c2c6fa28f284cdd7b931e7b76a5eeefb1d0e50473b58,"[38, 0, 449, 640]",0.50390625,411,640,winesensed:145884845,23,train
/mnt/SSD/workspace/wine/data/WineSensed/chunk_001/output_images/chunk_001/01uYAHYQQgWr_SK0ov6Xzg.jpg,winesensed,01uYAHYQQgWr_SK0ov6Xzg.jpg,winesensed:145884845,,145884845,9d37ea681d1d0d3df9511e3c,ok,/mnt/SSD/workspace/wine/data/winesensed_embedding/crops/9d/9d37ea681d1d0d3df9511e3c.jpg,94445be70fdd72467a8d2b7b249a2ad164c9d6c0fe8e2f8c0c9c6b23d12e5274,dfe9b8766b7009e348f9708c3d92ee3ae33061512a7873a8b11832d35e3ec512,"[53, 3, 387, 602]",0.8310546875,334,599,winesensed:145884845,23,train
/mnt/SSD/workspace/wine/data/WineSensed/chunk_001/output_images/chunk_001/1Qnccx8-QpSV_p6C_DVDFA.jpg,winesensed,1Qnccx8-QpSV_p6C_DVDFA.jpg,winesensed:145884845,,145884845,acc9fd8422d1e15a77dd2157,ok,/mnt/SSD/workspace/wine/data/winesensed_embedding/crops/ac/acc9fd8422d1e15a77dd2157.jpg,93fdabefcdaa3d368ef2d66e3f558ac273179f768cbabecb7167ff59244c1256,9e90977b4b1f83be34bd5be42746226e657d1c2fa475e0258a871570eee0c5d5,"[117, 0, 404, 640]",0.73583984375,287,640,winesensed:145884845,23,train
/mnt/SSD/workspace/wine/data/WineSensed/chunk_001/output_images/chunk_001/1j0PH79BR9yJtr7F0kVnsA.jpg,winesensed,1j0PH79BR9yJtr7F0kVnsA.jpg,winesensed:145884845,,145884845,cf5c5289e14d1b196f712870,ok,/mnt/SSD/workspace/wine/data/winesensed_embedding/crops/cf/cf5c5289e14d1b196f712870.jpg,90cc29197fd938613db3b953d4b3abcb24554b451a6d51e137f477d4d5af7e51,4c44953a09582951c9ce98cea852728da76fa474c4ae29407752061812993207,"[31, 6, 458, 635]",0.5078125,427,629,winesensed:145884845,23,train
/mnt/SSD/workspace/wine/data/WineSensed/chunk_001/output_images/chunk_001/1TG6kfizQJ6vVYyqFqtvsw.jpg,winesensed,1TG6kfizQJ6vVYyqFqtvsw.jpg,winesensed:145884845,,145884845,df684cf557643e589f58734c,ok,/mnt/SSD/workspace/wine/data/winesensed_embedding/crops/df/df684cf557643e589f58734c.jpg,bb09514ae7c04a91aa25f2c5ac4b5a5411ef958a44c4440a6bff973e74614c33,e1e2732f506afb889b4fbdc1ecc16fba4768d1e680c2181fd56e43e8cef1209b,"[28, 1, 409, 638]",0.57666015625,381,637,winesensed:145884845,23,train
/mnt/SSD/workspace/wine/data/WineSensed/chunk_001/output_images/chunk_001/-yfeATcITgOlqmKqx6kEiw.jpg,winesensed,-yfeATcITgOlqmKqx6kEiw.jpg,winesensed:145884845,,145884845,ed275c82a6cdafe8b12e7646,ok,/mnt/SSD/workspace/wine/data/winesensed_embedding/crops/ed/ed275c82a6cdafe8b12e7646.jpg,637331885ed7b815f423d893fb71774ec2f91c0ebf9b59308abedd6596198e5c,487eec3b6ac9b74b941763f29b00facac9535d32a565a82d7edf24a0d8ed91c5,"[23, 0, 438, 632]",0.5908203125,415,632,winesensed:145884845,23,train
/mnt/SSD/workspace/wine/data/WineSensed/chunk_001/output_images/chunk_001/0YYJhhBhQcKjCXAuHtprOA.jpg,winesensed,0YYJhhBhQcKjCXAuHtprOA.jpg,winesensed:145884845,,145884845,f15f8fc7780fd02bd9b1987e,ok,/mnt/SSD/workspace/wine/data/winesensed_embedding/crops/f1/f15f8fc7780fd02bd9b1987e.jpg,f969a8ab9ed5914607ccb4206927b743ca36a021d55d3fa02aa4423d4f07624f,dd3df759b76d34ddf7f066e1f854c756cc601562bd8166360115d8d2207fc0d9,"[39, 0, 407, 583]",0.5146484375,368,583,winesensed:145884845,23,train
/mnt/SSD/workspace/wine/data/WineSensed/chunk_001/output_images/chunk_001/-E1wZwwiSru3-6aG7dVhSA.jpg,winesensed,-E1wZwwiSru3-6aG7dVhSA.jpg,winesensed:1469676,,1469676,03d06cb9015794e781926ac6,ok,/mnt/SSD/workspace/wine/data/winesensed_embedding/crops/03/03d06cb9015794e781926ac6.jpg,70db92fd2e5818e28510c69c88c508ee221b0c8cf44d7c93dba14b5313afcabe,ffb09d083ee24f80d8025961c234c7b4f987a69ab510410d4c393d24bd5f9a8e,"[366, 0, 477, 639]",0.278564453125,111,639,winesensed:1469676,24,train
/mnt/SSD/workspace/wine/data/WineSensed/chunk_001/output_images/chunk_001/-VWCUXT8SZiYaJoEJiSs4g.jpg,winesensed,-VWCUXT8SZiYaJoEJiSs4g.jpg,winesensed:1469676,,1469676,0e3aec9869d1146314c222f5,ok,/mnt/SSD/workspace/wine/data/winesensed_embedding/crops/0e/0e3aec9869d1146314c222f5.jpg,64677bf04940148d05779b439bbeb9a5e25d402d9adc173ec0cc712d4ccb1b9a,f7ef77348d0251cdc22628901dc4382a323c649584f059c4d7989ee03e58d558,"[52, 0, 391, 640]",0.408203125,339,640,winesensed:1469676,24,train
/mnt/SSD/workspace/wine/data/WineSensed/chunk_001/output_images/chunk_001/-IblVZmBQTGSfmrsnBHw5A.jpg,winesensed,-IblVZmBQTGSfmrsnBHw5A.jpg,winesensed:1469676,,1469676,0e594781830a5348544c8c78,ok,/mnt/SSD/workspace/wine/data/winesensed_embedding/crops/0e/0e594781830a5348544c8c78.jpg,c893e5e0e9b90f55b8ba129ac53d1eda1903215c09762927632424f51f338ada,27a17acc032e500331d9e238832c97702c072b333bc4f959ec911b0bd94b09b8,"[134, 0, 342, 640]",0.90478515625,208,640,winesensed:1469676,24,train
/mnt/SSD/workspace/wine/data/WineSensed/chunk_001/output_images/chunk_001/-EQDSKSXR96gvQYz49qT3A.jpg,winesensed,-EQDSKSXR96gvQYz49qT3A.jpg,winesensed:1469676,,1469676,3296cfb45da147cee2d7df27,ok,/mnt/SSD/workspace/wine/data/winesensed_embedding/crops/32/3296cfb45da147cee2d7df27.jpg,c62a59047bceb51f5e3937b73bd7a24f6473893a69f3b95a3f1905d857497d5d,e5c57dfc1ed3e8a83b0d17d7fdab63ef46b30de37cc3b716aa60d11d413742e1,"[119, 3, 358, 626]",0.382568359375,239,623,winesensed:1469676,24,train
/mnt/SSD/workspace/wine/data/WineSensed/chunk_001/output_images/chunk_001/-7kLnLL2Qlq35yQBlfGjzw.jpg,winesensed,-7kLnLL2Qlq35yQBlfGjzw.jpg,winesensed:1469676,,1469676,43d6689244e680dae4556b80,ok,/mnt/SSD/workspace/wine/data/winesensed_embedding/crops/43/43d6689244e680dae4556b80.jpg,c2cbf5ba497c3c85436d4a22bcdaa4c72d7d2a777e263671c47ee76b50d19bfa,970247bc08d6f749b5f7e91462da2f74c75525625b8cbd6053457509a230ba15,"[99, 1, 378, 640]",0.6103515625,279,639,winesensed:1469676,24,train
/mnt/SSD/workspace/wine/data/WineSensed/chunk_001/output_images/chunk_001/-I-WMDaMQyWeZNtlJ2gAVQ.jpg,winesensed,-I-WMDaMQyWeZNtlJ2gAVQ.jpg,winesensed:1469676,,1469676,572b620f30cc8d106adb092d,ok,/mnt/SSD/workspace/wine/data/winesensed_embedding/crops/57/572b620f30cc8d106adb092d.jpg,6737dbbddb95e928882994e6b26c2131b83e5d094f64ba4395e8a6aeba111f6a,0248bd6eb67dad9f64db808942cfe6f4fb8672e8376632e4cf1f7457df380e2a,"[102, 6, 389, 637]",0.34423828125,287,631,winesensed:1469676,24,train
/mnt/SSD/workspace/wine/data/WineSensed/chunk_001/output_images/chunk_001/-63QMeZmSM2VIRF-MjdQqQ.jpg,winesensed,-63QMeZmSM2VIRF-MjdQqQ.jpg,winesensed:1469676,,1469676,77a4cbe456144f68009b2e69,ok,/mnt/SSD/workspace/wine/data/winesensed_embedding/crops/77/77a4cbe456144f68009b2e69.jpg,7c810025b88c390115c95e08d38a0856c682d4e07223e76b8f4f4c4befd8ed1d,b7990f64a220849f76545bf818a6719509f2b36180e932b627d4ffbb0e31d756,"[66, 0, 393, 640]",0.31396484375,327,640,winesensed:1469676,24,train
/mnt/SSD/workspace/wine/data/WineSensed/chunk_001/output_images/chunk_001/-TXx88fdQpGTTPHsT_Yolg.jpg,winesensed,-TXx88fdQpGTTPHsT_Yolg.jpg,winesensed:1469676,,1469676,7c933cea545a7d9b96c0d267,ok,/mnt/SSD/workspace/wine/data/winesensed_embedding/crops/7c/7c933cea545a7d9b96c0d267.jpg,4bcc1f3c2d47f1279fb73bad7bd92235fbf928c8088a7757c3bd16a09a1122d6,26b873d9ae4cdd8455a5267a3529b09d5d722654d3edc8d3ba7cf2d554bb5f67,"[81, 0, 392, 636]",0.34765625,311,636,winesensed:1469676,24,train
/mnt/SSD/workspace/wine/data/WineSensed/chunk_001/output_images/chunk_001/-3FblGURRBuTOKlgpZvplQ.jpg,winesensed,-3FblGURRBuTOKlgpZvplQ.jpg,winesensed:1469676,,1469676,8d24941f0a7a17194e954f61,ok,/mnt/SSD/workspace/wine/data/winesensed_embedding/crops/8d/8d24941f0a7a17194e954f61.jpg,d37cd55ce01e4f263540374dbe4173df78ffca2aadade3a16e20c681780b062a,132f17df0afc37b34a3c0bde6adc16c9cdc81d6a9318d76fbeae626d73e585b7,"[48, 0, 421, 640]",0.69091796875,373,640,winesensed:1469676,24,train
/mnt/SSD/workspace/wine/data/WineSensed/chunk_001/output_images/chunk_001/-94Y7IzgTQeCE56pVZhp_Q.jpg,winesensed,-94Y7IzgTQeCE56pVZhp_Q.jpg,winesensed:1469676,,1469676,a677bc63a14837c73f4b0525,ok,/mnt/SSD/workspace/wine/data/winesensed_embedding/crops/a6/a677bc63a14837c73f4b0525.jpg,93052733de73998ef01a3d2008c808019674b653b4fbb0eb1af0ff777dc7e28e,387197ddb65f3899274f2f9a3b88bd3a84a462f9cb7579b1143e2e6f90e7b871,"[264, 110, 413, 627]",0.92822265625,149,517,winesensed:1469676,24,train
/mnt/SSD/workspace/wine/data/WineSensed/chunk_001/output_images/chunk_001/-3Hzxt1DR264P4uakutH8g.jpg,winesensed,-3Hzxt1DR264P4uakutH8g.jpg,winesensed:1469676,,1469676,e03b7ad146f1e64514db7357,ok,/mnt/SSD/workspace/wine/data/winesensed_embedding/crops/e0/e03b7ad146f1e64514db7357.jpg,2bb4e1be3262d80ce8ab756d3eb4dd24354c8e97f23faeef3f68c0f3df6d1509,2bb666c7a7e91d9b8a00cf11e9b5dc867105e0573750db299604fff9c5bb3fe6,"[45, 2, 408, 639]",0.28662109375,363,637,winesensed:1469676,24,train
/mnt/SSD/workspace/wine/data/WineSensed/chunk_001/output_images/chunk_001/-Bw7JEuVRZOG-ZbJKjShuw.jpg,winesensed,-Bw7JEuVRZOG-ZbJKjShuw.jpg,winesensed:1469676,,1469676,e8cfd414c3225fe3f1926f57,ok,/mnt/SSD/workspace/wine/data/winesensed_embedding/crops/e8/e8cfd414c3225fe3f1926f57.jpg,1eabbff0f3d68d45d861bb0d7f9be8249d063a8c7044d512d0ef9cabfa00cc96,8733cce0de4ef7ba913660a49e253c17a13b519f7bc0a17f1198ba29892fe2a5,"[49, 0, 414, 640]",0.314453125,365,640,winesensed:1469676,24,train
/mnt/SSD/workspace/wine/data/WineSensed/chunk_001/output_images/chunk_001/-e1hni3DQT6w0Ld1xYeewA.jpg,winesensed,-e1hni3DQT6w0Ld1xYeewA.jpg,winesensed:15026501,,15026501,115fb54938667a42516f8b85,ok,/mnt/SSD/workspace/wine/data/winesensed_embedding/crops/11/115fb54938667a42516f8b85.jpg,a2e9e655b73b97b4e2d6606131d15e61e4729e0d024fb45db6903377361b2a5f,373973517406e41e8409135cc6aa8d8c95a9768cc9efb0ce8b4ce3ca556ea6a8,"[50, 1, 414, 638]",0.681640625,364,637,winesensed:15026501,25,train
/mnt/SSD/workspace/wine/data/WineSensed/chunk_001/output_images/chunk_001/-yL5qjd2SXKrM3Olz--VoQ.jpg,winesensed,-yL5qjd2SXKrM3Olz--VoQ.jpg,winesensed:15026501,,15026501,4d16d09f8ddda3404ed69902,ok,/mnt/SSD/workspace/wine/data/winesensed_embedding/crops/4d/4d16d09f8ddda3404ed69902.jpg,728968d709c34cdd18161de87f73e70dd51b665627667c4f92908138d96e24a2,c37b2252ccc06b32aa1e088d9c8b328a12b4256d52d737570d5674e2a1b29196,"[44, 0, 400, 640]",0.77587890625,356,640,winesensed:15026501,25,train
/mnt/SSD/workspace/wine/data/WineSensed/chunk_001/output_images/chunk_001/-QZ19PiAQoCjpa7tLn7kYg.jpg,winesensed,-QZ19PiAQoCjpa7tLn7kYg.jpg,winesensed:15026501,,15026501,6c16a3f775a4e1e3b325a000,ok,/mnt/SSD/workspace/wine/data/winesensed_embedding/crops/6c/6c16a3f775a4e1e3b325a000.jpg,ded733f7d372a15dda26fe1b5c50e623843fff7fa5671ae8a397d79038e2d05f,bf807612f9ec896f7aed897f09ad8a54afa924b00c79d566bed1871c3bb5473e,"[81, 2, 386, 616]",0.5322265625,305,614,winesensed:15026501,25,train
/mnt/SSD/workspace/wine/data/WineSensed/chunk_001/output_images/chunk_001/-y_6PnsoSc2S0bAsNooY6Q.jpg,winesensed,-y_6PnsoSc2S0bAsNooY6Q.jpg,winesensed:15026501,,15026501,6cdf619e61b461a1deb10257,ok,/mnt/SSD/workspace/wine/data/winesensed_embedding/crops/6c/6cdf619e61b461a1deb10257.jpg,c62fc4edff4bc8fc16c67c1de03e1b931266513f21971ed66a1631a051c9d694,2d7f176fc79d489ddddc97e6a5631ce1c32534c5fbddb5ff0753a8d17d336211,"[30, 0, 480, 633]",0.5322265625,450,633,winesensed:15026501,25,train
/mnt/SSD/workspace/wine/data/WineSensed/chunk_002/output_images/chunk_002/80nRIzS7SVi9mSyDXg4z0Q.jpg,winesensed,80nRIzS7SVi9mSyDXg4z0Q.jpg,winesensed:15026501,,15026501,8c97f1e63405274deac0bf05,ok,/mnt/SSD/workspace/wine/data/winesensed_embedding/crops/8c/8c97f1e63405274deac0bf05.jpg,07735c9e62c168795ff6e50ee6e87783d5810f88979c73131cd56cc098d194bc,5f608a644c47c560ac36001740446b00c929ce5ad8d8253fabcd074c14e0ff24,"[56, 0, 410, 640]",0.849609375,354,640,winesensed:15026501,25,train
/mnt/SSD/workspace/wine/data/WineSensed/chunk_001/output_images/chunk_001/14zdJQ9YQaeTBgFD24fijQ.jpg,winesensed,14zdJQ9YQaeTBgFD24fijQ.jpg,winesensed:15026501,,15026501,af377867eca4f8fc5a3bb040,ok,/mnt/SSD/workspace/wine/data/winesensed_embedding/crops/af/af377867eca4f8fc5a3bb040.jpg,a4fe77d92e550883eb11c9985537408422a15a04a8c761e1ee46f0e485eddad8,5f3b81d8af367d63bbc1f23797cf589c4bba6798945a7522c257597e805125b9,"[0, 0, 480, 603]",0.279052734375,480,603,winesensed:15026501,25,train
/mnt/SSD/workspace/wine/data/WineSensed/chunk_001/output_images/chunk_001/2ghPyF8ZTd2qORhOlZlI5Q.jpg,winesensed,2ghPyF8ZTd2qORhOlZlI5Q.jpg,winesensed:15026501,,15026501,ce367a09323a87d95f986969,ok,/mnt/SSD/workspace/wine/data/winesensed_embedding/crops/ce/ce367a09323a87d95f986969.jpg,8319f468c4c462c96c177e02092b44bdf36e58f640a4122961a6f9b4fda771c1,aba3c924cfc6efa037b489a8a0854f65c783517fa4bdb8a6febdad8260aa6406,"[36, 0, 422, 640]",0.7421875,386,640,winesensed:15026501,25,train
/mnt/SSD/workspace/wine/data/WineSensed/chunk_001/output_images/chunk_001/2qtAJguATIuS7elO6L6iPQ.jpg,winesensed,2qtAJguATIuS7elO6L6iPQ.jpg,winesensed:15026501,,15026501,e4350a2a47acf8d7a3007bf4,ok,/mnt/SSD/workspace/wine/data/winesensed_embedding/crops/e4/e4350a2a47acf8d7a3007bf4.jpg,588c2277bd3fe15845ca9618d830d718c9dcc931d4cd839eb4bd2442c83aa34f,fdfd5b00028657ee7589b9aecf45e6f0859fe04d37e0d2cf8c1d136359439b0e,"[107, 0, 427, 640]",0.6162109375,320,640,winesensed:15026501,25,train
/mnt/SSD/workspace/wine/data/WineSensed/chunk_001/output_images/chunk_001/1EABtfEGRxqHIBhD3TMkHg.jpg,winesensed,1EABtfEGRxqHIBhD3TMkHg.jpg,winesensed:15026501,,15026501,e81a18fffb78b53226dd340e,ok,/mnt/SSD/workspace/wine/data/winesensed_embedding/crops/e8/e81a18fffb78b53226dd340e.jpg,cbc7d4bc85016acb16fecf5362cc705a0dbe8c90c91108bf07b7bf4f7fdd484e,e39df8fbd0c2cb3bd7894e8f2d83abc9f509cd8ff8c00ceadfd815d505c456ed,"[35, 0, 434, 626]",0.470703125,399,626,winesensed:15026501,25,train
/mnt/SSD/workspace/wine/data/WineSensed/chunk_001/output_images/chunk_001/1WEgCYtpTS67LZ8z0PNV6Q.jpg,winesensed,1WEgCYtpTS67LZ8z0PNV6Q.jpg,winesensed:15026501,,15026501,f16a441dd945d3b1ab824769,ok,/mnt/SSD/workspace/wine/data/winesensed_embedding/crops/f1/f16a441dd945d3b1ab824769.jpg,ea16aca5095109184ecdaddf4523e4678ed2d226a87240c281529c0e08e8172b,8a3a6c5c28cd4adb2e42905ed75cf90c53ca22755d7bf6694aa1b0b43e6a1f57,"[52, 0, 404, 625]",0.3583984375,352,625,winesensed:15026501,25,train
/mnt/SSD/workspace/wine/data/WineSensed/chunk_002/output_images/chunk_002/69DJSWVGTbq2fGFwiW76fQ.jpg,winesensed,69DJSWVGTbq2fGFwiW76fQ.jpg,winesensed:15026501,,15026501,f3900dc48fd529abfb83c2e3,ok,/mnt/SSD/workspace/wine/data/winesensed_embedding/crops/f3/f3900dc48fd529abfb83c2e3.jpg,0422fe68cad66354c86004e7dd93ac051666a72015dabc82d4068f9dd1a7b06f,ee0fbec7b274bd006fb23a11837a03e81b9bbe4a001126a753ad1b77dab8d113,"[109, 2, 382, 636]",0.4814453125,273,634,winesensed:15026501,25,train
/mnt/SSD/workspace/wine/data/WineSensed/chunk_002/output_images/chunk_002/68U7JjOnR32QOyRlIvZXNQ.jpg,winesensed,68U7JjOnR32QOyRlIvZXNQ.jpg,winesensed:15026501,,15026501,fe63a6ccf950d5be06ca4028,ok,/mnt/SSD/workspace/wine/data/winesensed_embedding/crops/fe/fe63a6ccf950d5be06ca4028.jpg,9371b40fa271dbaca2b8b52705c0855213d259d7e52470db93fa0049bc13274c,e1d6bc21eb4c2dac749390616f1a632887055c5670957afa9c2ad2380c41036f,"[62, 0, 387, 626]",0.58984375,325,626,winesensed:15026501,25,train
/mnt/SSD/workspace/wine/data/WineSensed/chunk_001/output_images/chunk_001/-rtg2oczQDGN3XwuS12qFA.jpg,winesensed,-rtg2oczQDGN3XwuS12qFA.jpg,winesensed:150282949,,150282949,169e39b7d7a91018d653431b,ok,/mnt/SSD/workspace/wine/data/winesensed_embedding/crops/16/169e39b7d7a91018d653431b.jpg,f8b2fee6d605189d79f4d47a1df359c39fe9348ad1d35a7b7e8e379af9e00d57,16ad929f2c3916d5994a51fe25917310dd42c7c9ff7ff65adace3845e6b50421,"[30, 0, 480, 629]",0.56884765625,450,629,winesensed:150282949,26,train
/mnt/SSD/workspace/wine/data/WineSensed/chunk_001/output_images/chunk_001/2JGm85HvQYCtBlND7a0t0g.jpg,winesensed,2JGm85HvQYCtBlND7a0t0g.jpg,winesensed:150282949,,150282949,536a6c7d5f3fffc24ef081f4,ok,/mnt/SSD/workspace/wine/data/winesensed_embedding/crops/53/536a6c7d5f3fffc24ef081f4.jpg,aa0f4109ea9b1c90232b07cb455163efe13ae454ee4ff1c76788779b89cfba5f,ecbb30c7e0be3cd9cd327ca5c7f349cd9430221834c5b5ce682d30a522bad5b3,"[30, 0, 414, 640]",0.60400390625,384,640,winesensed:150282949,26,train
/mnt/SSD/workspace/wine/data/WineSensed/chunk_002/output_images/chunk_002/BJgSxTOOT6aezmrJmWEEIQ.jpg,winesensed,BJgSxTOOT6aezmrJmWEEIQ.jpg,winesensed:150282949,,150282949,5b67db388892415d1c4cd923,ok,/mnt/SSD/workspace/wine/data/winesensed_embedding/crops/5b/5b67db388892415d1c4cd923.jpg,9d20673dfe804c3cbac47c065578efb1f1570a2fb4cf90e53c6bb45045a3b442,1e04c4d64a91c9b172ed315c8152ecb172a0223d9e9bb1923a148e5c4ed0d26b,"[0, 20, 474, 635]",0.336669921875,474,615,winesensed:150282949,26,train
/mnt/SSD/workspace/wine/data/WineSensed/chunk_001/output_images/chunk_001/1eIfo5QcSBipb15owIAsVQ.jpg,winesensed,1eIfo5QcSBipb15owIAsVQ.jpg,winesensed:150282949,,150282949,64332ec83ca6d3da34857d60,ok,/mnt/SSD/workspace/wine/data/winesensed_embedding/crops/64/64332ec83ca6d3da34857d60.jpg,c8dcf3883ad8cd90b7651c513a577ca83ea160d822e1edc5bd52300e8f08fd08,af15f695b7d909b2c192052234a95f1975d37300e59114808ccccccd0e77272e,"[45, 18, 391, 551]",0.4111328125,346,533,winesensed:150282949,26,train
/mnt/SSD/workspace/wine/data/WineSensed/chunk_001/output_images/chunk_001/3z22kL9rT--FKSInryOeaQ.jpg,winesensed,3z22kL9rT--FKSInryOeaQ.jpg,winesensed:150282949,,150282949,7c1264abd896c8b9f2348f07,ok,/mnt/SSD/workspace/wine/data/winesensed_embedding/crops/7c/7c1264abd896c8b9f2348f07.jpg,f5c562392cfbdf85b8d29b04a39e974f5ebf7422282518a662cd7f510809d8e8,3032cef0bbea6a6239338a09fdd959595b89f6c259aa955dfe29c309d2e74274,"[0, 0, 469, 633]",0.6376953125,469,633,winesensed:150282949,26,train
/mnt/SSD/workspace/wine/data/WineSensed/chunk_002/output_images/chunk_002/8ygFEJKbRRegrvAkvTbPQQ.jpg,winesensed,8ygFEJKbRRegrvAkvTbPQQ.jpg,winesensed:150282949,,150282949,93aae999ca6bbd7e5fd7df49,ok,/mnt/SSD/workspace/wine/data/winesensed_embedding/crops/93/93aae999ca6bbd7e5fd7df49.jpg,310ddadd2034a46a6a8cd62403ee97a3d1afe26c84d9fd7cb2f01bd8c81e3707,fe6f6177463cd57324a7527b62f09848ba6b75d81a6112ff4f45151ddb8a3baf,"[41, 0, 427, 633]",0.6435546875,386,633,winesensed:150282949,26,train
/mnt/SSD/workspace/wine/data/WineSensed/chunk_002/output_images/chunk_002/A0fRKx1oRWGqIZUBTcqT-w.jpg,winesensed,A0fRKx1oRWGqIZUBTcqT-w.jpg,winesensed:150282949,,150282949,b3d00e1cf84bfbfcf40616b4,ok,/mnt/SSD/workspace/wine/data/winesensed_embedding/crops/b3/b3d00e1cf84bfbfcf40616b4.jpg,47d2006f06ef7df053f2b65de0cdbaecf2bf76348d5ea589aac4d4c04ced3cf8,845c34906d6295031879d67233977c24e8af35f8912848843b81aa09c333f929,"[54, 0, 381, 572]",0.67919921875,327,572,winesensed:150282949,26,train
/mnt/SSD/workspace/wine/data/WineSensed/chunk_001/output_images/chunk_001/-DyPpOHCRdyVJ4E1G6r2YQ.jpg,winesensed,-DyPpOHCRdyVJ4E1G6r2YQ.jpg,winesensed:150282949,,150282949,b4c5a8ee1a3cfd9360ffea80,ok,/mnt/SSD/workspace/wine/data/winesensed_embedding/crops/b4/b4c5a8ee1a3cfd9360ffea80.jpg,da7f626070df155b10bf436c4eb88bd4039e3d2b6780532516f3f289e84d4dd4,6a762249ef4a440cb8cda4fcc1d10fbba2e2c0883bdad0838e850b478832e352,"[0, 0, 445, 635]",0.55908203125,445,635,winesensed:150282949,26,train
/mnt/SSD/workspace/wine/data/WineSensed/chunk_001/output_images/chunk_001/569PKUwfSvOTnwKv7KjoTA.jpg,winesensed,569PKUwfSvOTnwKv7KjoTA.jpg,winesensed:150282949,,150282949,b7b02f53534426054c921110,ok,/mnt/SSD/workspace/wine/data/winesensed_embedding/crops/b7/b7b02f53534426054c921110.jpg,db3db45463f787db26848ad2760709e64edfec198e78d82de710e8b7f54f3505,0f97e6778504280bd6c6bce221253d7da8c4931d4a959d8b8b883f53f9183b49,"[0, 8, 456, 635]",0.484375,456,627,winesensed:150282949,26,train
/mnt/SSD/workspace/wine/data/WineSensed/chunk_002/output_images/chunk_002/ANZRqhsVQpurbAhPN8i1lA.jpg,winesensed,ANZRqhsVQpurbAhPN8i1lA.jpg,winesensed:150282949,,150282949,befb1b072ada21d06133fb50,ok,/mnt/SSD/workspace/wine/data/winesensed_embedding/crops/be/befb1b072ada21d06133fb50.jpg,bbc4f2c10ac821369a6c45224fa24ba984521fe83ae040f0b4eab4015d53d150,4506992e88829b6b41c706de9b233755b58d64b932e844d332ef6a5fda137e08,"[70, 0, 429, 640]",0.83203125,359,640,winesensed:150282949,26,train
/mnt/SSD/workspace/wine/data/WineSensed/chunk_002/output_images/chunk_002/7778LtYYQWS6rVZ-CaSpaw.jpg,winesensed,7778LtYYQWS6rVZ-CaSpaw.jpg,winesensed:150282949,,150282949,d5e445070a768924959b6869,ok,/mnt/SSD/workspace/wine/data/winesensed_embedding/crops/d5/d5e445070a768924959b6869.jpg,3cfe9277211988273e8f10b35f79a52ce6b0d200b7a389fee10e296eb743ebf3,c445749adc5b05beb30f992ec219e3999dd954b99f84014e52f89d316edd9413,"[0, 0, 457, 639]",0.6943359375,457,639,winesensed:150282949,26,train
/mnt/SSD/workspace/wine/data/WineSensed/chunk_002/output_images/chunk_002/7wI5CWKUQNm3Se6h92Ow7Q.jpg,winesensed,7wI5CWKUQNm3Se6h92Ow7Q.jpg,winesensed:150282949,,150282949,fd57e4a1c8d0aeae96144fd7,ok,/mnt/SSD/workspace/wine/data/winesensed_embedding/crops/fd/fd57e4a1c8d0aeae96144fd7.jpg,c02023553c17a02b614c4a72ae3cd777d0859c03894c59bc54d2c01cb0d29a51,311e8c582245bee751b70f1031b70350a9265121116f1682329ef3d0eb07b905,"[2, 0, 437, 640]",0.6533203125,435,640,winesensed:150282949,26,train
/mnt/SSD/workspace/wine/data/WineSensed/chunk_001/output_images/chunk_001/2EnsobM0Rqm7p6fI40XtHQ.jpg,winesensed,2EnsobM0Rqm7p6fI40XtHQ.jpg,winesensed:150287130,,150287130,08c0eb2f4fea49f2178141df,ok,/mnt/SSD/workspace/wine/data/winesensed_embedding/crops/08/08c0eb2f4fea49f2178141df.jpg,8462bd093d19d10f8f345d898c8ad646b3b0215ade03241024873fc0eab4fb1f,5e9bb6e9b8126dc8f95f5197be3eab460d9300d2f4b9c5e29ca3d419fa0456ee,"[45, 2, 420, 638]",0.66796875,375,636,winesensed:150287130,27,test
/mnt/SSD/workspace/wine/data/WineSensed/chunk_001/output_images/chunk_001/-iLZgwqATA6RL3sg9GP5gQ.jpg,winesensed,-iLZgwqATA6RL3sg9GP5gQ.jpg,winesensed:150287130,,150287130,330d78c27bdf6502798f03e5,ok,/mnt/SSD/workspace/wine/data/winesensed_embedding/crops/33/330d78c27bdf6502798f03e5.jpg,247cb8a42b729723ca5d31e94a9ce0b2f57c267c4db935ec0a30363f7639ae08,092e344e4ed1690b825c3bd311cb96c63ed1fe9c9d172579beb64cecd1c5be32,"[93, 0, 338, 640]",0.5126953125,245,640,winesensed:150287130,27,test
/mnt/SSD/workspace/wine/data/WineSensed/chunk_001/output_images/chunk_001/-DUGQAgzRMGDBA38WTc0ww.jpg,winesensed,-DUGQAgzRMGDBA38WTc0ww.jpg,winesensed:150287130,,150287130,4a01f787263acd2ae28068c6,ok,/mnt/SSD/workspace/wine/data/winesensed_embedding/crops/4a/4a01f787263acd2ae28068c6.jpg,0b376accba9ee62a96414457de97cc5a943848afe58e7e4689fd87297a8e679f,676694907216639e1ec085ae373ecb28861095c1dac632419c6195e41fb6201e,"[89, 0, 387, 640]",0.8154296875,298,640,winesensed:150287130,27,test
/mnt/SSD/workspace/wine/data/WineSensed/chunk_001/output_images/chunk_001/-AmFVIi_Tdi3VlSoMpp6GA.jpg,winesensed,-AmFVIi_Tdi3VlSoMpp6GA.jpg,winesensed:150287130,,150287130,760fc421b639d32efcb18ec6,ok,/mnt/SSD/workspace/wine/data/winesensed_embedding/crops/76/760fc421b639d32efcb18ec6.jpg,756c145a1ec6382f28e07c09cb44f79831d033f568cb8752f20b892f2c881792,c4a0f1c26e0021f29db73d2eeed8aac04ff469da6a5bb6bbc3285b3584fc036a,"[52, 0, 368, 640]",0.658203125,316,640,winesensed:150287130,27,test
/mnt/SSD/workspace/wine/data/WineSensed/chunk_001/output_images/chunk_001/2ViBhXNqTVCa7dfDllnEAw.jpg,winesensed,2ViBhXNqTVCa7dfDllnEAw.jpg,winesensed:150287130,,150287130,80c7d4673cc0058081a6d4ae,ok,/mnt/SSD/workspace/wine/data/winesensed_embedding/crops/80/80c7d4673cc0058081a6d4ae.jpg,d6de98a476ff402d3f5e5f2f6012194d70eabcdabac0c5c9eb534e34592f5a72,060c70884e33d9cfc16352b7695d709ece09f3210b750f5f0b75c40424da36ea,"[48, 0, 383, 632]",0.78125,335,632,winesensed:150287130,27,test
/mnt/SSD/workspace/wine/data/WineSensed/chunk_001/output_images/chunk_001/-qcvluqGQ6mpX4XnFD6LSg.jpg,winesensed,-qcvluqGQ6mpX4XnFD6LSg.jpg,winesensed:150287130,,150287130,85202b1cbaf6d704699bca2a,ok,/mnt/SSD/workspace/wine/data/winesensed_embedding/crops/85/85202b1cbaf6d704699bca2a.jpg,d7ece300ba6abe1aa87bbc1ff2f4bf2a7dbb148000d36a2d0bfd552d7aa06931,95a24e672de3e843eed1efd0b8994c5e3c731426c0f5a79bc7a59c4ae82e6226,"[87, 0, 413, 640]",0.505859375,326,640,winesensed:150287130,27,test
/mnt/SSD/workspace/wine/data/WineSensed/chunk_001/output_images/chunk_001/-IASu1yWS-OBXfOMlg8cWQ.jpg,winesensed,-IASu1yWS-OBXfOMlg8cWQ.jpg,winesensed:150287130,,150287130,8fb54abe8b74f21155f9fffd,ok,/mnt/SSD/workspace/wine/data/winesensed_embedding/crops/8f/8fb54abe8b74f21155f9fffd.jpg,8dd2b5422cdd2baa55226f3a0fc017c0e0a8aa40ee34cbe60d889193f28eec44,783178fd427e6d4b4c05300a758e37033a9d32b2e6db64ceb89dae682cea068d,"[44, 27, 423, 636]",0.320068359375,379,609,winesensed:150287130,27,test
/mnt/SSD/workspace/wine/data/WineSensed/chunk_001/output_images/chunk_001/13dcMhWpQKaWsDZR-WURmA.jpg,winesensed,13dcMhWpQKaWsDZR-WURmA.jpg,winesensed:150287130,,150287130,9244c4bb596551b8518f3c67,ok,/mnt/SSD/workspace/wine/data/winesensed_embedding/crops/92/9244c4bb596551b8518f3c67.jpg,f27aa2f48c5bd837924b77926612944504f4ca7a85621cd079ea149161a714b3,a9ecf5f945d737822e96b086fd0515566945c7a20a53b253e229cd98afc60398,"[34, 23, 417, 632]",0.448486328125,383,609,winesensed:150287130,27,test
/mnt/SSD/workspace/wine/data/WineSensed/chunk_001/output_images/chunk_001/0xTIMqlmQACrMdQZ83jhsg.jpg,winesensed,0xTIMqlmQACrMdQZ83jhsg.jpg,winesensed:150287130,,150287130,94e5334142a02ab84f5da954,ok,/mnt/SSD/workspace/wine/data/winesensed_embedding/crops/94/94e5334142a02ab84f5da954.jpg,8213f42cb52ca6b2305a50446a63e5066be85ad4cd96248be94e39f6efaf3e9f,3607e7bbe472522910dadbd8e5246d6fc69598160ba42191398aee2170151f10,"[90, 0, 366, 640]",0.81103515625,276,640,winesensed:150287130,27,test
/mnt/SSD/workspace/wine/data/WineSensed/chunk_001/output_images/chunk_001/1sgo7_o-Sn-ax8y3t5lc6A.jpg,winesensed,1sgo7_o-Sn-ax8y3t5lc6A.jpg,winesensed:150287130,,150287130,dfd72c1bbcbc5bc6a8c38789,ok,/mnt/SSD/workspace/wine/data/winesensed_embedding/crops/df/dfd72c1bbcbc5bc6a8c38789.jpg,d32474c67acd8b65c706dfbcbb2e14c3fd462321a025714f740e4384f0648921,b8067b7c4780ecc9275b27606506830a265feafc000724e63eaa247f260e8ae1,"[37, 19, 433, 640]",0.262939453125,396,621,winesensed:150287130,27,test
/mnt/SSD/workspace/wine/data/WineSensed/chunk_001/output_images/chunk_001/1Zfra9_2Tm2pdBZ0hJguJw.jpg,winesensed,1Zfra9_2Tm2pdBZ0hJguJw.jpg,winesensed:150287130,,150287130,e7dfb59601ffa49b34e565ef,ok,/mnt/SSD/workspace/wine/data/winesensed_embedding/crops/e7/e7dfb59601ffa49b34e565ef.jpg,fe3acaedecb7cee4c770d8eb2d6a0581c85da908f8e42055075e92b64b946bfd,0d61cb7519e17e5d36760ece8b797674b41024d36f5a41219af64003ca68d5ae,"[125, 0, 413, 636]",0.87060546875,288,636,winesensed:150287130,27,test
/mnt/SSD/workspace/wine/data/WineSensed/chunk_001/output_images/chunk_001/-52XtSKRTCaCRH_j8f-AWw.jpg,winesensed,-52XtSKRTCaCRH_j8f-AWw.jpg,winesensed:150287130,,150287130,e8585060e20b2a36b1c65d2a,ok,/mnt/SSD/workspace/wine/data/winesensed_embedding/crops/e8/e8585060e20b2a36b1c65d2a.jpg,6842152ea1dec258524961efeaf518379e950b31b9d8c0edc57d3fef254a3be6,c124393d1df7fcf8e1425ea2b2b9538d6056878e6331b84f81813111da74f36b,"[76, 3, 474, 639]",0.744140625,398,636,winesensed:150287130,27,test
/mnt/SSD/workspace/wine/data/WineSensed/chunk_003/output_images/chunk_003/Do-zG9vLTV67m0BiWejHtw.jpg,winesensed,Do-zG9vLTV67m0BiWejHtw.jpg,winesensed:150288005,,150288005,0123a7c5411ecab1c42c0530,ok,/mnt/SSD/workspace/wine/data/winesensed_embedding/crops/01/0123a7c5411ecab1c42c0530.jpg,7ee5b7ff0e68099a3ce5a5264bd3f2320717e05c116016f8e2f487948284ba1b,6152539cd24bc50e37e66b73983ceefd7c78dc009c17f214ec53f821119029c6,"[32, 0, 446, 626]",0.3154296875,414,626,winesensed:150288005,28,train
/mnt/SSD/workspace/wine/data/WineSensed/chunk_001/output_images/chunk_001/-gifUJRyQkWDD8j88vaLCg.jpg,winesensed,-gifUJRyQkWDD8j88vaLCg.jpg,winesensed:150288005,,150288005,191305f2525a08a9d8685245,ok,/mnt/SSD/workspace/wine/data/winesensed_embedding/crops/19/191305f2525a08a9d8685245.jpg,256c9be1f428a6fecd456c2c8d2502845ee51d5dbb36957b4f81c34d58d4cab6,d31868d6855718d6581e644de7326ea29700b45cc324761738e2f18cf422f93f,"[118, 0, 345, 542]",0.4814453125,227,542,winesensed:150288005,28,train
/mnt/SSD/workspace/wine/data/WineSensed/chunk_002/output_images/chunk_002/B5yNSwyMT1aJ6zsPxU4XEA.jpg,winesensed,B5yNSwyMT1aJ6zsPxU4XEA.jpg,winesensed:150288005,,150288005,418bcf4f7b02b645fa85866b,ok,/mnt/SSD/workspace/wine/data/winesensed_embedding/crops/41/418bcf4f7b02b645fa85866b.jpg,b360fd5d7faf17b0e8b36234104cb4e4c3d30342ebe83f825341186a7f2bf31b,cd5e45205728d425c71aaf5a0897d85c08ed43a1ed4c6addf5da159995b0afc2,"[376, 0, 480, 102]",0.57177734375,104,102,winesensed:150288005,28,train
/mnt/SSD/workspace/wine/data/WineSensed/chunk_002/output_images/chunk_002/7SWud_rATBa0xLmihHx89w.jpg,winesensed,7SWud_rATBa0xLmihHx89w.jpg,winesensed:150288005,,150288005,7b21d9ebba268e468f631ed4,ok,/mnt/SSD/workspace/wine/data/winesensed_embedding/crops/7b/7b21d9ebba268e468f631ed4.jpg,19fad7d1b83a92d8a097261cc57aef3a3bbf7205a140237ecfe07caf4d49ea26,be47e7b1644896ca6b95ba5a7b38abf83f584a5ee1f3e70aa1c4f8cfed8ec70c,"[0, 10, 439, 640]",0.384033203125,439,630,winesensed:150288005,28,train
/mnt/SSD/workspace/wine/data/WineSensed/chunk_002/output_images/chunk_002/5vKomo6uRkaL_rLpPtNcHg.jpg,winesensed,5vKomo6uRkaL_rLpPtNcHg.jpg,winesensed:150288005,,150288005,7ec84a3360f30fa1a1bc1909,ok,/mnt/SSD/workspace/wine/data/winesensed_embedding/crops/7e/7ec84a3360f30fa1a1bc1909.jpg,4bae0cd1490a3ba786e467a40cbed5bec057b507b67c7febec0c417a7080e32f,44f4dc0d551117d82a10ccf9b22c57dc4f27a2df52a70f9505b0063160a32733,"[51, 0, 447, 628]",0.455078125,396,628,winesensed:150288005,28,train
/mnt/SSD/workspace/wine/data/WineSensed/chunk_001/output_images/chunk_001/1uPqoaHCTamxzeaQj7EKaQ.jpg,winesensed,1uPqoaHCTamxzeaQj7EKaQ.jpg,winesensed:150288005,,150288005,9403e44b9e32a57898d6ffc5,ok,/mnt/SSD/workspace/wine/data/winesensed_embedding/crops/94/9403e44b9e32a57898d6ffc5.jpg,e93d991c863efa99565c3e818d6b6699f1790a2dd062a4882fe4f6521598f2c3,bf6f257514e17a5d018c33b78af8b66b6c5a638a7f5cb2d6e376973a0f7bb590,"[33, 0, 467, 606]",0.42919921875,434,606,winesensed:150288005,28,train
/mnt/SSD/workspace/wine/data/WineSensed/chunk_001/output_images/chunk_001/2jfAkivgSp-ZdGsM-Nnx1A.jpg,winesensed,2jfAkivgSp-ZdGsM-Nnx1A.jpg,winesensed:150288005,,150288005,950d96afff16982bbe1fd5f3,ok,/mnt/SSD/workspace/wine/data/winesensed_embedding/crops/95/950d96afff16982bbe1fd5f3.jpg,eb3ba0b119af7c0cf323fc9deec9dbbcc46063af6c3f8b6209f212b31806d798,9b327a01cc8469a1fa1f27e46065c39fffdae5594a38c1c2302cc975cbed01fc,"[70, 0, 452, 625]",0.7705078125,382,625,winesensed:150288005,28,train
/mnt/SSD/workspace/wine/data/WineSensed/chunk_002/output_images/chunk_002/5zwsrAFtQr6DNiG_dLNO6g.jpg,winesensed,5zwsrAFtQr6DNiG_dLNO6g.jpg,winesensed:150288005,,150288005,a2fd65d2062f98f70be66516,ok,/mnt/SSD/workspace/wine/data/winesensed_embedding/crops/a2/a2fd65d2062f98f70be66516.jpg,aac4e7ce38f809f9d6985a677132332f34a64871fbe0505a8f8dd406cfbd9f66,424d001deb482c29e8f3f817e2881e2dc46ef9bbb73229f3b6496af970a70c72,"[94, 0, 373, 638]",0.732421875,279,638,winesensed:150288005,28,train
/mnt/SSD/workspace/wine/data/WineSensed/chunk_002/output_images/chunk_002/98bvLYbtQZ6LGa1OiJvmiw.jpg,winesensed,98bvLYbtQZ6LGa1OiJvmiw.jpg,winesensed:150288005,,150288005,bb4a447a50385170aa1364e1,ok,/mnt/SSD/workspace/wine/data/winesensed_embedding/crops/bb/bb4a447a50385170aa1364e1.jpg,1b69a8a27928ec0074682add694b0d308e343a7c636927dfb8cdfeafff1c075c,97f62e9150d19484514022af4a6e831602ceb16b5c29b5b67ff292941fd5aaed,"[137, 2, 386, 640]",0.810546875,249,638,winesensed:150288005,28,train
/mnt/SSD/workspace/wine/data/WineSensed/chunk_001/output_images/chunk_001/0HXY8fSLQg2iv9pP4yQs-g.jpg,winesensed,0HXY8fSLQg2iv9pP4yQs-g.jpg,winesensed:150288005,,150288005,dda87ba54379da5b64c750ee,ok,/mnt/SSD/workspace/wine/data/winesensed_embedding/crops/dd/dda87ba54379da5b64c750ee.jpg,d9c3211b8ab646a5d9cd1c355f0eba84918e31336d6d020a17b183b66d27a350,6a662d10e5a454dd5f45af902ee94aecdf7321ae1facdc39d6727aaf110a22af,"[71, 0, 396, 622]",0.281005859375,325,622,winesensed:150288005,28,train
/mnt/SSD/workspace/wine/data/WineSensed/chunk_001/output_images/chunk_001/-ZlMPshUQfO_9h2NnT_i4g.jpg,winesensed,-ZlMPshUQfO_9h2NnT_i4g.jpg,winesensed:150288005,,150288005,e5ff2ee39e8284efd5e779d9,ok,/mnt/SSD/workspace/wine/data/winesensed_embedding/crops/e5/e5ff2ee39e8284efd5e779d9.jpg,858e1bbf81b3d4b9c20706abd51fe1043de4cf67afb7aaece049ad531615ab31,d49fd94c33d146e810a95b614ba4e1895dd4294ce390506f14b9bfdd4c7fb40f,"[125, 0, 433, 617]",0.33251953125,308,617,winesensed:150288005,28,train
/mnt/SSD/workspace/wine/data/WineSensed/chunk_002/output_images/chunk_002/A3jGP7iQRqm4TIR04odqSA.jpg,winesensed,A3jGP7iQRqm4TIR04odqSA.jpg,winesensed:150288005,,150288005,f9f6b29b3440cb494f554f9a,ok,/mnt/SSD/workspace/wine/data/winesensed_embedding/crops/f9/f9f6b29b3440cb494f554f9a.jpg,8fca9639763e78a90a83782296ea6b2b0a79f69ab3a0f353a1eec855eacc484e,425eb1798a6c09e4bb55013d65eaff610081b3c02baa81dbbfa62780391aa96a,"[28, 0, 456, 623]",0.4931640625,428,623,winesensed:150288005,28,train
/mnt/SSD/workspace/wine/data/WineSensed/chunk_001/output_images/chunk_001/-If2lAC0RhuG3eXrUTVEtA.jpg,winesensed,-If2lAC0RhuG3eXrUTVEtA.jpg,winesensed:150293804,,150293804,0b75e997639affa9bd12d0da,ok,/mnt/SSD/workspace/wine/data/winesensed_embedding/crops/0b/0b75e997639affa9bd12d0da.jpg,f5a7960ae84822988c2c319e14216fb49742fb984881f05f61a915e0ebf9d2ab,1cb1de2c44c795a7282b583508944e43c1786fe9d21312c8cca06dfef90a81bd,"[68, 13, 339, 639]",0.437744140625,271,626,winesensed:150293804,29,train
/mnt/SSD/workspace/wine/data/WineSensed/chunk_001/output_images/chunk_001/-CRhvdZTTI2HlBiq4MROOg.jpg,winesensed,-CRhvdZTTI2HlBiq4MROOg.jpg,winesensed:150293804,,150293804,1eec0c65c29ee98fc2ee1652,ok,/mnt/SSD/workspace/wine/data/winesensed_embedding/crops/1e/1eec0c65c29ee98fc2ee1652.jpg,dd862bb3b87731f3bdba32baf969e5ede7736e85abe894f0a3668b80c71a35a3,d702ed8eb600db7b7ce48054476349a4b8bf6ca2aa1b510b842265693af47d3f,"[83, 0, 396, 640]",0.36376953125,313,640,winesensed:150293804,29,train
/mnt/SSD/workspace/wine/data/WineSensed/chunk_001/output_images/chunk_001/-52pvbRLRsm0HleLgJ_hBA.jpg,winesensed,-52pvbRLRsm0HleLgJ_hBA.jpg,winesensed:150293804,,150293804,2aff644cd3c5a609fcb0c60a,ok,/mnt/SSD/workspace/wine/data/winesensed_embedding/crops/2a/2aff644cd3c5a609fcb0c60a.jpg,091bfbb8978afc97c52f65e16af31f292d2a2920a45390c089206f21e42d103e,ff3a36fad0c7fe8dbcc975ebb3479b6cf318202ca64450f9342043cdb95bd5c4,"[126, 0, 312, 640]",0.8125,186,640,winesensed:150293804,29,train
/mnt/SSD/workspace/wine/data/WineSensed/chunk_001/output_images/chunk_001/-IKV69GWRyanEF4X4ciL-w.jpg,winesensed,-IKV69GWRyanEF4X4ciL-w.jpg,winesensed:150293804,,150293804,38f6387f15e9a6e0e2348b6e,ok,/mnt/SSD/workspace/wine/data/winesensed_embedding/crops/38/38f6387f15e9a6e0e2348b6e.jpg,4dcb9d9e06100224a6d23940be4407c88e799e054f388937582f4f14a41619d3,2d8ed8f78089a5ff1157131379bf7578e086780c2dd30fb7516824a181f2feac,"[134, 0, 376, 640]",0.64697265625,242,640,winesensed:150293804,29,train
/mnt/SSD/workspace/wine/data/WineSensed/chunk_001/output_images/chunk_001/-V0UZX1PTKShxx-KCyllpg.jpg,winesensed,-V0UZX1PTKShxx-KCyllpg.jpg,winesensed:150293804,,150293804,54dc9d8f3f57114545206f9e,ok,/mnt/SSD/workspace/wine/data/winesensed_embedding/crops/54/54dc9d8f3f57114545206f9e.jpg,ec18a56a3299821555b645de6a6200788c642d84ce3b7822046de7ec3040b656,0d9a44911f8ae823a0d119505ac0930de73a30315c4f4dcc93490b5284850793,"[18, 5, 480, 630]",0.27783203125,462,625,winesensed:150293804,29,train
/mnt/SSD/workspace/wine/data/WineSensed/chunk_001/output_images/chunk_001/-jOYjc-ORX2p5SjThFzDRQ.jpg,winesensed,-jOYjc-ORX2p5SjThFzDRQ.jpg,winesensed:150293804,,150293804,7e38ac953af93329aa075b5a,ok,/mnt/SSD/workspace/wine/data/winesensed_embedding/crops/7e/7e38ac953af93329aa075b5a.jpg,fe39f464a52c83a7fb855e5d4c329acb7ff0156a01d3c3965decfb71a9906d37,2fe6d755e1abd35086b970c358e12b72f9d202fca99ebb671ce8197b8a97f000,"[47, 0, 388, 638]",0.630859375,341,638,winesensed:150293804,29,train
/mnt/SSD/workspace/wine/data/WineSensed/chunk_001/output_images/chunk_001/-HMbwy_0TPOfFjcAnbSP7Q.jpg,winesensed,-HMbwy_0TPOfFjcAnbSP7Q.jpg,winesensed:150293804,,150293804,8882d6f9079526b3bfcbc9ab,ok,/mnt/SSD/workspace/wine/data/winesensed_embedding/crops/88/8882d6f9079526b3bfcbc9ab.jpg,faf4abbb3c024b6260941962fcb290cb0c0ce92af38ae881ceee3f188696fd7d,984862f7a3d9e3fda50f740c76de8342e1514c4bdcbc26471fb157a81689dc04,"[41, 2, 419, 640]",0.60595703125,378,638,winesensed:150293804,29,train
/mnt/SSD/workspace/wine/data/WineSensed/chunk_001/output_images/chunk_001/-5JMeLPjTYOj3tHmF6aJNA.jpg,winesensed,-5JMeLPjTYOj3tHmF6aJNA.jpg,winesensed:150293804,,150293804,913f6c2b5be811f33cb1dc30,ok,/mnt/SSD/workspace/wine/data/winesensed_embedding/crops/91/913f6c2b5be811f33cb1dc30.jpg,e0f20a1fc7c35205dc4e478d68c1cc1b455076bd16e3780dbd99f50eb18e5065,debf8bb9033f5f798e8b26e057619fa3c48979a82bc77c02e4eb80ce6eade191,"[63, 0, 413, 640]",0.798828125,350,640,winesensed:150293804,29,train
/mnt/SSD/workspace/wine/data/WineSensed/chunk_001/output_images/chunk_001/-fYgNxJZQtuqGB-qzybg4A.jpg,winesensed,-fYgNxJZQtuqGB-qzybg4A.jpg,winesensed:150293804,,150293804,c3f2c1f35eadc091ecca2877,ok,/mnt/SSD/workspace/wine/data/winesensed_embedding/crops/c3/c3f2c1f35eadc091ecca2877.jpg,bacce03a7c52b14de64a95d4331633cdcb94ba8c12ad4b30b7a40d9130e7c74a,f228e8bfa419cfe1c49f09af6f2c909b2065aed6f36394970109dd1de04d8d21,"[69, 0, 386, 640]",0.81298828125,317,640,winesensed:150293804,29,train
/mnt/SSD/workspace/wine/data/WineSensed/chunk_001/output_images/chunk_001/-P1BCidtQouVukOHXUc0Hw.jpg,winesensed,-P1BCidtQouVukOHXUc0Hw.jpg,winesensed:150293804,,150293804,c49d3dfd80684e6c70266f52,ok,/mnt/SSD/workspace/wine/data/winesensed_embedding/crops/c4/c49d3dfd80684e6c70266f52.jpg,a754ad77d27d14bfe00ac8107aed843c55464382b0c702cdb15c5d49027d0107,4e188f4f1b23040b6e69c9dfc0a315397158a220db7643e597a8e9daab858741,"[58, 0, 351, 638]",0.384521484375,293,638,winesensed:150293804,29,train
/mnt/SSD/workspace/wine/data/WineSensed/chunk_001/output_images/chunk_001/-2OjWujQQyuljoGNOCqiqQ.jpg,winesensed,-2OjWujQQyuljoGNOCqiqQ.jpg,winesensed:150293804,,150293804,d6634728acb986710fef1292,ok,/mnt/SSD/workspace/wine/data/winesensed_embedding/crops/d6/d6634728acb986710fef1292.jpg,87b32cf97e2b544f6e977886a8de314c78e4446e439c2485989a65ddbe27037d,1098156e283b30f990799212c1fdbce8a625cd1838a66da277c4df646c45d88e,"[88, 9, 395, 638]",0.7138671875,307,629,winesensed:150293804,29,train
/mnt/SSD/workspace/wine/data/WineSensed/chunk_001/output_images/chunk_001/-S9gPZChSzGqHKjoF9-Zug.jpg,winesensed,-S9gPZChSzGqHKjoF9-Zug.jpg,winesensed:150293804,,150293804,e0f8195c8eb606b4818687a5,ok,/mnt/SSD/workspace/wine/data/winesensed_embedding/crops/e0/e0f8195c8eb606b4818687a5.jpg,3d7847d6f6337fcc45ff89d3b6ac97c7624fe52b795cc20dc175ee1e4752e4e6,512edd3b6d31a598a2c4dabae980858c3500a058a2736b9a87077a35c750f73c,"[0, 1, 462, 631]",0.61328125,462,630,winesensed:150293804,29,train
/mnt/SSD/workspace/wine/data/WineSensed/chunk_001/output_images/chunk_001/4ubukoU2TVCFKjemrd4RVA.jpg,winesensed,4ubukoU2TVCFKjemrd4RVA.jpg,winesensed:150295041,,150295041,02a32100c0b79626886d5bed,ok,/mnt/SSD/workspace/wine/data/winesensed_embedding/crops/02/02a32100c0b79626886d5bed.jpg,7f2ff67d03c690dda445da73e447f849d522a085704721108c216cb307b45580,fc6d480fbcec7a48bfddc7092d6901f3deb21b8bdb83e602e8934bad77550610,"[44, 1, 382, 638]",0.4580078125,338,637,winesensed:150295041,30,train
/mnt/SSD/workspace/wine/data/WineSensed/chunk_001/output_images/chunk_001/-UXfzrM3SEW1ytCjrUPf6A.jpg,winesensed,-UXfzrM3SEW1ytCjrUPf6A.jpg,winesensed:150295041,,150295041,3553dbf009f448dbd8231fa2,ok,/mnt/SSD/workspace/wine/data/winesensed_embedding/crops/35/3553dbf009f448dbd8231fa2.jpg,5eedaba70ddde17c5be8c3c5389bdb2b6a0bc373c275c2a400e86cfead06d17f,27b104f891af6c6a34b85b2c4663cdb25599356176e25851d117ff9b7733e377,"[60, 1, 368, 640]",0.73046875,308,639,winesensed:150295041,30,train
/mnt/SSD/workspace/wine/data/WineSensed/chunk_001/output_images/chunk_001/33WIUW29TSCcvbcVQfo0pw.jpg,winesensed,33WIUW29TSCcvbcVQfo0pw.jpg,winesensed:150295041,,150295041,3b9c352d7927ad9e4a2deb7c,ok,/mnt/SSD/workspace/wine/data/winesensed_embedding/crops/3b/3b9c352d7927ad9e4a2deb7c.jpg,161ea3a65314b1a5e1bda83d3adfbf71e6430a4d6834563537daf0e3eda676ca,2a7d295f59f13e03da9fba596647ef3da74027bba3277450f36f13676d13429f,"[117, 13, 360, 634]",0.72119140625,243,621,winesensed:150295041,30,train
/mnt/SSD/workspace/wine/data/WineSensed/chunk_001/output_images/chunk_001/4C7aMIToT6OB4Gl9yEyEeg.jpg,winesensed,4C7aMIToT6OB4Gl9yEyEeg.jpg,winesensed:150295041,,150295041,48eefdb9dff6804edb17f7cd,ok,/mnt/SSD/workspace/wine/data/winesensed_embedding/crops/48/48eefdb9dff6804edb17f7cd.jpg,53ca07e8390272c520f6919712e506197619ea09d79b2e28f15d8bc8a6b1b470,82b637cb39daadba3c97ae754e5e3a3e00adb2917bf8baa60bf7d0843e588d1b,"[111, 0, 396, 637]",0.8017578125,285,637,winesensed:150295041,30,train
/mnt/SSD/workspace/wine/data/WineSensed/chunk_001/output_images/chunk_001/1Js04uBcQmeBz8OEIn5e4g.jpg,winesensed,1Js04uBcQmeBz8OEIn5e4g.jpg,winesensed:150295041,,150295041,74f1a8570a65792ef842d88a,ok,/mnt/SSD/workspace/wine/data/winesensed_embedding/crops/74/74f1a8570a65792ef842d88a.jpg,ef2dfbe339a645b4663c8d5a4a575c1bf5d21909557a2e87c4710f43288f7269,e523748ba2f4d830a345ffe7aa8fa239c8724c4726f1d19692148b170027ba95,"[97, 1, 368, 640]",0.4736328125,271,639,winesensed:150295041,30,train
/mnt/SSD/workspace/wine/data/WineSensed/chunk_002/output_images/chunk_002/6RREcN58RZOsuA42FPFAbA.jpg,winesensed,6RREcN58RZOsuA42FPFAbA.jpg,winesensed:150295041,,150295041,8136a0983d5ba13d6d3420dc,ok,/mnt/SSD/workspace/wine/data/winesensed_embedding/crops/81/8136a0983d5ba13d6d3420dc.jpg,801dff9aa02e8b2d88c3c47c8fa19910a32cc0fec20713e4b1fc2c0075d1d0da,240764bc089912e1ff3b2570c587d07b4414da16501cb13e75eb34a9c9f5dd3d,"[96, 3, 439, 605]",0.25732421875,343,602,winesensed:150295041,30,train
/mnt/SSD/workspace/wine/data/WineSensed/chunk_001/output_images/chunk_001/1gAba1EdTPuHm8vmFidSyg.jpg,winesensed,1gAba1EdTPuHm8vmFidSyg.jpg,winesensed:150295041,,150295041,87ee9805f5f9a1635c5e12dc,ok,/mnt/SSD/workspace/wine/data/winesensed_embedding/crops/87/87ee9805f5f9a1635c5e12dc.jpg,fb51d45262bed9dca621a042227764dfd7d790962095ab415594a0c44a2828c9,22bcb6eb66ba88aae578f368413277a43df7cf4b58db4590d7fd3253d6141826,"[37, 0, 434, 640]",0.56396484375,397,640,winesensed:150295041,30,train
/mnt/SSD/workspace/wine/data/WineSensed/chunk_001/output_images/chunk_001/5ASCQLdiQMqMIqfPfyRCQw.jpg,winesensed,5ASCQLdiQMqMIqfPfyRCQw.jpg,winesensed:150295041,,150295041,a872e7ee6e01d81c4e692422,ok,/mnt/SSD/workspace/wine/data/winesensed_embedding/crops/a8/a872e7ee6e01d81c4e692422.jpg,fc04242c768bb9550be32a81e6ab20a12035816132d155c14c1ce75d2509d021,741813cccaa7d6390509c5da0c9f0a38aabb70ba6aa9b102235f3b985d1a1172,"[89, 0, 430, 634]",0.63330078125,341,634,winesensed:150295041,30,train
/mnt/SSD/workspace/wine/data/WineSensed/chunk_001/output_images/chunk_001/1peFRMahRj2bY2oQrcOhNA.jpg,winesensed,1peFRMahRj2bY2oQrcOhNA.jpg,winesensed:150295041,,150295041,b2636fa701125c74756c8f78,ok,/mnt/SSD/workspace/wine/data/winesensed_embedding/crops/b2/b2636fa701125c74756c8f78.jpg,9f3578b74f18fdf8669aa58c07a7f1cc4161dc1e1000a6d663ebb8aeffb6fe70,9ae51835a0839d98d79c0a3395d0da62fb83ca91110bdd68972d76c6e355a6b1,"[53, 3, 377, 623]",0.583984375,324,620,winesensed:150295041,30,train
/mnt/SSD/workspace/wine/data/WineSensed/chunk_001/output_images/chunk_001/-kQQlJZMRa2KVQ2TLoxHbA.jpg,winesensed,-kQQlJZMRa2KVQ2TLoxHbA.jpg,winesensed:150295041,,150295041,bf675827dcc49f1abd0899f7,ok,/mnt/SSD/workspace/wine/data/winesensed_embedding/crops/bf/bf675827dcc49f1abd0899f7.jpg,b34b9a02a39373468efc877aad3b24bfd1f779cd400abe97a32d3a4b77557be7,9a1690552000aeb2fa6cd6dd53be89acd70b9843f9ca15bcde02d2996874e4f9,"[93, 0, 415, 625]",0.391845703125,322,625,winesensed:150295041,30,train
/mnt/SSD/workspace/wine/data/WineSensed/chunk_001/output_images/chunk_001/0c_-M2TURyaYrVg_YoKPwQ.jpg,winesensed,0c_-M2TURyaYrVg_YoKPwQ.jpg,winesensed:150295041,,150295041,c0117b74c7a8823d5438552c,ok,/mnt/SSD/workspace/wine/data/winesensed_embedding/crops/c0/c0117b74c7a8823d5438552c.jpg,eab0aee069b8dbe894cdb894b42a533d758b4749e47ef950e161e7995a1a2b92,d4ea15ab5ca44832865b458cc3988b33ed030e3f2d3c25cefac89dd6990cc803,"[17, 0, 388, 635]",0.27978515625,371,635,winesensed:150295041,30,train
/mnt/SSD/workspace/wine/data/WineSensed/chunk_002/output_images/chunk_002/5OTaxMgjRxu8UW48DRCewg.jpg,winesensed,5OTaxMgjRxu8UW48DRCewg.jpg,winesensed:150295041,,150295041,d1a0ef5ccf1b158f59205b99,ok,/mnt/SSD/workspace/wine/data/winesensed_embedding/crops/d1/d1a0ef5ccf1b158f59205b99.jpg,689a944cd21ce97ebd03180c94aa08199808693e0df594b76c53647a36c5ea61,751e44a239bf3ba8173ba68e90c16c92491cc329a90ab96796dd9d915b6c50fd,"[72, 10, 348, 625]",0.5107421875,276,615,winesensed:150295041,30,train
/mnt/SSD/workspace/wine/data/WineSensed/chunk_002/output_images/chunk_002/5e1i7wwGQm2MswcVGnO2zQ.jpg,winesensed,5e1i7wwGQm2MswcVGnO2zQ.jpg,winesensed:150301046,,150301046,3b4dc6fc349da3ef1e56ed93,ok,/mnt/SSD/workspace/wine/data/winesensed_embedding/crops/3b/3b4dc6fc349da3ef1e56ed93.jpg,0e4b5f4d5a5edc05febf5e7b5bf534887573ee89d431f76c23636c65d0aa6f66,be81369f3911e56892ee36c049ebb4dbe9d50063a5e587b85e8c9ada2f16ea39,"[90, 0, 356, 628]",0.73046875,266,628,winesensed:150301046,31,train
/mnt/SSD/workspace/wine/data/WineSensed/chunk_001/output_images/chunk_001/1BIGtrCBT9yJ_FuIWeEsAQ.jpg,winesensed,1BIGtrCBT9yJ_FuIWeEsAQ.jpg,winesensed:150301046,,150301046,4b1fa5e02afdddda749babea,ok,/mnt/SSD/workspace/wine/data/winesensed_embedding/crops/4b/4b1fa5e02afdddda749babea.jpg,488ea73b5cd8ed508682b5ba26c13d609cc3bb8119457630a11b03654a6f43f9,d4ba40212712f8a03211fb7f8ea51306c6910a125095d805a3d1bdaf76433a77,"[117, 22, 360, 640]",0.346923828125,243,618,winesensed:150301046,31,train
/mnt/SSD/workspace/wine/data/WineSensed/chunk_003/output_images/chunk_003/CuuCG2SsTlu4yRw4B-n7rg.jpg,winesensed,CuuCG2SsTlu4yRw4B-n7rg.jpg,winesensed:150301046,,150301046,62c54c440ec6068e7c7fd90e,ok,/mnt/SSD/workspace/wine/data/winesensed_embedding/crops/62/62c54c440ec6068e7c7fd90e.jpg,bbfe5408a7833f2274b51d003b586bc87e836fcf39fb23600521860af1f5376f,96d1ed35976f014607c30bd6dbaecc1cd4d9af7897b671e594fc53b10f0d76a6,"[95, 0, 382, 593]",0.80029296875,287,593,winesensed:150301046,31,train
/mnt/SSD/workspace/wine/data/WineSensed/chunk_003/output_images/chunk_003/EZR-QgffRFSX2ZmUmv88JA.jpg,winesensed,EZR-QgffRFSX2ZmUmv88JA.jpg,winesensed:150301046,,150301046,64dfdd426a9e09c3fdca9360,ok,/mnt/SSD/workspace/wine/data/winesensed_embedding/crops/64/64dfdd426a9e09c3fdca9360.jpg,fdbf86641f44ae518b77c1d7d0fd918844f2427f43f70c93a20941eb6927bc88,19c01b9c9a16e00bf2d063c142ba0b51a8910b1d1a44ea25b35942c20d4b935f,"[136, 0, 353, 594]",0.75,217,594,winesensed:150301046,31,train
/mnt/SSD/workspace/wine/data/WineSensed/chunk_002/output_images/chunk_002/7nDcEq6fTN-tjuQzPq-d5w.jpg,winesensed,7nDcEq6fTN-tjuQzPq-d5w.jpg,winesensed:150301046,,150301046,651e1969b146fdf1d6300a1a,ok,/mnt/SSD/workspace/wine/data/winesensed_embedding/crops/65/651e1969b146fdf1d6300a1a.jpg,352e51ea05cc194daeef95c68c4344901581fc85d45cccb6cd5a99b098c744e9,f551e9ee61ea2de4b8de87c53daf743a21088cfc7a013f9d4b92061e40a34ecb,"[91, 0, 346, 639]",0.85546875,255,639,winesensed:150301046,31,train
/mnt/SSD/workspace/wine/data/WineSensed/chunk_003/output_images/chunk_003/D2EmfvN9S7iOKAfwWueZUw.jpg,winesensed,D2EmfvN9S7iOKAfwWueZUw.jpg,winesensed:150301046,,150301046,67d348c3b26eb799d6a85229,ok,/mnt/SSD/workspace/wine/data/winesensed_embedding/crops/67/67d348c3b26eb799d6a85229.jpg,27ad27396f37bb7a4b4c4f519cd745a58182037c628f7c61e623498fb0fc8217,7fb69df454c40a758990b0068cfc54ba91d34ba42e5be99348efc6f45a1213d7,"[96, 1, 381, 637]",0.7958984375,285,636,winesensed:150301046,31,train
/mnt/SSD/workspace/wine/data/WineSensed/chunk_001/output_images/chunk_001/4AimXPPPRm-n9YtAngbCHA.jpg,winesensed,4AimXPPPRm-n9YtAngbCHA.jpg,winesensed:150301046,,150301046,76527eeea46de6c674cf0916,ok,/mnt/SSD/workspace/wine/data/winesensed_embedding/crops/76/76527eeea46de6c674cf0916.jpg,ada99bf9f93736c9acafeaed44c51dd7eb4a52197f6d20dc069137254bc6eab0,f1c827efedf993d76e445266f0438dc151065c8d0db7724597bc7d6cc9796a03,"[116, 0, 344, 564]",0.414794921875,228,564,winesensed:150301046,31,train
/mnt/SSD/workspace/wine/data/WineSensed/chunk_001/output_images/chunk_001/2bj2YvRdRpaxwRF44vw2ww.jpg,winesensed,2bj2YvRdRpaxwRF44vw2ww.jpg,winesensed:150301046,,150301046,7869750a33639cb798c5baf7,ok,/mnt/SSD/workspace/wine/data/winesensed_embedding/crops/78/7869750a33639cb798c5baf7.jpg,0379d33e5a68537ad64e9bcc1ad9dfc5f45ee97774a5396720c69bd73bbfbf39,327ed7e82fa6a5efa2bc22dd20f5fdc25cf4b2fc58632272038b7ea85638cfb1,"[105, 0, 373, 640]",0.69921875,268,640,winesensed:150301046,31,train
/mnt/SSD/workspace/wine/data/WineSensed/chunk_002/output_images/chunk_002/9HvsxwjkQNOpvzs_BBLbZg.jpg,winesensed,9HvsxwjkQNOpvzs_BBLbZg.jpg,winesensed:150301046,,150301046,9ea48545b9b5968de2395d29,ok,/mnt/SSD/workspace/wine/data/winesensed_embedding/crops/9e/9ea48545b9b5968de2395d29.jpg,04e28c616b853353e22acc5067b76ec7c1e91c3fa940e364ecb05d0fdfca4fd7,cb75c3a78edcb8ecbc02476236f48ee622bd513eeeaadbcbbdec02fb146b280f,"[101, 3, 377, 634]",0.486328125,276,631,winesensed:150301046,31,train
/mnt/SSD/workspace/wine/data/WineSensed/chunk_002/output_images/chunk_002/5vVC0gHYTbuJQBp00u5vug.jpg,winesensed,5vVC0gHYTbuJQBp00u5vug.jpg,winesensed:150301046,,150301046,abb87eb4b67ead1d97afd95c,ok,/mnt/SSD/workspace/wine/data/winesensed_embedding/crops/ab/abb87eb4b67ead1d97afd95c.jpg,97b4ff5178dcae14ca3be11192900249b66e3835338da36a3b1066b50e111a84,540b59c638f2117e8d7d4ac2bba758dc191fad57f7aff4c794ca19dda95b1449,"[133, 0, 360, 610]",0.873046875,227,610,winesensed:150301046,31,train
/mnt/SSD/workspace/wine/data/WineSensed/chunk_003/output_images/chunk_003/Cge6AByFTeOrRzrHEWzhmA.jpg,winesensed,Cge6AByFTeOrRzrHEWzhmA.jpg,winesensed:150301046,,150301046,ae4875f022c0ac142ab74066,ok,/mnt/SSD/workspace/wine/data/winesensed_embedding/crops/ae/ae4875f022c0ac142ab74066.jpg,619eb0c149cc76175125e6b890ee5ba1643dc2808d0d9e2c1c3908a582d2388e,c9038ff06d6bd4407f955f5ada66cb1677e91e9574209e306734c3dd80cc8283,"[94, 0, 342, 634]",0.82373046875,248,634,winesensed:150301046,31,train
/mnt/SSD/workspace/wine/data/WineSensed/chunk_003/output_images/chunk_003/DRTUVOZUQeKZcjVp4v8MLA.jpg,winesensed,DRTUVOZUQeKZcjVp4v8MLA.jpg,winesensed:150301046,,150301046,faea8de028bdbbb13a35e7b3,ok,/mnt/SSD/workspace/wine/data/winesensed_embedding/crops/fa/faea8de028bdbbb13a35e7b3.jpg,d5ed4a5d104df49f4d0e548036ef078bdbd068482d54c708c3ee83661f962103,e2b715c4b6a6f022907fdddc2c24bb56c008a15ad1815a3120a3cefa9a9df2bb,"[92, 1, 383, 640]",0.79443359375,291,639,winesensed:150301046,31,train
/mnt/SSD/workspace/wine/data/WineSensed/chunk_001/output_images/chunk_001/1t5topIzQ06__fMEiCo-zA.jpg,winesensed,1t5topIzQ06__fMEiCo-zA.jpg,winesensed:150309268,,150309268,0bf3b809b33b35d2991bdd12,ok,/mnt/SSD/workspace/wine/data/winesensed_embedding/crops/0b/0bf3b809b33b35d2991bdd12.jpg,3e423598a7556bd2b9af2150e3ffb105ab382641d44c534fb3aa0b2607338de9,463edef27c55db43a5fe63959c45ba0d36d2d6b0b3c28c40a16fbe2fc624c0c6,"[109, 0, 378, 632]",0.390380859375,269,632,winesensed:150309268,32,train
/mnt/SSD/workspace/wine/data/WineSensed/chunk_002/output_images/chunk_002/89CJ6xgTRO6pAnIqafLPeQ.jpg,winesensed,89CJ6xgTRO6pAnIqafLPeQ.jpg,winesensed:150309268,,150309268,581379e5da91519cd70fc2a8,ok,/mnt/SSD/workspace/wine/data/winesensed_embedding/crops/58/581379e5da91519cd70fc2a8.jpg,92899d04e04e623264938ccc044402c56f4bbda5f26344e871bc1ff16f1c1a7b,de41e392cdd50745971a5e4fefe53496f0a9d7ef241fc5cb1e13e51bcb531217,"[116, 0, 335, 630]",0.822265625,219,630,winesensed:150309268,32,train
/mnt/SSD/workspace/wine/data/WineSensed/chunk_001/output_images/chunk_001/5981-DCISbejX7gULJo9rQ.jpg,winesensed,5981-DCISbejX7gULJo9rQ.jpg,winesensed:150309268,,150309268,7c9234ccbf538a053605dcd3,ok,/mnt/SSD/workspace/wine/data/winesensed_embedding/crops/7c/7c9234ccbf538a053605dcd3.jpg,b3ba1651a3f7ab8bf8f0723a672ffa7efd88aa6587fe77fb24940a3ad2b34958,ea34ff5974a10922bbc7421674cb26ef50ebb7526a36344f53f64f5c6def046a,"[107, 0, 368, 634]",0.269775390625,261,634,winesensed:150309268,32,train
/mnt/SSD/workspace/wine/data/WineSensed/chunk_002/output_images/chunk_002/BiYHpWBMSseBir3LWtGVIw.jpg,winesensed,BiYHpWBMSseBir3LWtGVIw.jpg,winesensed:150309268,,150309268,85f6b078fd1e506dde58284e,ok,/mnt/SSD/workspace/wine/data/winesensed_embedding/crops/85/85f6b078fd1e506dde58284e.jpg,2c7029fb11ecc5e1ee3c3db87041d46934a26882fe59c18f04d4b8a80e48545d,20526d3cbe01eb4954139861c62d51db57bde167b3e8f0866f2a99e17447d81e,"[123, 3, 384, 633]",0.442626953125,261,630,winesensed:150309268,32,train
/mnt/SSD/workspace/wine/data/WineSensed/chunk_001/output_images/chunk_001/5220hhrzRNCKOOQ_xfhy2g.jpg,winesensed,5220hhrzRNCKOOQ_xfhy2g.jpg,winesensed:150309268,,150309268,8a117d237fe320604ab0763c,ok,/mnt/SSD/workspace/wine/data/winesensed_embedding/crops/8a/8a117d237fe320604ab0763c.jpg,479af00e3e0e749a0fa79dcd0f53aa649bf06a7a462415a44673fa28c40bc74d,0774a7b1b990023ecf4b7ef5d36ed6d343824fed811ab752cb4aef712294147f,"[68, 0, 346, 632]",0.50390625,278,632,winesensed:150309268,32,train
/mnt/SSD/workspace/wine/data/WineSensed/chunk_001/output_images/chunk_001/1IPhHvj4QwmXsuxOEdCJPA.jpg,winesensed,1IPhHvj4QwmXsuxOEdCJPA.jpg,winesensed:150309268,,150309268,8c61d456dc4610a6d50fdab1,ok,/mnt/SSD/workspace/wine/data/winesensed_embedding/crops/8c/8c61d456dc4610a6d50fdab1.jpg,5fe2f65e76462909e32ae8665974f318b20ea30775b246e4c9cc8125cba704ac,98ffe6cbf0437613001fbf9f026f6e38af21bdb6b846bb4b767a0382c1c378d6,"[100, 0, 372, 640]",0.70166015625,272,640,winesensed:150309268,32,train
/mnt/SSD/workspace/wine/data/WineSensed/chunk_001/output_images/chunk_001/4YuMtKeTQ1q3ywTMmKP6bA.jpg,winesensed,4YuMtKeTQ1q3ywTMmKP6bA.jpg,winesensed:150309268,,150309268,bb1807c209e03190c9faab6c,ok,/mnt/SSD/workspace/wine/data/winesensed_embedding/crops/bb/bb1807c209e03190c9faab6c.jpg,37ce9c1ed4eef02b06941fb933883f0170625a47efa1c5e6b3c935da3d56e3a2,62eda57fd6abd27cba6482efbc71c2af15471d06d13980ea84c9c27a039b300f,"[88, 0, 375, 628]",0.4072265625,287,628,winesensed:150309268,32,train
/mnt/SSD/workspace/wine/data/WineSensed/chunk_001/output_images/chunk_001/09YimwwcR0eXqx9vfEddGQ.jpg,winesensed,09YimwwcR0eXqx9vfEddGQ.jpg,winesensed:150309268,,150309268,d7f32bcdb1f4bae9ba2c4032,ok,/mnt/SSD/workspace/wine/data/winesensed_embedding/crops/d7/d7f32bcdb1f4bae9ba2c4032.jpg,46cf2f925170805e07b2e1d761e8590828006b2891fa5c98c863374812452686,a231fe8dcf706136a2840fb8b95f4c6d2608299dca103b20a833612d555154bf,"[83, 0, 346, 566]",0.8173828125,263,566,winesensed:150309268,32,train
/mnt/SSD/workspace/wine/data/WineSensed/chunk_001/output_images/chunk_001/4RKe5F0qS9mV0BRN8e1F8g.jpg,winesensed,4RKe5F0qS9mV0BRN8e1F8g.jpg,winesensed:150309268,,150309268,e3a46efe13802719dba2f386,ok,/mnt/SSD/workspace/wine/data/winesensed_embedding/crops/e3/e3a46efe13802719dba2f386.jpg,c60bb500631bcde24b21d0d8cdd6773b65430763896634243aec43b22be94312,27acefd2805d36327afc8929ef552a9bc6a0e61ff07db8c221991fb627a0d180,"[79, 0, 319, 621]",0.537109375,240,621,winesensed:150309268,32,train
/mnt/SSD/workspace/wine/data/WineSensed/chunk_002/output_images/chunk_002/7SIjI3HZSEa6W9obgnk4KQ.jpg,winesensed,7SIjI3HZSEa6W9obgnk4KQ.jpg,winesensed:150309268,,150309268,e7f8998e7194588ac699e3d3,ok,/mnt/SSD/workspace/wine/data/winesensed_embedding/crops/e7/e7f8998e7194588ac699e3d3.jpg,df6fd6a19291c49133882740e12e82aaaf1f904ac4a7f0772a0b807cec5b0095,704705c34ef536de5610b6f6f67996c67cedb8b2e9cf18f3f99ab9d8816e70cb,"[82, 0, 370, 634]",0.363037109375,288,634,winesensed:150309268,32,train
/mnt/SSD/workspace/wine/data/WineSensed/chunk_002/output_images/chunk_002/AMMPUpnhRR2--LyFk6KUKw.jpg,winesensed,AMMPUpnhRR2--LyFk6KUKw.jpg,winesensed:150309268,,150309268,ede695d12c230f2a621725c0,ok,/mnt/SSD/workspace/wine/data/winesensed_embedding/crops/ed/ede695d12c230f2a621725c0.jpg,7ded8b1d8c25824f9dbc2dee783769c3c465d07ca00cc2a4d2a2c19e499d361e,8430dc58858828523a879568f01d89099747c793aca075bdfe926d1448ca7c73,"[123, 4, 368, 625]",0.3544921875,245,621,winesensed:150309268,32,train
/mnt/SSD/workspace/wine/data/WineSensed/chunk_002/output_images/chunk_002/BUuMmceCTSCy9_r-sW5sAg.jpg,winesensed,BUuMmceCTSCy9_r-sW5sAg.jpg,winesensed:150309268,,150309268,ffaa69c1ea8bd2212e4da655,ok,/mnt/SSD/workspace/wine/data/winesensed_embedding/crops/ff/ffaa69c1ea8bd2212e4da655.jpg,068c54ff38af85d0a82a61115e9a3042fa163d6abfaefccf0be4e375721d96e7,548b884a7e43c6dad535fddf367c89658f1e5ed342c63169807b5a8db84e9c2e,"[155, 0, 404, 627]",0.318603515625,249,627,winesensed:150309268,32,train
/mnt/SSD/workspace/wine/data/WineSensed/chunk_002/output_images/chunk_002/5SMpIcJfQLKASlczsm7YUA.jpg,winesensed,5SMpIcJfQLKASlczsm7YUA.jpg,winesensed:150314267,,150314267,001aa7918a1c34c107dfdc66,ok,/mnt/SSD/workspace/wine/data/winesensed_embedding/crops/00/001aa7918a1c34c107dfdc66.jpg,7d499d46208581a29ff3b602865cdecdbab938eebfbe6aa3b0b65a9473f75008,33528672aec426df8ed9bb4c99085e9f8a63404c3b69e0b9f673080ff32c3b39,"[126, 1, 387, 634]",0.437744140625,261,633,winesensed:150314267,33,val
/mnt/SSD/workspace/wine/data/WineSensed/chunk_001/output_images/chunk_001/0xWqQ03CRIOvAePYHivwwA.jpg,winesensed,0xWqQ03CRIOvAePYHivwwA.jpg,winesensed:150314267,,150314267,009875fd20c49077f3556de9,ok,/mnt/SSD/workspace/wine/data/winesensed_embedding/crops/00/009875fd20c49077f3556de9.jpg,2806b9863d0d3df700790aaea0f5587b630336d3b7912ceb35a870ced4bf77d0,2348ead381376f42a61e1fef20f477917242c6434af169f5578093b06b460dd2,"[59, 0, 416, 640]",0.37841796875,357,640,winesensed:150314267,33,val
/mnt/SSD/workspace/wine/data/WineSensed/chunk_001/output_images/chunk_001/2xRuWnqlTS6nbUPddhM8xw.jpg,winesensed,2xRuWnqlTS6nbUPddhM8xw.jpg,winesensed:150314267,,150314267,0fbce0a60805e18a714889e4,ok,/mnt/SSD/workspace/wine/data/winesensed_embedding/crops/0f/0fbce0a60805e18a714889e4.jpg,49ee70b73c625f36f1d4af926a597263670a56f649a24a1ef39c77831d0dbcb4,16a8cca31e3e146f6873b060de96b6cd5b55f3ad56dcbde620daa7229b5116bc,"[74, 0, 368, 625]",0.25244140625,294,625,winesensed:150314267,33,val
/mnt/SSD/workspace/wine/data/WineSensed/chunk_001/output_images/chunk_001/58-cHniETeSTkjGt69AiIA.jpg,winesensed,58-cHniETeSTkjGt69AiIA.jpg,winesensed:150314267,,150314267,1e9f28ab9e5902f3960d4d18,ok,/mnt/SSD/workspace/wine/data/winesensed_embedding/crops/1e/1e9f28ab9e5902f3960d4d18.jpg,94bb0311fb6997d28fa2779a87a3f45d7757bfb75de22c8f9ac35aa38af5b8c1,911c37fe209d8a9e062bfcf7ecc3b3c3f6d07dffa4897e32b841326e6f9ff0fe,"[82, 4, 376, 638]",0.42333984375,294,634,winesensed:150314267,33,val
/mnt/SSD/workspace/wine/data/WineSensed/chunk_001/output_images/chunk_001/-W8A30MVTtaFRf9khmGJTw.jpg,winesensed,-W8A30MVTtaFRf9khmGJTw.jpg,winesensed:150314267,,150314267,246d761162ff666aa4df7ae0,ok,/mnt/SSD/workspace/wine/data/winesensed_embedding/crops/24/246d761162ff666aa4df7ae0.jpg,f3eef90b75915e6dd034d55caa7165f78f0e60b0f65a2098d4114b3c67670763,32754ef2e25765af08bece173886c75e4c2ee91013ab091b809ed96a534448a2,"[87, 11, 368, 631]",0.4716796875,281,620,winesensed:150314267,33,val
/mnt/SSD/workspace/wine/data/WineSensed/chunk_002/output_images/chunk_002/5_ump2kwRDyev9Ggj3hbuw.jpg,winesensed,5_ump2kwRDyev9Ggj3hbuw.jpg,winesensed:150314267,,150314267,29a4a5bf2208c24a8dcfc077,ok,/mnt/SSD/workspace/wine/data/winesensed_embedding/crops/29/29a4a5bf2208c24a8dcfc077.jpg,e5de8d4afb0acb5aeba75817a93be320649207d35db93ee756201bac37f310a1,3f5a3784ee789c2839829f86a6db646c624446afd84f0bbc879403cb40eb97e8,"[60, 1, 442, 640]",0.251708984375,382,639,winesensed:150314267,33,val
/mnt/SSD/workspace/wine/data/WineSensed/chunk_001/output_images/chunk_001/2eDNx150QpW38gVVnhht5Q.jpg,winesensed,2eDNx150QpW38gVVnhht5Q.jpg,winesensed:150314267,,150314267,7d86c72a983591cc2e7c9812,ok,/mnt/SSD/workspace/wine/data/winesensed_embedding/crops/7d/7d86c72a983591cc2e7c9812.jpg,9cf0a45319bfbabfde757a599a0107b6adecd4a978ea2b48696cb86eb0d69fe5,bf01a3d01f50b3dbd78f7dce13015acdbf6429c5ee04d00003dc6a54397effb9,"[40, 1, 414, 640]",0.39990234375,374,639,winesensed:150314267,33,val
/mnt/SSD/workspace/wine/data/WineSensed/chunk_001/output_images/chunk_001/4xTH0RBBRiCdPDkvniUT0A.jpg,winesensed,4xTH0RBBRiCdPDkvniUT0A.jpg,winesensed:150314267,,150314267,89aca1b085478604cfaf6a12,ok,/mnt/SSD/workspace/wine/data/winesensed_embedding/crops/89/89aca1b085478604cfaf6a12.jpg,b951c27bad572d55b2e5b300470b1b4be4c12dadad401dba09f1cd14784de6e8,e676113def05c76cf8a6caf7600f7daf78c58ca4b6ff2637ca4d46c4dc8355d5,"[91, 0, 360, 638]",0.5205078125,269,638,winesensed:150314267,33,val
/mnt/SSD/workspace/wine/data/WineSensed/chunk_002/output_images/chunk_002/6BXDQjJsQEOLV50xDy4EGg.jpg,winesensed,6BXDQjJsQEOLV50xDy4EGg.jpg,winesensed:150314267,,150314267,a2f71bcc60448d5d502fe08d,ok,/mnt/SSD/workspace/wine/data/winesensed_embedding/crops/a2/a2f71bcc60448d5d502fe08d.jpg,2d3678230213378d02c48bde255a61ec3da8851fe860ce27e78e2b70565a3bc9,8436873c216f1e3e12d314faf6fa55708d38c63ab91051c37b7dfec8e92e7741,"[80, 3, 385, 640]",0.5849609375,305,637,winesensed:150314267,33,val
/mnt/SSD/workspace/wine/data/WineSensed/chunk_001/output_images/chunk_001/-ZnLFvjYTLqijGzV2kJodA.jpg,winesensed,-ZnLFvjYTLqijGzV2kJodA.jpg,winesensed:150314267,,150314267,b3f3cfdba6dbb0089f36e776,ok,/mnt/SSD/workspace/wine/data/winesensed_embedding/crops/b3/b3f3cfdba6dbb0089f36e776.jpg,cf6034f5a205e0f8455f50930b8595d88bc5e11cc986764806ad17fe630eb93b,1d5c83f7604ccbaf8c1b24ba1ccae03179fab9e7b4cbdf3ccbaf3108de5b84ad,"[74, 0, 384, 636]",0.5166015625,310,636,winesensed:150314267,33,val
/mnt/SSD/workspace/wine/data/WineSensed/chunk_001/output_images/chunk_001/3ttvcW3lRSieGlAgxnGLXQ.jpg,winesensed,3ttvcW3lRSieGlAgxnGLXQ.jpg,winesensed:150314267,,150314267,d024f4d52f08917f10431958,ok,/mnt/SSD/workspace/wine/data/winesensed_embedding/crops/d0/d024f4d52f08917f10431958.jpg,9da02d6021e4d2adaaab128437a50a501be046691ddac04a198db7dee6ed7e08,17ea36998caf8839c631e6b000aa98fa034bbd3a0dcd581d83fde456d575b337,"[72, 0, 381, 636]",0.35986328125,309,636,winesensed:150314267,33,val
/mnt/SSD/workspace/wine/data/WineSensed/chunk_002/output_images/chunk_002/62OS8fKFSSa2MxNv8an_oQ.jpg,winesensed,62OS8fKFSSa2MxNv8an_oQ.jpg,winesensed:150314267,,150314267,d8ee4c105af0a42e4655f435,ok,/mnt/SSD/workspace/wine/data/winesensed_embedding/crops/d8/d8ee4c105af0a42e4655f435.jpg,14c9812a95f6b5d5f282d26178f39e070773a2869083f61db47edbf2f126c5b8,39f96ea470254b65833b192bd3c72b7e34f10597759149a4f788b2857445d104,"[75, 0, 398, 640]",0.515625,323,640,winesensed:150314267,33,val
/mnt/SSD/workspace/wine/data/WineSensed/chunk_002/output_images/chunk_002/9fwqvsOPQ7eE8A7dy3xnCw.jpg,winesensed,9fwqvsOPQ7eE8A7dy3xnCw.jpg,winesensed:150326535,,150326535,212fb907dd6fcf838249961d,ok,/mnt/SSD/workspace/wine/data/winesensed_embedding/crops/21/212fb907dd6fcf838249961d.jpg,9b6d985121e0fb13ad86249d4faa739b32ed2ebbde326ae66867edda63ec24e0,d6579dce2618bf4b6a404126591e18f9118f59f0590cf3d77743f343660b32ba,"[61, 2, 423, 625]",0.366943359375,362,623,winesensed:150326535,34,train
/mnt/SSD/workspace/wine/data/WineSensed/chunk_002/output_images/chunk_002/AmiFuqSvSeie0rpJktqlhg.jpg,winesensed,AmiFuqSvSeie0rpJktqlhg.jpg,winesensed:150326535,,150326535,4aa94a532b89ff54b36e8e3b,ok,/mnt/SSD/workspace/wine/data/winesensed_embedding/crops/4a/4aa94a532b89ff54b36e8e3b.jpg,91a6229d66cecbb08efc0ff950171bec17b451d14a43dca0766d5b1d39f56257,e29c8d26bee44dfb1202ff18f23d8757e8e629e2a21b9affac4cb31fcdb25ceb,"[117, 1, 372, 640]",0.5478515625,255,639,winesensed:150326535,34,train
/mnt/SSD/workspace/wine/data/WineSensed/chunk_002/output_images/chunk_002/An92sRpaS4WaQL2Heui0BQ.jpg,winesensed,An92sRpaS4WaQL2Heui0BQ.jpg,winesensed:150326535,,150326535,5cbca19ed52824dc21089884,ok,/mnt/SSD/workspace/wine/data/winesensed_embedding/crops/5c/5cbca19ed52824dc21089884.jpg,d7618b453bab9b8ad1dff9c021b1c537e29c8512af0cfdb39503397e3b8da9ed,2f7defcf533010e1ca2e9c9c01459aa764ff1a9a20e6a49cbebbeafd0ecef386,"[128, 0, 419, 640]",0.58984375,291,640,winesensed:150326535,34,train
/mnt/SSD/workspace/wine/data/WineSensed/chunk_002/output_images/chunk_002/A8hEPqKgReWsuJEX8w-BdA.jpg,winesensed,A8hEPqKgReWsuJEX8w-BdA.jpg,winesensed:150326535,,150326535,771c7cd29ac88115f76b7474,ok,/mnt/SSD/workspace/wine/data/winesensed_embedding/crops/77/771c7cd29ac88115f76b7474.jpg,a0225270b0f7057eb8b03fdaa614828ffd6b2c6aa99f85dcdc4ff73e1019251b,cc7079e9905e6316d198665dab51ceb7d9e9b45aeec3cafd18e551c22c30a03c,"[376, 448, 479, 640]",0.513671875,103,192,winesensed:150326535,34,train
/mnt/SSD/workspace/wine/data/WineSensed/chunk_001/output_images/chunk_001/4bqmIv0ZTk69Msd3eF-61g.jpg,winesensed,4bqmIv0ZTk69Msd3eF-61g.jpg,winesensed:150326535,,150326535,840c6b84d8ae311c234a0cfb,ok,/mnt/SSD/workspace/wine/data/winesensed_embedding/crops/84/840c6b84d8ae311c234a0cfb.jpg,318a93144f99f2a7298807b7adea54e2d0b1038267d09b6091a6b65dd331de9f,6d18eaf7fd97899fc539117b06b3b7cb9aa0c062714161c3cca71f40304f04b9,"[117, 0, 354, 640]",0.66650390625,237,640,winesensed:150326535,34,train
/mnt/SSD/workspace/wine/data/WineSensed/chunk_002/output_images/chunk_002/6311V9vkTxuroFbu8x70gw.jpg,winesensed,6311V9vkTxuroFbu8x70gw.jpg,winesensed:150326535,,150326535,af558971c6ff560dca4d9b17,ok,/mnt/SSD/workspace/wine/data/winesensed_embedding/crops/af/af558971c6ff560dca4d9b17.jpg,8c8bf63e521311bf3f85e82edf1f643c4453bae21f3c8d1af1397fea10d53604,c0d4b8c5ee2bc3c350d1e96f377a1a41028171ade92eb09f3cc6ed175240985d,"[68, 0, 422, 636]",0.66357421875,354,636,winesensed:150326535,34,train
/mnt/SSD/workspace/wine/data/WineSensed/chunk_003/output_images/chunk_003/CKy6_0luSZ-vW_4iEOWUqA.jpg,winesensed,CKy6_0luSZ-vW_4iEOWUqA.jpg,winesensed:150326535,,150326535,b2c25cf99cc9aad8f1ba8e0a,ok,/mnt/SSD/workspace/wine/data/winesensed_embedding/crops/b2/b2c25cf99cc9aad8f1ba8e0a.jpg,768f1f11fb8c6a9ee58120c91b1d8a8f4486208f0a8a6ac8614ab90b969e7c97,75e6df6739aa6c16dd0d4f373d98203f8b1f63819616c53d1713e2feab15b372,"[103, 0, 383, 640]",0.72802734375,280,640,winesensed:150326535,34,train
/mnt/SSD/workspace/wine/data/WineSensed/chunk_002/output_images/chunk_002/6j-hF7r7Swuc9Ed8z7AMhg.jpg,winesensed,6j-hF7r7Swuc9Ed8z7AMhg.jpg,winesensed:150326535,,150326535,b45bb41a1dbb00a9c6e7e4c6,ok,/mnt/SSD/workspace/wine/data/winesensed_embedding/crops/b4/b45bb41a1dbb00a9c6e7e4c6.jpg,171b35fd54e22a4690a07b4d411e50a16917b7dbe7b29523283c6e69c445add2,1137d4949468ab762dcdb6d776c38c056e019101b8644a1efba033aadab83354,"[49, 1, 364, 640]",0.5283203125,315,639,winesensed:150326535,34,train
/mnt/SSD/workspace/wine/data/WineSensed/chunk_001/output_images/chunk_001/51IIDDj7QNm-e4RNwRBgLw.jpg,winesensed,51IIDDj7QNm-e4RNwRBgLw.jpg,winesensed:150326535,,150326535,b752a4b98156230b55fb3717,ok,/mnt/SSD/workspace/wine/data/winesensed_embedding/crops/b7/b752a4b98156230b55fb3717.jpg,1f7eb8788c84b56a784523254b07fa12bd809df5be3135dc542536b795157861,0233f97f7dda0d9c8ceeb1582793148c9dc6a94fa05f4a32f239129e89c3edc8,"[109, 0, 391, 640]",0.8759765625,282,640,winesensed:150326535,34,train
/mnt/SSD/workspace/wine/data/WineSensed/chunk_002/output_images/chunk_002/BJb15GF1R8KZPnShXNJYbA.jpg,winesensed,BJb15GF1R8KZPnShXNJYbA.jpg,winesensed:150326535,,150326535,ceca40800cb2029fb07da7d4,ok,/mnt/SSD/workspace/wine/data/winesensed_embedding/crops/ce/ceca40800cb2029fb07da7d4.jpg,5cdf7aa715b74be57d018bd905752a71190472a15af2f1307f607bb55346037b,7713310f2028f7254a09df82e214011c2786c6abf22f8834fda49cc19739e2f7,"[20, 0, 353, 635]",0.260498046875,333,635,winesensed:150326535,34,train
/mnt/SSD/workspace/wine/data/WineSensed/chunk_002/output_images/chunk_002/61JlRfpaR46MSTq9eIOUXA.jpg,winesensed,61JlRfpaR46MSTq9eIOUXA.jpg,winesensed:150326535,,150326535,e9f95a1b3e39f08079e9af10,ok,/mnt/SSD/workspace/wine/data/winesensed_embedding/crops/e9/e9f95a1b3e39f08079e9af10.jpg,02b02380ba0001a95b23469ad30acaa24b01d5c99ca071197631bcc641b588f0,0fcb5f7ab577c4e04209022e11ded6a87c67015c1a82f4c268cef95fd9526e5d,"[71, 0, 389, 639]",0.5498046875,318,639,winesensed:150326535,34,train
/mnt/SSD/workspace/wine/data/WineSensed/chunk_003/output_images/chunk_003/BmDBlVMnTTKhRuCPT7rIbg.jpg,winesensed,BmDBlVMnTTKhRuCPT7rIbg.jpg,winesensed:150326535,,150326535,f0613b80fc152606851413bc,ok,/mnt/SSD/workspace/wine/data/winesensed_embedding/crops/f0/f0613b80fc152606851413bc.jpg,50d79dbc65987ead3d681b578c14f6d4751a2e35f60bbc38e2f5474c5344d507,636921100ed79499852a2a89672b30118e037fb244431beee7ad7a262ffad593,"[120, 14, 333, 581]",0.7529296875,213,567,winesensed:150326535,34,train
/mnt/SSD/workspace/wine/data/WineSensed/chunk_001/output_images/chunk_001/1kytJrEARCKgeXK9BeUwXg.jpg,winesensed,1kytJrEARCKgeXK9BeUwXg.jpg,winesensed:150335307,,150335307,09c43d1db0a9e2439d89b09e,ok,/mnt/SSD/workspace/wine/data/winesensed_embedding/crops/09/09c43d1db0a9e2439d89b09e.jpg,b8cb9040d9cf8802da8c79f4cab94b1ccc5fbf541aa849dccd26dadcd760771a,cf0d16e70bc2a84edfca28e9e48003cafe537431fb100ea3eef5bb8b4a1fd9b1,"[24, 2, 434, 640]",0.525390625,410,638,winesensed:150335307,35,train
/mnt/SSD/workspace/wine/data/WineSensed/chunk_002/output_images/chunk_002/5IzgYSo6R-GcPFO5ou1Hiw.jpg,winesensed,5IzgYSo6R-GcPFO5ou1Hiw.jpg,winesensed:150335307,,150335307,1676389bc872879e0edfa2b2,ok,/mnt/SSD/workspace/wine/data/winesensed_embedding/crops/16/1676389bc872879e0edfa2b2.jpg,bb3b41d200d441174b4ffc7e2cd790c35427e56758884bc928da89170fdf09c5,4162e73c4723adfc6d3553a110f1974757cb9c895e79992a8349931f40877c4d,"[173, 18, 359, 640]",0.417724609375,186,622,winesensed:150335307,35,train
/mnt/SSD/workspace/wine/data/WineSensed/chunk_002/output_images/chunk_002/8mGzYUZvQaSobVKqczBMlw.jpg,winesensed,8mGzYUZvQaSobVKqczBMlw.jpg,winesensed:150335307,,150335307,240f00a87799357371c17e17,ok,/mnt/SSD/workspace/wine/data/winesensed_embedding/crops/24/240f00a87799357371c17e17.jpg,70f97f9652509eac4b235040b179b8704b0c23f40cb88bd22c30ac9e5a67c4b5,cf4e2bcd5da82526325af8f37386d8ba883bd28a69032e1b59b9a850fcfc0400,"[87, 0, 378, 640]",0.81103515625,291,640,winesensed:150335307,35,train
/mnt/SSD/workspace/wine/data/WineSensed/chunk_001/output_images/chunk_001/03-7nmZeQyOrArMaq8DJzw.jpg,winesensed,03-7nmZeQyOrArMaq8DJzw.jpg,winesensed:150335307,,150335307,309b5f1200d01d380d55557e,ok,/mnt/SSD/workspace/wine/data/winesensed_embedding/crops/30/309b5f1200d01d380d55557e.jpg,aa0147c3bb6285df5b20c895519b7cc8cffec60586d0e32e9b6722f7b6d5d27e,0c9b099e353ce0f903332371ddc320be4125bf026c735cde57576299dc3caaa9,"[93, 11, 382, 581]",0.273681640625,289,570,winesensed:150335307,35,train
/mnt/SSD/workspace/wine/data/WineSensed/chunk_001/output_images/chunk_001/3YWcgzt3Rbea2BeqUa8G7Q.jpg,winesensed,3YWcgzt3Rbea2BeqUa8G7Q.jpg,winesensed:150335307,,150335307,392a77bc1a4cb14babcbad19,ok,/mnt/SSD/workspace/wine/data/winesensed_embedding/crops/39/392a77bc1a4cb14babcbad19.jpg,59f99cc004c3d5ad1320afded96d06f73158b7d7523d450cbcf067f1869a97f6,e36236ed8d622a403464d6e6c6686ccc55bb7c67566ab43709cfec315b58dbba,"[48, 8, 418, 636]",0.275146484375,370,628,winesensed:150335307,35,train
/mnt/SSD/workspace/wine/data/WineSensed/chunk_002/output_images/chunk_002/7LCNYLsnSCybc-jCu8XywA.jpg,winesensed,7LCNYLsnSCybc-jCu8XywA.jpg,winesensed:150335307,,150335307,4d5ae35f384acbb92494beb6,ok,/mnt/SSD/workspace/wine/data/winesensed_embedding/crops/4d/4d5ae35f384acbb92494beb6.jpg,a1d7b0610d31a4bb7e499d4b2ce750143cfd1a6ddf1fd414af3ed161c3bb2454,94e306ac2c218d4924284bdda8c92779802d454941da6a8a9adf65e4f2d250da,"[256, 0, 448, 621]",0.74755859375,192,621,winesensed:150335307,35,train
/mnt/SSD/workspace/wine/data/WineSensed/chunk_002/output_images/chunk_002/7lsk8FxZTLylcMd2vuLRgg.jpg,winesensed,7lsk8FxZTLylcMd2vuLRgg.jpg,winesensed:150335307,,150335307,61dccb75cb8d46ef5506f13d,ok,/mnt/SSD/workspace/wine/data/winesensed_embedding/crops/61/61dccb75cb8d46ef5506f13d.jpg,de8e01b7c0ff03de5be1de26789c31562574a828e5824b9bbac66f8d781451d2,c1260875cde65ec14cc95b3181828a97a0c64e218b7b01b10b13edefa68b02ae,"[106, 1, 354, 539]",0.318603515625,248,538,winesensed:150335307,35,train
/mnt/SSD/workspace/wine/data/WineSensed/chunk_001/output_images/chunk_001/189e5Nt5Q1aIsJhu7k4LgQ.jpg,winesensed,189e5Nt5Q1aIsJhu7k4LgQ.jpg,winesensed:150335307,,150335307,637cf2433d20a0897126b903,ok,/mnt/SSD/workspace/wine/data/winesensed_embedding/crops/63/637cf2433d20a0897126b903.jpg,70186cb5ca520b85afd2a61614a0fbf742c5cb22b1b3a3546f2ff190e6e54d6f,3206828723987656884feda6735d9dc3677f2a6cbc730128f88e3fd94e7faa12,"[368, 0, 479, 636]",0.55908203125,111,636,winesensed:150335307,35,train
/mnt/SSD/workspace/wine/data/WineSensed/chunk_001/output_images/chunk_001/1mTkQIMMTKqGs1d1Vq4D1A.jpg,winesensed,1mTkQIMMTKqGs1d1Vq4D1A.jpg,winesensed:150335307,,150335307,761a50efcd2a10e61efff574,ok,/mnt/SSD/workspace/wine/data/winesensed_embedding/crops/76/761a50efcd2a10e61efff574.jpg,c3e7e10a12177f47063751cc7eb894a2318a455ba70c1ad5af5cbc46edd9bb42,4c4f51fbecf73f62b728367f00ad48b5b8e21a88ad071d503f34ec019078f06a,"[106, 2, 368, 585]",0.4873046875,262,583,winesensed:150335307,35,train
/mnt/SSD/workspace/wine/data/WineSensed/chunk_002/output_images/chunk_002/8NrVm5KlSRWKHpXKLueHMg.jpg,winesensed,8NrVm5KlSRWKHpXKLueHMg.jpg,winesensed:150335307,,150335307,84793dff76e0c03135ff0815,ok,/mnt/SSD/workspace/wine/data/winesensed_embedding/crops/84/84793dff76e0c03135ff0815.jpg,19442b77fff5735e9fe5df09d60f621fce3e6c48bd5249f40d9e551fceac59e4,b0122ecd0154e83e26e63b0b38a42423a33a027d177cc33a164656b6bd1f4314,"[88, 0, 412, 593]",0.5849609375,324,593,winesensed:150335307,35,train
/mnt/SSD/workspace/wine/data/WineSensed/chunk_001/output_images/chunk_001/3qer6SEcQtGEh9YyWFs7aA.jpg,winesensed,3qer6SEcQtGEh9YyWFs7aA.jpg,winesensed:150335307,,150335307,9fa5ff133b0b84fdc38dda2c,ok,/mnt/SSD/workspace/wine/data/winesensed_embedding/crops/9f/9fa5ff133b0b84fdc38dda2c.jpg,bde074f7c2385a78625a9069d65571859b814c50e023b8be4d2f0a8483b56ce6,a3fa6507091bec1e6ad5786930ec4a904d7bca9613dbee4ed98209f1278fb8f6,"[103, 0, 460, 637]",0.4873046875,357,637,winesensed:150335307,35,train
/mnt/SSD/workspace/wine/data/WineSensed/chunk_003/output_images/chunk_003/C5MqkHXcSTaTJlSsTKdXAA.jpg,winesensed,C5MqkHXcSTaTJlSsTKdXAA.jpg,winesensed:150335307,,150335307,d6585062cad7af6653a386db,ok,/mnt/SSD/workspace/wine/data/winesensed_embedding/crops/d6/d6585062cad7af6653a386db.jpg,3057a502980d65f65d8379bef3044e026d91bef061b9b4abeeda75292a58961f,d226585983f1d772a3c2116c9c63213dc02044ad0e7d73bb090f9988e1cb4d85,"[33, 1, 433, 635]",0.36474609375,400,634,winesensed:150335307,35,train
/mnt/SSD/workspace/wine/data/WineSensed/chunk_001/output_images/chunk_001/507UCTRMTQW9nWFzdpG3Ng.jpg,winesensed,507UCTRMTQW9nWFzdpG3Ng.jpg,winesensed:150350591,,150350591,14c0e86d92d88b582352f0d0,ok,/mnt/SSD/workspace/wine/data/winesensed_embedding/crops/14/14c0e86d92d88b582352f0d0.jpg,7d6ab00e26887a5b665460d2dd756f7aa43f87291ad34ee93c611583dc0083fa,f3d839b9d676b7d1c660508454fe31dc0ab487bf2178d8d115517b012ba720fe,"[103, 7, 401, 636]",0.4794921875,298,629,winesensed:150350591,36,train
/mnt/SSD/workspace/wine/data/WineSensed/chunk_001/output_images/chunk_001/4SNofRlqQUauJxdZeV0fkQ.jpg,winesensed,4SNofRlqQUauJxdZeV0fkQ.jpg,winesensed:150350591,,150350591,1bcd2765291dd08757eec989,ok,/mnt/SSD/workspace/wine/data/winesensed_embedding/crops/1b/1bcd2765291dd08757eec989.jpg,53d5a2137c8293f57cf9062442387f0e2b52826f51c6fa5f756714f859894032,047a132fe1840693d17128aa71ef567637667c7a8b5027af34bc62fa98ffb254,"[341, 0, 479, 640]",0.2958984375,138,640,winesensed:150350591,36,train
/mnt/SSD/workspace/wine/data/WineSensed/chunk_001/output_images/chunk_001/4Rw_YUY4TeWLlWDxwFqhAA.jpg,winesensed,4Rw_YUY4TeWLlWDxwFqhAA.jpg,winesensed:150350591,,150350591,263d4e67fc77b6dd52a78f52,ok,/mnt/SSD/workspace/wine/data/winesensed_embedding/crops/26/263d4e67fc77b6dd52a78f52.jpg,fd31423e63e75908e9426fb931275008b0e79a2294b8a11bcb7926449da96002,95c613845b9ea339302f9d343c2c2e459fe5fd01280b54a53e77b378e87e5376,"[85, 0, 386, 640]",0.7333984375,301,640,winesensed:150350591,36,train
/mnt/SSD/workspace/wine/data/WineSensed/chunk_001/output_images/chunk_001/-VylBTN8TUqR4IXA0sh7cA.jpg,winesensed,-VylBTN8TUqR4IXA0sh7cA.jpg,winesensed:150350591,,150350591,4aa5512083b98b6da2082321,ok,/mnt/SSD/workspace/wine/data/winesensed_embedding/crops/4a/4aa5512083b98b6da2082321.jpg,93ab35ad0b962c884c5ec8facf29903aeda7e43c1caf1af8985b59d889416b9c,dcead8dea86c9e11c465fa35608509c0bac7ee9492c794abbdcb93416d48c270,"[17, 0, 476, 639]",0.583984375,459,639,winesensed:150350591,36,train
/mnt/SSD/workspace/wine/data/WineSensed/chunk_001/output_images/chunk_001/3eEuyYVSSKKA2ORBNE2Z1Q.jpg,winesensed,3eEuyYVSSKKA2ORBNE2Z1Q.jpg,winesensed:150350591,,150350591,4b06aade4cd571537844be44,ok,/mnt/SSD/workspace/wine/data/winesensed_embedding/crops/4b/4b06aade4cd571537844be44.jpg,3d70452591a1633746dfa19d9c6a162edea1d8e33e58da550a8f10ee1ca5dd4f,65ef7b58a9fd7af3693b71ee0d86a5a1b48865fff9289dd428c4f49be6eb32dd,"[58, 0, 417, 640]",0.75830078125,359,640,winesensed:150350591,36,train
/mnt/SSD/workspace/wine/data/WineSensed/chunk_001/output_images/chunk_001/-bArT6cmSWStDFB3ek80UA.jpg,winesensed,-bArT6cmSWStDFB3ek80UA.jpg,winesensed:150350591,,150350591,535e0c51d75446f2903c331c,ok,/mnt/SSD/workspace/wine/data/winesensed_embedding/crops/53/535e0c51d75446f2903c331c.jpg,86f17b01c5c824477957653e8127ed82715ac56dc4d887d13db9ddb598cef293,98ebf81f197545a041f8e2feb65581abf43e8670a9241258edf59db149e0ce1a,"[62, 0, 420, 627]",0.42431640625,358,627,winesensed:150350591,36,train
/mnt/SSD/workspace/wine/data/WineSensed/chunk_001/output_images/chunk_001/-vZw578ETUCoLvO4cZDYXA.jpg,winesensed,-vZw578ETUCoLvO4cZDYXA.jpg,winesensed:150350591,,150350591,62be6c2fdda8be30ca9c86a5,ok,/mnt/SSD/workspace/wine/data/winesensed_embedding/crops/62/62be6c2fdda8be30ca9c86a5.jpg,44c3dc9abf08f8abca3befc1c7262f221f7d81dfd5190cd61f03cda122ff5eaa,e5220a702e0b709041f5b06e5394c74986c0a09550c97d3ee0cd96aa1792e936,"[85, 0, 403, 640]",0.59912109375,318,640,winesensed:150350591,36,train
/mnt/SSD/workspace/wine/data/WineSensed/chunk_001/output_images/chunk_001/15enBuJlRp2oPGQyJDopPA.jpg,winesensed,15enBuJlRp2oPGQyJDopPA.jpg,winesensed:150350591,,150350591,798dbc23a651101f36d12e14,ok,/mnt/SSD/workspace/wine/data/winesensed_embedding/crops/79/798dbc23a651101f36d12e14.jpg,ab7eae8717459b316eec17121a7456d03181bb0f5f12e286ced23d7757e0b37d,8074bf53ab6dec4f390daf4c2fe93fb6a1dbf05bda5b29bbd6da1310f2f5ce3d,"[115, 0, 420, 640]",0.65673828125,305,640,winesensed:150350591,36,train
/mnt/SSD/workspace/wine/data/WineSensed/chunk_001/output_images/chunk_001/0-nCRjWYSVOcLHBsND7jbw.jpg,winesensed,0-nCRjWYSVOcLHBsND7jbw.jpg,winesensed:150350591,,150350591,7be94a6691db32983227f6f8,ok,/mnt/SSD/workspace/wine/data/winesensed_embedding/crops/7b/7be94a6691db32983227f6f8.jpg,c58243a76bbbe5dea5ba5727cd1dfc8d68792070fb3aaf8b00468b6007775f86,b1274c0a4d36b56922bb98611bea50275dd1ad8b983ea40225e32da216c78a73,"[80, 0, 408, 618]",0.5908203125,328,618,winesensed:150350591,36,train
/mnt/SSD/workspace/wine/data/WineSensed/chunk_001/output_images/chunk_001/05SRbGARRuadoe1Y4d7hHQ.jpg,winesensed,05SRbGARRuadoe1Y4d7hHQ.jpg,winesensed:150350591,,150350591,a33612f21b47d18033a260ee,ok,/mnt/SSD/workspace/wine/data/winesensed_embedding/crops/a3/a33612f21b47d18033a260ee.jpg,b7473efa7678196428b8412b74874058433e68e40006de063fbd07dad72e4b28,f4f3662c39eab51eb8fb0b3f122a205bf6282a3917ac85902fa16e4a3734c5a1,"[87, 0, 398, 636]",0.259765625,311,636,winesensed:150350591,36,train
/mnt/SSD/workspace/wine/data/WineSensed/chunk_001/output_images/chunk_001/4Y2o_EClSYmskXxR904Rng.jpg,winesensed,4Y2o_EClSYmskXxR904Rng.jpg,winesensed:150350591,,150350591,e9616cea9d6ef8bfe5b7eb74,ok,/mnt/SSD/workspace/wine/data/winesensed_embedding/crops/e9/e9616cea9d6ef8bfe5b7eb74.jpg,fb61fecc68c322e2bfb3d8610c04559b93a168d31a6aa41eff72b60726fa8f85,484fe731d9c7fccd39eb814e3b52c70c0e02b78459351609dcc6262375704588,"[108, 0, 362, 636]",0.59619140625,254,636,winesensed:150350591,36,train
/mnt/SSD/workspace/wine/data/WineSensed/chunk_001/output_images/chunk_001/-MZwA9h3ShWtspl7s62tYQ.jpg,winesensed,-MZwA9h3ShWtspl7s62tYQ.jpg,winesensed:150350591,,150350591,febb00b1137827238155f370,ok,/mnt/SSD/workspace/wine/data/winesensed_embedding/crops/fe/febb00b1137827238155f370.jpg,ac9620e8de7cf11e58e9aa8b517257405111a81ccd68085b091a9f6c4d4d21aa,35c038d0a3a2e9f31d9164f7ac9f31363c4691329db488d415cfedbb28bce823,"[118, 0, 388, 640]",0.65380859375,270,640,winesensed:150350591,36,train
/mnt/SSD/workspace/wine/data/WineSensed/chunk_001/output_images/chunk_001/0q5iIoyaRHKPKV8CvPA4Tg.jpg,winesensed,0q5iIoyaRHKPKV8CvPA4Tg.jpg,winesensed:150360872,,150360872,18ff9520010cf012701646af,ok,/mnt/SSD/workspace/wine/data/winesensed_embedding/crops/18/18ff9520010cf012701646af.jpg,dd7f8cbc0d6346958c4d1b08243f4699a40febb8361d7c26a455fbed65809241,897f786b1f2caec8c2d0f4b2a12cdcac056895dbae64922c80a78475ca02aa97,"[61, 4, 407, 640]",0.7080078125,346,636,winesensed:150360872,37,train
/mnt/SSD/workspace/wine/data/WineSensed/chunk_003/output_images/chunk_003/C0aGCl5cQKeqJJxEHelCYA.jpg,winesensed,C0aGCl5cQKeqJJxEHelCYA.jpg,winesensed:150360872,,150360872,1e3279dc52395e2e1101312b,ok,/mnt/SSD/workspace/wine/data/winesensed_embedding/crops/1e/1e3279dc52395e2e1101312b.jpg,fb274e19c285a944efa9bc2384a4597e78099bf17a5ece74ee2aa9bde1d7c8d5,a79f9bc2edffffd1c2d227a06a3aee6feb52907c30c0d4061bcac530ba8b913f,"[41, 1, 422, 640]",0.4658203125,381,639,winesensed:150360872,37,train
/mnt/SSD/workspace/wine/data/WineSensed/chunk_002/output_images/chunk_002/8Yk8gJ7VQXWUVOsV-FvEQA.jpg,winesensed,8Yk8gJ7VQXWUVOsV-FvEQA.jpg,winesensed:150360872,,150360872,2af299f64ef6f38e11f262e9,ok,/mnt/SSD/workspace/wine/data/winesensed_embedding/crops/2a/2af299f64ef6f38e11f262e9.jpg,bbda02766e5c4e7069b558e1459c61732dd291aed4de0c250f588731ac564235,d5ca08b51dc4514b8048c2d315211fd44888deb3735aa69e97e3bac81f9f7353,"[85, 0, 406, 639]",0.87255859375,321,639,winesensed:150360872,37,train
/mnt/SSD/workspace/wine/data/WineSensed/chunk_001/output_images/chunk_001/3pbfdwVwTeaPgkdamcG1rg.jpg,winesensed,3pbfdwVwTeaPgkdamcG1rg.jpg,winesensed:150360872,,150360872,3afbd784b0c66961450d1d35,ok,/mnt/SSD/workspace/wine/data/winesensed_embedding/crops/3a/3afbd784b0c66961450d1d35.jpg,08403bdd2b26aa36a3190792a6d075907338a4e37792dc134ae3bb2e0344bbf5,b660306f69e70a59590c3d8a6867ff9b5fc5610a0215d70a3ceb07fac9dea5d1,"[49, 0, 426, 640]",0.642578125,377,640,winesensed:150360872,37,train
/mnt/SSD/workspace/wine/data/WineSensed/chunk_002/output_images/chunk_002/5KoCXfRHSGO2_V_yi7Nx2w.jpg,winesensed,5KoCXfRHSGO2_V_yi7Nx2w.jpg,winesensed:150360872,,150360872,4cdb62dc0bd902d8dd26a0cc,ok,/mnt/SSD/workspace/wine/data/winesensed_embedding/crops/4c/4cdb62dc0bd902d8dd26a0cc.jpg,2897465ee7e2bb2b3a03280e3cb1d9681c665b00d1c8257a327c188f159e770c,5d1c80ff853acbef89a621731be5bd0fa193ccb08ce7eecd00bc049eb1fdabaf,"[84, 0, 395, 640]",0.72119140625,311,640,winesensed:150360872,37,train
/mnt/SSD/workspace/wine/data/WineSensed/chunk_003/output_images/chunk_003/GE-Hx0YFRwaPtkJz56y9BQ.jpg,winesensed,GE-Hx0YFRwaPtkJz56y9BQ.jpg,winesensed:150360872,,150360872,6b4de34a0019e4f24a9d8429,ok,/mnt/SSD/workspace/wine/data/winesensed_embedding/crops/6b/6b4de34a0019e4f24a9d8429.jpg,8ce142942e74e05fb8e48b519d98a96809f2e56936a0e9ad574af4ced217ff12,e592d2783c5022869e2ea7a53127d8c49ccc3a0e82e8401bb45917ff7127b6d7,"[36, 10, 431, 640]",0.5908203125,395,630,winesensed:150360872,37,train
/mnt/SSD/workspace/wine/data/WineSensed/chunk_003/output_images/chunk_003/DP91JnoiQvWpOIqUrXCckg.jpg,winesensed,DP91JnoiQvWpOIqUrXCckg.jpg,winesensed:150360872,,150360872,8bbf010f9cfe5de0624bf821,ok,/mnt/SSD/workspace/wine/data/winesensed_embedding/crops/8b/8bbf010f9cfe5de0624bf821.jpg,890245e9a8304e0324f40df22a37f1f662f5e6c92abbb4ac4e50b459be9e47c3,5d241c19d9ac3caf25c8454a379e6077dfd90a2f30b68f56e5511f43e47ff8fa,"[57, 0, 390, 640]",0.7265625,333,640,winesensed:150360872,37,train
/mnt/SSD/workspace/wine/data/WineSensed/chunk_001/output_images/chunk_001/-cHbbwn9SsG-xrFTgndb0w.jpg,winesensed,-cHbbwn9SsG-xrFTgndb0w.jpg,winesensed:150360872,,150360872,901d6916d0ad78f9e2e0cd58,ok,/mnt/SSD/workspace/wine/data/winesensed_embedding/crops/90/901d6916d0ad78f9e2e0cd58.jpg,c636ad0e49efa2c5c60785d8de4db58f66aceb249dab10ed6eacf63908d8604a,204637803ecbe2883035e68a5e9eca844e949ae89674c3b57e19afe18c9e22cf,"[36, 0, 411, 632]",0.4609375,375,632,winesensed:150360872,37,train
/mnt/SSD/workspace/wine/data/WineSensed/chunk_001/output_images/chunk_001/4CHOyowOSWGA550RK9RDSQ.jpg,winesensed,4CHOyowOSWGA550RK9RDSQ.jpg,winesensed:150360872,,150360872,964e2091559ec4f079c6a562,ok,/mnt/SSD/workspace/wine/data/winesensed_embedding/crops/96/964e2091559ec4f079c6a562.jpg,e98090c759e6cdc42efdc518505064b0aedabbb9b6f605b297763ece7db48591,075747de2fdacafebba050bf9e05403e6648fb851c8d820b77d461af277068d2,"[69, 1, 391, 640]",0.60009765625,322,639,winesensed:150360872,37,train
/mnt/SSD/workspace/wine/data/WineSensed/chunk_002/output_images/chunk_002/AoljwGSHSaGQ7XJC_iZwwQ.jpg,winesensed,AoljwGSHSaGQ7XJC_iZwwQ.jpg,winesensed:150360872,,150360872,a79a418a559c683421b8287a,ok,/mnt/SSD/workspace/wine/data/winesensed_embedding/crops/a7/a79a418a559c683421b8287a.jpg,5d9057618ce16e070f1893e03fd12e9c980902b14f98419d010fe2fd489a457c,a1554b42dec313c16ea2d7b193a1b80fe80c13e93277e262b6ab2b4742a7182c,"[30, 9, 412, 640]",0.422607421875,382,631,winesensed:150360872,37,train
/mnt/SSD/workspace/wine/data/WineSensed/chunk_003/output_images/chunk_003/Duk1Y1oYSuekt0jA19-66g.jpg,winesensed,Duk1Y1oYSuekt0jA19-66g.jpg,winesensed:150360872,,150360872,b9d3dbb9a4ecce5a6544e145,ok,/mnt/SSD/workspace/wine/data/winesensed_embedding/crops/b9/b9d3dbb9a4ecce5a6544e145.jpg,5dd27e5c036967aa7a01cd55ad12dfd89645cc01f9b7840acf6b778956fc64e8,928681b3e6cd6de443f00d093585017623c1f5241bade182eab2afe22d20579f,"[35, 0, 450, 640]",0.625,415,640,winesensed:150360872,37,train
/mnt/SSD/workspace/wine/data/WineSensed/chunk_002/output_images/chunk_002/ASeonck2RLq1pkBuchPlCg.jpg,winesensed,ASeonck2RLq1pkBuchPlCg.jpg,winesensed:150360872,,150360872,c10ad277448a8fcb2cda6228,ok,/mnt/SSD/workspace/wine/data/winesensed_embedding/crops/c1/c10ad277448a8fcb2cda6228.jpg,9a4f1d4978e74d23294785f78043bbee684e64a6ce81ac3e7f7468aa1f7d637b,c72df8ea6e17debcfd1c35922e743e5ca41b57557c90ab386a8bc5d4afd8720e,"[41, 2, 425, 640]",0.65380859375,384,638,winesensed:150360872,37,train
/mnt/SSD/workspace/wine/data/WineSensed/chunk_001/output_images/chunk_001/-MA6ZE-xScmNaSyxgSq4pQ.jpg,winesensed,-MA6ZE-xScmNaSyxgSq4pQ.jpg,winesensed:150390401,,150390401,2493dc87c634885df75aac7c,ok,/mnt/SSD/workspace/wine/data/winesensed_embedding/crops/24/2493dc87c634885df75aac7c.jpg,9848ab235f8ae2114ada9af19c4975485407e3fcbed4d221f3ea2fad69b90459,53679430d6d71a77d334ff569a61982bfa7f8b49259ff2f9712b420608cb19b1,"[253, 0, 407, 118]",0.57080078125,154,118,winesensed:150390401,38,train
/mnt/SSD/workspace/wine/data/WineSensed/chunk_002/output_images/chunk_002/AIl1S7A1QleIE9s3s1vCyA.jpg,winesensed,AIl1S7A1QleIE9s3s1vCyA.jpg,winesensed:150390401,,150390401,2f86e7849035cac71be3f078,ok,/mnt/SSD/workspace/wine/data/winesensed_embedding/crops/2f/2f86e7849035cac71be3f078.jpg,7ac961c80f4f449ee648fa37c934d1b1cc839ca54c19c84c1045d9b72557f9a4,bba50a0ad60336e74209ccf98811f6afd6ee0c7cea5dbd8c3c03e8a066119ec9,"[72, 0, 374, 640]",0.4716796875,302,640,winesensed:150390401,38,train
/mnt/SSD/workspace/wine/data/WineSensed/chunk_001/output_images/chunk_001/2wILlSjAQn-gp_XcWLEAKg.jpg,winesensed,2wILlSjAQn-gp_XcWLEAKg.jpg,winesensed:150390401,,150390401,38d5593061578b9a538c8fb7,ok,/mnt/SSD/workspace/wine/data/winesensed_embedding/crops/38/38d5593061578b9a538c8fb7.jpg,2c04ad2184aa1ae8a8db99516654c6326b31103ca33e4ba4784242f0ac5b204e,77efc57539a4a12d8e4228e8c53692597cac7692c61b2a3445824c11484d6c60,"[100, 0, 393, 640]",0.38818359375,293,640,winesensed:150390401,38,train
/mnt/SSD/workspace/wine/data/WineSensed/chunk_002/output_images/chunk_002/Ag6IEzxFTD-ei3ysI9IIoA.jpg,winesensed,Ag6IEzxFTD-ei3ysI9IIoA.jpg,winesensed:150390401,,150390401,3cc7af31805c3f697f485b08,ok,/mnt/SSD/workspace/wine/data/winesensed_embedding/crops/3c/3cc7af31805c3f697f485b08.jpg,8ed4f4745be2ddca1f0049010b17c269e15f1ee33d301d4b1306455c156b4a9e,5ff081ff3faf129ab411e49896529a616aa970db9259e6b0b3bc6e25573d7049,"[91, 0, 430, 640]",0.4833984375,339,640,winesensed:150390401,38,train
/mnt/SSD/workspace/wine/data/WineSensed/chunk_003/output_images/chunk_003/GDrRT2bVQ9SXtJAx9ZhAYg.jpg,winesensed,GDrRT2bVQ9SXtJAx9ZhAYg.jpg,winesensed:150390401,,150390401,618a7fd5c284c0eb299e38c3,ok,/mnt/SSD/workspace/wine/data/winesensed_embedding/crops/61/618a7fd5c284c0eb299e38c3.jpg,3281ce45561b1a4bc3279cfc3f5ce7e320fcd37a5412a70860523f9049edc232,82afbb8c5d0f3296248ad28bc402b0142cd9ae129a3618fbe974be598afd7422,"[80, 0, 386, 637]",0.703125,306,637,winesensed:150390401,38,train
/mnt/SSD/workspace/wine/data/WineSensed/chunk_002/output_images/chunk_002/64mlVAnlQumGGYG214hB4Q.jpg,winesensed,64mlVAnlQumGGYG214hB4Q.jpg,winesensed:150390401,,150390401,ab99bc3a17045a3b8bb9a4aa,ok,/mnt/SSD/workspace/wine/data/winesensed_embedding/crops/ab/ab99bc3a17045a3b8bb9a4aa.jpg,14d78b1e96d0b4c1ee19827f0e12596a6af6f4499c489aa14ad9c61d48209228,a057178866993e3d325cd4caaa6453b9a3c46503973527246f5a0ea47d9b7fdd,"[110, 0, 413, 640]",0.39501953125,303,640,winesensed:150390401,38,train
/mnt/SSD/workspace/wine/data/WineSensed/chunk_001/output_images/chunk_001/1gMu10hxQ9m5jduFsFFAHg.jpg,winesensed,1gMu10hxQ9m5jduFsFFAHg.jpg,winesensed:150390401,,150390401,af0acfd2f0de6085698772e3,ok,/mnt/SSD/workspace/wine/data/winesensed_embedding/crops/af/af0acfd2f0de6085698772e3.jpg,91ffa716f5a7f604511eebab2173b952f36f5420dac176d1d8f07e73279c8666,7f36f1c26aef9a2ef7b76cabc2344c9cf49c6418e03b920c5204a8cb1d075aa1,"[129, 0, 381, 640]",0.56494140625,252,640,winesensed:150390401,38,train
/mnt/SSD/workspace/wine/data/WineSensed/chunk_002/output_images/chunk_002/8eSJYU_iTZSMw1q0WPt94A.jpg,winesensed,8eSJYU_iTZSMw1q0WPt94A.jpg,winesensed:150390401,,150390401,c52380e40ff0c8bea951b0e4,ok,/mnt/SSD/workspace/wine/data/winesensed_embedding/crops/c5/c52380e40ff0c8bea951b0e4.jpg,99030a8a079e30202a043c7f2d3b722dee40c80f67a8b561cd5a164a4c475dbc,60872e6c5ba02c965e8976155ac0099833f1b545d32b3fab3b50525bf9bf8593,"[93, 0, 385, 633]",0.30908203125,292,633,winesensed:150390401,38,train
/mnt/SSD/workspace/wine/data/WineSensed/chunk_003/output_images/chunk_003/DjUXskTHRL2VucIGBk0GEg.jpg,winesensed,DjUXskTHRL2VucIGBk0GEg.jpg,winesensed:150390401,,150390401,c73b5379b37cb3dd69e61b05,ok,/mnt/SSD/workspace/wine/data/winesensed_embedding/crops/c7/c73b5379b37cb3dd69e61b05.jpg,ff4f5caae8ce8800f0f7330e6b1e68ec2ade168b4f4852ce69164d9a50fbbeba,16f6220292b8ae927072458aa15c789cf000634768fca99636ecc262b16e964c,"[52, 1, 355, 640]",0.26123046875,303,639,winesensed:150390401,38,train
/mnt/SSD/workspace/wine/data/WineSensed/chunk_003/output_images/chunk_003/Cl7ebRcWS0GOk1HkHSlDRA.jpg,winesensed,Cl7ebRcWS0GOk1HkHSlDRA.jpg,winesensed:150390401,,150390401,dabd7e810f11c2b8205dea83,ok,/mnt/SSD/workspace/wine/data/winesensed_embedding/crops/da/dabd7e810f11c2b8205dea83.jpg,e8820b8b478ff735e3028c82def61b7265a2c31840fc84128e61547938740cfd,fb44ff4376fbaf1ace2a292d917891a02c40f65f3266f20f4d381d6d53092105,"[72, 0, 367, 639]",0.70166015625,295,639,winesensed:150390401,38,train
/mnt/SSD/workspace/wine/data/WineSensed/chunk_003/output_images/chunk_003/EdlDwjwoSKKpXrZRPO_MDQ.jpg,winesensed,EdlDwjwoSKKpXrZRPO_MDQ.jpg,winesensed:150390401,,150390401,f082530960ffb8b203f8d484,ok,/mnt/SSD/workspace/wine/data/winesensed_embedding/crops/f0/f082530960ffb8b203f8d484.jpg,8c34e77ac2dad5398955913519cc006ea6d935a319697100e540c93438dc637b,d926f51677478865eeecde1c15bc0328f2f3baccf1ef2c4450c5c4d392662ad9,"[364, 0, 479, 612]",0.42919921875,115,612,winesensed:150390401,38,train
/mnt/SSD/workspace/wine/data/WineSensed/chunk_002/output_images/chunk_002/5r6GuMh0SyecDY6FBdLLoQ.jpg,winesensed,5r6GuMh0SyecDY6FBdLLoQ.jpg,winesensed:150390401,,150390401,fced00a89478b2d447154c1c,ok,/mnt/SSD/workspace/wine/data/winesensed_embedding/crops/fc/fced00a89478b2d447154c1c.jpg,1d410ad3da664490c587508bea5155f1e7f4bfdb659c9af996854737f1364da9,ebbe536dac8d8affdef940aacc3ed3d0a0a50080742fb42e0a607197ea1f720a,"[115, 2, 390, 640]",0.269287109375,275,638,winesensed:150390401,38,train
/mnt/SSD/workspace/wine/data/WineSensed/chunk_002/output_images/chunk_002/AtXZsS_MQKeA6cPv-X6_Iw.jpg,winesensed,AtXZsS_MQKeA6cPv-X6_Iw.jpg,winesensed:150520939,,150520939,2733a192029fd5155f1336aa,ok,/mnt/SSD/workspace/wine/data/winesensed_embedding/crops/27/2733a192029fd5155f1336aa.jpg,4134e0ce523df736e1c68f4f57bb1efa3c23ee6ed6ffed337edb9fc4398ef41f,9a378ba93a7a35aed326d2294a4766be2f08e6ae4d5f0c6950c84ee6a3a0480d,"[78, 0, 419, 640]",0.8408203125,341,640,winesensed:150520939,39,train
/mnt/SSD/workspace/wine/data/WineSensed/chunk_002/output_images/chunk_002/B7Ow8wDtSPmjUvHoqcwknw.jpg,winesensed,B7Ow8wDtSPmjUvHoqcwknw.jpg,winesensed:150520939,,150520939,3280bdef79323bd3c07d8b91,ok,/mnt/SSD/workspace/wine/data/winesensed_embedding/crops/32/3280bdef79323bd3c07d8b91.jpg,fac634c3e57f40d82a9f50774bfce257ee11a437c6c12c0842cd0ba94106eeba,203dc85848f0a1e3df7da91a65a08067b7fef95da8aadca213c85d7d539f4a5d,"[78, 0, 433, 636]",0.86572265625,355,636,winesensed:150520939,39,train
/mnt/SSD/workspace/wine/data/WineSensed/chunk_002/output_images/chunk_002/6gHDxhnEQvCun8wUXNl94Q.jpg,winesensed,6gHDxhnEQvCun8wUXNl94Q.jpg,winesensed:150520939,,150520939,4cecf73e84da4871e4374e62,ok,/mnt/SSD/workspace/wine/data/winesensed_embedding/crops/4c/4cecf73e84da4871e4374e62.jpg,3a8241a511338b477497bd78d8e99641c026c332040dce451a1da656cee25c31,bc15e4c284298bf9d726e182dbb9c4705757804d811e68981d7629bb4c10d730,"[31, 0, 380, 640]",0.68603515625,349,640,winesensed:150520939,39,train
/mnt/SSD/workspace/wine/data/WineSensed/chunk_001/output_images/chunk_001/4vSe9BmVQ7-8nwzamXoEKQ.jpg,winesensed,4vSe9BmVQ7-8nwzamXoEKQ.jpg,winesensed:150520939,,150520939,5e94ba0f97dd95fd5322835d,ok,/mnt/SSD/workspace/wine/data/winesensed_embedding/crops/5e/5e94ba0f97dd95fd5322835d.jpg,efd0e3d5e3176a7efc9a5930f8a9c9033f6be15e3a1c5d54d7ae589f2eaf5e51,91aa8efc53d03d02f6f0cbfd0040451228fbb7c6071a5fac72b3d0f17305cf7a,"[107, 0, 386, 639]",0.7841796875,279,639,winesensed:150520939,39,train
/mnt/SSD/workspace/wine/data/WineSensed/chunk_001/output_images/chunk_001/1IO28I54RSGiTQRINGz9hw.jpg,winesensed,1IO28I54RSGiTQRINGz9hw.jpg,winesensed:150520939,,150520939,61aae294d4f84f7f6ebb4831,ok,/mnt/SSD/workspace/wine/data/winesensed_embedding/crops/61/61aae294d4f84f7f6ebb4831.jpg,0a06f5375b96e9f1272c8ae69e5a66f44e94141359c2b4c7320ce7c090268139,ca3131b4689654c511c1e74b88b820aeba9577e07cebb8d2d139e18632b42036,"[70, 1, 383, 640]",0.8896484375,313,639,winesensed:150520939,39,train
/mnt/SSD/workspace/wine/data/WineSensed/chunk_002/output_images/chunk_002/5bb3aFezTWmDwCFp46PuCg.jpg,winesensed,5bb3aFezTWmDwCFp46PuCg.jpg,winesensed:150520939,,150520939,66752eaf8a3f2b6d69799a6f,ok,/mnt/SSD/workspace/wine/data/winesensed_embedding/crops/66/66752eaf8a3f2b6d69799a6f.jpg,ee0a61ce68490f0342fabbf20bdaa3d7b2f4e4244d34e88824003a69918aad8e,8b3101e7ac58f5ff26418b067cffb63fe326b3e3bf92ad980cd6e529f55ed093,"[73, 3, 389, 638]",0.7529296875,316,635,winesensed:150520939,39,train
/mnt/SSD/workspace/wine/data/WineSensed/chunk_002/output_images/chunk_002/BfhbMdqtTteUKW8smLpH0w.jpg,winesensed,BfhbMdqtTteUKW8smLpH0w.jpg,winesensed:150520939,,150520939,7e60261e1b5a6e083c767fac,ok,/mnt/SSD/workspace/wine/data/winesensed_embedding/crops/7e/7e60261e1b5a6e083c767fac.jpg,61f1ff98756e7525321eae4aed9214e6c3fc325d6db4806836ea79cd7d9df91f,c02d1508c1a86f27edf1d2ddf72a381ef748aab96f0d904694888fbe1e656e3e,"[40, 0, 420, 637]",0.346435546875,380,637,winesensed:150520939,39,train
/mnt/SSD/workspace/wine/data/WineSensed/chunk_002/output_images/chunk_002/7_40o5xnQOWgWcFpAITyAQ.jpg,winesensed,7_40o5xnQOWgWcFpAITyAQ.jpg,winesensed:150520939,,150520939,9d0bb730311d25a2f241458c,ok,/mnt/SSD/workspace/wine/data/winesensed_embedding/crops/9d/9d0bb730311d25a2f241458c.jpg,3c7acc12b979db80d155d1ee34bfc3e7c27d396f406f48a3e23a5a19b96dcae1,505da9277e3bf28254a7f07aee4c44cc49fd8dac6a6fef4d8e04a92f4a04dea6,"[88, 0, 406, 631]",0.63525390625,318,631,winesensed:150520939,39,train
/mnt/SSD/workspace/wine/data/WineSensed/chunk_002/output_images/chunk_002/AjthTXwHRkaZvcGk61k-1Q.jpg,winesensed,AjthTXwHRkaZvcGk61k-1Q.jpg,winesensed:150520939,,150520939,a1a2f9e4719ea101c2209a1a,ok,/mnt/SSD/workspace/wine/data/winesensed_embedding/crops/a1/a1a2f9e4719ea101c2209a1a.jpg,116728938a848c61ba81b033b125bc3b0cf1f67ddc9a91e21b8e26652a68383a,9aae3641e6838b00a57460483793411873c6a22ba5449ed3e28a949137332ab8,"[98, 0, 370, 640]",0.8916015625,272,640,winesensed:150520939,39,train
/mnt/SSD/workspace/wine/data/WineSensed/chunk_002/output_images/chunk_002/8SQSrFWhQ1K30aCQ-FJbcg.jpg,winesensed,8SQSrFWhQ1K30aCQ-FJbcg.jpg,winesensed:150520939,,150520939,c559c5b9dee25a06373d753e,ok,/mnt/SSD/workspace/wine/data/winesensed_embedding/crops/c5/c559c5b9dee25a06373d753e.jpg,abf1e64fc5614cb51aa4c8d886b516374429813968d27d11ce3fd1f6c762c43b,d33db8edf2705582b862d80cf0b2aa0a5c1fec73b8bdda56067655aa57565280,"[89, 0, 391, 640]",0.7900390625,302,640,winesensed:150520939,39,train
/mnt/SSD/workspace/wine/data/WineSensed/chunk_001/output_images/chunk_001/0hOqS2sER3SX9jEYKcBLpA.jpg,winesensed,0hOqS2sER3SX9jEYKcBLpA.jpg,winesensed:150520939,,150520939,eb7e62c22c1e84bdc92078a1,ok,/mnt/SSD/workspace/wine/data/winesensed_embedding/crops/eb/eb7e62c22c1e84bdc92078a1.jpg,6079d143aefe65c52f47a83b4723bb7d58fad53895c94f6dde2fb8e4cee640a8,4340e6c10b94ef1de768f990d7658c58347c0b5be135befbceea229e84f0aca5,"[120, 1, 363, 637]",0.796875,243,636,winesensed:150520939,39,train
/mnt/SSD/workspace/wine/data/WineSensed/chunk_001/output_images/chunk_001/-DZ9t13xTg-VaVFxjTwmmg.jpg,winesensed,-DZ9t13xTg-VaVFxjTwmmg.jpg,winesensed:150520939,,150520939,fbac1a3dca56ae81571f8890,ok,/mnt/SSD/workspace/wine/data/winesensed_embedding/crops/fb/fbac1a3dca56ae81571f8890.jpg,39acb21bc9a2d024f3676b1fe57d58bf3f67207fda91d4128e13645f2ac2ad96,6ada1f6dbc9ae33a71aecb87c4e08acb6133007feb4ff79681dc18b4ccdbca91,"[41, 0, 417, 640]",0.69677734375,376,640,winesensed:150520939,39,train
/mnt/SSD/workspace/wine/data/WineSensed/chunk_002/output_images/chunk_002/7MsJTUMzTqWZICvnLzGu5Q.jpg,winesensed,7MsJTUMzTqWZICvnLzGu5Q.jpg,winesensed:150539370,,150539370,60dc44783ae47dc5fa89e2a2,ok,/mnt/SSD/workspace/wine/data/winesensed_embedding/crops/60/60dc44783ae47dc5fa89e2a2.jpg,ae753a324e21c4b7890df00d0ad742ffc48e08de75ffed9da9bbfb47282a7367,923f64c4053137b9e4fde2f55049335163a7420b78dc63000a44069bfad00d62,"[57, 0, 413, 640]",0.712890625,356,640,winesensed:150539370,40,train
/mnt/SSD/workspace/wine/data/WineSensed/chunk_001/output_images/chunk_001/3OKWdVsARNW_9h5fnN4bZA.jpg,winesensed,3OKWdVsARNW_9h5fnN4bZA.jpg,winesensed:150539370,,150539370,6f981778cb524aea40413c9e,ok,/mnt/SSD/workspace/wine/data/winesensed_embedding/crops/6f/6f981778cb524aea40413c9e.jpg,60708bdcb8086f2fc9a400ebf911fb2dc0ebcc4d10353b12ae14d412b95a2198,52253a65f97e961a3c618d120081922c869d424a4f98be7c061497f19b5eafae,"[156, 0, 353, 640]",0.90380859375,197,640,winesensed:150539370,40,train
/mnt/SSD/workspace/wine/data/WineSensed/chunk_002/output_images/chunk_002/6LCrGAycT8G7EKsoRIx3Pw.jpg,winesensed,6LCrGAycT8G7EKsoRIx3Pw.jpg,winesensed:150539370,,150539370,7a8c60cd7ec95c01037d0e8c,ok,/mnt/SSD/workspace/wine/data/winesensed_embedding/crops/7a/7a8c60cd7ec95c01037d0e8c.jpg,d271b9792359bba8bed180386db5ec5d8dea7ec3541091d4d34a54b377bef05d,7fbca2134fed8e40bcd34a31f4bdd0ba07b058756d4594c829e54f3388ff855b,"[89, 0, 439, 640]",0.736328125,350,640,winesensed:150539370,40,train
/mnt/SSD/workspace/wine/data/WineSensed/chunk_001/output_images/chunk_001/1we6SmOLQI-eIW4gsUu1_Q.jpg,winesensed,1we6SmOLQI-eIW4gsUu1_Q.jpg,winesensed:150539370,,150539370,8dea4d6441d69de039d41aa4,ok,/mnt/SSD/workspace/wine/data/winesensed_embedding/crops/8d/8dea4d6441d69de039d41aa4.jpg,d864c6376991a8d69d7112bc3a9976a7dfd23c2db220c137cab8a05deba215de,0717dcaef646274b45035c3c6d26469ef1d049d32a61c2e0d536ca5e227d41c6,"[24, 0, 395, 640]",0.75439453125,371,640,winesensed:150539370,40,train
/mnt/SSD/workspace/wine/data/WineSensed/chunk_001/output_images/chunk_001/3Gxoip7QTsu6fX9rJ3EqDA.jpg,winesensed,3Gxoip7QTsu6fX9rJ3EqDA.jpg,winesensed:150539370,,150539370,915b3a93eaa11c73aaa32510,ok,/mnt/SSD/workspace/wine/data/winesensed_embedding/crops/91/915b3a93eaa11c73aaa32510.jpg,2a0c2067826ecd6f712de909fb7923b417bf7ef8cfeee155594f3a4f75f36974,b45e3299bd94d49cab3ca9c46b97a2d5b9a9c3d74cd24a0accc7d9209b955d84,"[46, 0, 401, 640]",0.513671875,355,640,winesensed:150539370,40,train
/mnt/SSD/workspace/wine/data/WineSensed/chunk_002/output_images/chunk_002/7KI8q0JUQFWiXIC4Augg4g.jpg,winesensed,7KI8q0JUQFWiXIC4Augg4g.jpg,winesensed:150539370,,150539370,b1f87db5474b2b4f4c7c8d22,ok,/mnt/SSD/workspace/wine/data/winesensed_embedding/crops/b1/b1f87db5474b2b4f4c7c8d22.jpg,57b4af0a7afc739a73139d324c6d184befd89536a28c6392a5580f29e52bbcda,d631e7b7076823e6eb3f26ef1cce918ba01d8f9a280d56b96a8948caed6d9ece,"[48, 5, 410, 635]",0.5927734375,362,630,winesensed:150539370,40,train
/mnt/SSD/workspace/wine/data/WineSensed/chunk_001/output_images/chunk_001/-zY1mBwPSla2qRsd2LBWqg.jpg,winesensed,-zY1mBwPSla2qRsd2LBWqg.jpg,winesensed:150539370,,150539370,c39b7002e43e6d7efa9a905d,ok,/mnt/SSD/workspace/wine/data/winesensed_embedding/crops/c3/c39b7002e43e6d7efa9a905d.jpg,96ef0e7d3191f0dbd8db9a1bec4743293d18f8d3af79ce75be9dd166bb0962a1,30e1b4bc1a63f223dd2af1b18ae5d95ddaca4c6bee4807c6f0f691f6f5f987ae,"[0, 0, 285, 640]",0.7958984375,285,640,winesensed:150539370,40,train
/mnt/SSD/workspace/wine/data/WineSensed/chunk_001/output_images/chunk_001/4CbTV2DUSQixgTB2wAIKLQ.jpg,winesensed,4CbTV2DUSQixgTB2wAIKLQ.jpg,winesensed:150539370,,150539370,c9119bce3db01cb115296cbc,ok,/mnt/SSD/workspace/wine/data/winesensed_embedding/crops/c9/c9119bce3db01cb115296cbc.jpg,a8100e1fdb8ee2bae04683213687b38fa7010ed5855f108de012692ba3d9efa8,a82f4d1376f7f7fed256ab51a281af20a6984f8ed5a0e0cff03c6f759802f13e,"[52, 25, 368, 638]",0.56982421875,316,613,winesensed:150539370,40,train
/mnt/SSD/workspace/wine/data/WineSensed/chunk_002/output_images/chunk_002/5zAMcefrQeefUbFptTEKaA.jpg,winesensed,5zAMcefrQeefUbFptTEKaA.jpg,winesensed:150539370,,150539370,d145371dcc7336953a1d1638,ok,/mnt/SSD/workspace/wine/data/winesensed_embedding/crops/d1/d145371dcc7336953a1d1638.jpg,8dcd569645be6943f761606ab5fa233ab8a7811191f82bca6f0f1e231e520fa0,640a75a4d86a040b6d4ee0546dc084e0e7779a7e1b0fc4c348c5eaafadcaeb39,"[92, 0, 447, 640]",0.83056640625,355,640,winesensed:150539370,40,train
/mnt/SSD/workspace/wine/data/WineSensed/chunk_001/output_images/chunk_001/5CSCdm13QRy-iYFDIN_L4w.jpg,winesensed,5CSCdm13QRy-iYFDIN_L4w.jpg,winesensed:150539370,,150539370,e89de620ddd5dd6c83adaf2e,ok,/mnt/SSD/workspace/wine/data/winesensed_embedding/crops/e8/e89de620ddd5dd6c83adaf2e.jpg,3d25689c6a75f361f6d0e30cb4173a768d12d4a2735ffa870a1c455ddfb1437b,a33674783dc886d8849785340619727db586c00b57ba8f325b690b866f7b6a0b,"[135, 0, 394, 640]",0.740234375,259,640,winesensed:150539370,40,train
/mnt/SSD/workspace/wine/data/WineSensed/chunk_001/output_images/chunk_001/46vy3IW2TUmCpxKXPYNLeQ.jpg,winesensed,46vy3IW2TUmCpxKXPYNLeQ.jpg,winesensed:150539370,,150539370,f9181b3f6a01df8c57a4270e,ok,/mnt/SSD/workspace/wine/data/winesensed_embedding/crops/f9/f9181b3f6a01df8c57a4270e.jpg,9c7b5ca1bc0c6862244c29becf21fd605a597ac221462afe2fd46826a38a3766,b31a94ca8f48c9ea6fec4b45e1fc945dbcccecf8ae6c80d3b41069869d7633f5,"[56, 26, 412, 637]",0.380859375,356,611,winesensed:150539370,40,train
/mnt/SSD/workspace/wine/data/WineSensed/chunk_002/output_images/chunk_002/8iYJFQuSSBSEmg6ZuZmpEA.jpg,winesensed,8iYJFQuSSBSEmg6ZuZmpEA.jpg,winesensed:150539370,,150539370,ffac9dab0d17416e8a006cdc,ok,/mnt/SSD/workspace/wine/data/winesensed_embedding/crops/ff/ffac9dab0d17416e8a006cdc.jpg,35a928858402a62fc908b21cc0100e14b5b5da1c44e8b77051f76d1f9207a238,37fb3c4918a2bd341ced9c5f8492ac515a29108a1282fe6ca9c07a1c1d29c1ff,"[15, 0, 424, 640]",0.408203125,409,640,winesensed:150539370,40,train
/mnt/SSD/workspace/wine/data/WineSensed/chunk_001/output_images/chunk_001/0LTXbRRYS4GGCx3OOOTf6Q.jpg,winesensed,0LTXbRRYS4GGCx3OOOTf6Q.jpg,winesensed:150611659,,150611659,053dff05ed781a91dc52cc54,ok,/mnt/SSD/workspace/wine/data/winesensed_embedding/crops/05/053dff05ed781a91dc52cc54.jpg,b77597a5b49b78e61722cf06256f8420e3992fb833361910bd85044e93686451,682d9f8e8063fb2ebe0aba268098bacdac35df028fb3e96b33a85e774cd487eb,"[43, 8, 362, 637]",0.377197265625,319,629,winesensed:150611659,41,train
/mnt/SSD/workspace/wine/data/WineSensed/chunk_001/output_images/chunk_001/1JYRNNYvQE2PqdcqWwybQw.jpg,winesensed,1JYRNNYvQE2PqdcqWwybQw.jpg,winesensed:150611659,,150611659,1729c36bf9ee9f092bbb0b40,ok,/mnt/SSD/workspace/wine/data/winesensed_embedding/crops/17/1729c36bf9ee9f092bbb0b40.jpg,560bb50670a64d33c738f096749bc633d2f27e39a8c6f0cefff8956c4c5f4e3f,90e908a4340145a0299eb4253abe1469559af0c09335f368b28fe0d3110a80f8,"[113, 0, 346, 631]",0.88720703125,233,631,winesensed:150611659,41,train
/mnt/SSD/workspace/wine/data/WineSensed/chunk_001/output_images/chunk_001/-XE4kXcJQv2uCzDOcyf8AA.jpg,winesensed,-XE4kXcJQv2uCzDOcyf8AA.jpg,winesensed:150611659,,150611659,334f9b259345b6aed44715e5,ok,/mnt/SSD/workspace/wine/data/winesensed_embedding/crops/33/334f9b259345b6aed44715e5.jpg,9c249e0b6315fe8278feb2ac2177596b981f33da391f91d0120a31fd737ab0ac,7f2530e8b96239e651ab75de0cf054974abb4404d4f4b67538abdc51048d8d2c,"[45, 0, 423, 595]",0.779296875,378,595,winesensed:150611659,41,train
/mnt/SSD/workspace/wine/data/WineSensed/chunk_001/output_images/chunk_001/-RO3pFrNSZ6TQEHnFVpjcg.jpg,winesensed,-RO3pFrNSZ6TQEHnFVpjcg.jpg,winesensed:150611659,,150611659,51cb26dbdab6512ba6e0a3ab,ok,/mnt/SSD/workspace/wine/data/winesensed_embedding/crops/51/51cb26dbdab6512ba6e0a3ab.jpg,43f10e9740cffd8e1cd7acd5b0adac9a3eefff756a79cf7f76568ec62e48944b,86e427585291314d0cf33aa50bdff50ada060a76e3eab621602d31fa54427eae,"[36, 0, 401, 634]",0.740234375,365,634,winesensed:150611659,41,train
/mnt/SSD/workspace/wine/data/WineSensed/chunk_001/output_images/chunk_001/0ZsvrHkATKSBCu0DuEizJw.jpg,winesensed,0ZsvrHkATKSBCu0DuEizJw.jpg,winesensed:150611659,,150611659,615d6aefde098e01f4d2d0d3,ok,/mnt/SSD/workspace/wine/data/winesensed_embedding/crops/61/615d6aefde098e01f4d2d0d3.jpg,c0570155c791a2be00a503dce7a8244add8fd9181f4999638389277d6993453d,dae56af104f5f576aa859fd0381bd92ca182c87bed259c60bedfe101ba424dde,"[1, 0, 480, 627]",0.35009765625,479,627,winesensed:150611659,41,train
/mnt/SSD/workspace/wine/data/WineSensed/chunk_001/output_images/chunk_001/1t-dGAjNReSj4y0hU1q3pg.jpg,winesensed,1t-dGAjNReSj4y0hU1q3pg.jpg,winesensed:150611659,,150611659,70171cab0ddd472e1dae05fb,ok,/mnt/SSD/workspace/wine/data/winesensed_embedding/crops/70/70171cab0ddd472e1dae05fb.jpg,d9391e61b5e659e0311328264dbb62a1103d3f317740c3066a9310eecc792222,4f811c2fe3b608b45661a78a26a4b95a5b4d0066c0e003c077d23446b1472861,"[89, 2, 480, 640]",0.4794921875,391,638,winesensed:150611659,41,train
/mnt/SSD/workspace/wine/data/WineSensed/chunk_001/output_images/chunk_001/15rXbtIAQ_ak6vB9CJzf4w.jpg,winesensed,15rXbtIAQ_ak6vB9CJzf4w.jpg,winesensed:150611659,,150611659,71308c05d857e9f3d8bfa21d,ok,/mnt/SSD/workspace/wine/data/winesensed_embedding/crops/71/71308c05d857e9f3d8bfa21d.jpg,f2ff1df168fdb89874ba7489d16bd49ef62701eba995ced090ee4e996d5bb4b7,30ee568615e83b82dee48aa88af73a0952c4464a9d786bfb28fcf1dae884f1e7,"[29, 0, 476, 618]",0.35009765625,447,618,winesensed:150611659,41,train
/mnt/SSD/workspace/wine/data/WineSensed/chunk_001/output_images/chunk_001/0dG5VT9iT2WZf16A8QyGaA.jpg,winesensed,0dG5VT9iT2WZf16A8QyGaA.jpg,winesensed:150611659,,150611659,a264671862f7bcbaaf0ae6c5,ok,/mnt/SSD/workspace/wine/data/winesensed_embedding/crops/a2/a264671862f7bcbaaf0ae6c5.jpg,0d79c3ebfc82126caf0de7f70acf1fdf7dfe5f0fc2f13ee9096f2f91a99ff033,4451d65f7831719cb67f99687d2dfb55fb11b6ac3c8ffce41e2fc3750f5aed38,"[54, 0, 399, 640]",0.85400390625,345,640,winesensed:150611659,41,train
/mnt/SSD/workspace/wine/data/WineSensed/chunk_001/output_images/chunk_001/15eqSDBhR3qxXkxm7Slvsg.jpg,winesensed,15eqSDBhR3qxXkxm7Slvsg.jpg,winesensed:150611659,,150611659,a9491ae8285d8d6919224a0b,ok,/mnt/SSD/workspace/wine/data/winesensed_embedding/crops/a9/a9491ae8285d8d6919224a0b.jpg,0ab8ff7010ea240d7148d65905db5df8c27d2cf05db44018a7260533ca22da9a,1fdacda86f7fb4b15f4cf81235f210ee328b9aa7765c976df37990a66a1092bd,"[59, 0, 391, 640]",0.7529296875,332,640,winesensed:150611659,41,train
/mnt/SSD/workspace/wine/data/WineSensed/chunk_001/output_images/chunk_001/002--mMZTImT7VtFVpI-WQ.jpg,winesensed,002--mMZTImT7VtFVpI-WQ.jpg,winesensed:150611659,,150611659,bec4667ca7ccecb853b3f348,ok,/mnt/SSD/workspace/wine/data/winesensed_embedding/crops/be/bec4667ca7ccecb853b3f348.jpg,32fb2830e36ff1e89c26999100818aae3517a94ecd9349d3ae39cea1eccccaff,ee639f5b032388551925ec20070529cba61a3506645f262a08e276cb236b3bbd,"[33, 0, 379, 640]",0.75830078125,346,640,winesensed:150611659,41,train
/mnt/SSD/workspace/wine/data/WineSensed/chunk_001/output_images/chunk_001/18R3XY79Qu2PC0XkK-ad0g.jpg,winesensed,18R3XY79Qu2PC0XkK-ad0g.jpg,winesensed:150611659,,150611659,e29fad205461751b5f9c5a85,ok,/mnt/SSD/workspace/wine/data/winesensed_embedding/crops/e2/e29fad205461751b5f9c5a85.jpg,21c438a6c573a5659510c7d257b79fd25020e1cf59c76b7c4fba8658be16c47c,752350a3d6a84c358c1fae3f6e48b84fde0a49fb1f737362bd585dc5b64003d6,"[58, 0, 377, 578]",0.4921875,319,578,winesensed:150611659,41,train
/mnt/SSD/workspace/wine/data/WineSensed/chunk_001/output_images/chunk_001/-63SA_L0T2eDSydIJyAh-w.jpg,winesensed,-63SA_L0T2eDSydIJyAh-w.jpg,winesensed:150611659,,150611659,f1179a7f6e0968712a1d5c0a,ok,/mnt/SSD/workspace/wine/data/winesensed_embedding/crops/f1/f1179a7f6e0968712a1d5c0a.jpg,2f22bef36217b2802a8c3ff47dc4b457a38ba2a4c7fa03a383fadb9619f113d9,f2302f630cbca50c3372d3a519254fe627a37ec2d5afdd3a48eb294f110699e2,"[59, 0, 358, 640]",0.56298828125,299,640,winesensed:150611659,41,train
/mnt/SSD/workspace/wine/data/WineSensed/chunk_001/output_images/chunk_001/0uAavRf-SByPYq81waKHWg.jpg,winesensed,0uAavRf-SByPYq81waKHWg.jpg,winesensed:150614907,,150614907,05851d8c3c11c04b7f6d622f,ok,/mnt/SSD/workspace/wine/data/winesensed_embedding/crops/05/05851d8c3c11c04b7f6d622f.jpg,e45a44ead9dbbba409f6d4d7847d8c7f3ec5360062287b320b84bfe45e2724cf,691fed0f224dcfa2d6e714ba7fb82df8afaf7ebf8f41c7a2f2fa7da368fd9f19,"[11, 1, 480, 633]",0.42529296875,469,632,winesensed:150614907,42,test
/mnt/SSD/workspace/wine/data/WineSensed/chunk_002/output_images/chunk_002/7wk-vSPdT7a3AWW-OqWUrQ.jpg,winesensed,7wk-vSPdT7a3AWW-OqWUrQ.jpg,winesensed:150614907,,150614907,05ee0243ee65892f76ee1cda,ok,/mnt/SSD/workspace/wine/data/winesensed_embedding/crops/05/05ee0243ee65892f76ee1cda.jpg,fb12ed79e3af04189a08118b3230d5608f02e078c9cb1287d7e21299f54eb7ca,8451827bd7e68179132dba5b48c199376e7806ba08599f5471fd9ebc82232c6f,"[0, 1, 449, 640]",0.5546875,449,639,winesensed:150614907,42,test
/mnt/SSD/workspace/wine/data/WineSensed/chunk_001/output_images/chunk_001/1LrwCWOlQ1ere93eHkPD1w.jpg,winesensed,1LrwCWOlQ1ere93eHkPD1w.jpg,winesensed:150614907,,150614907,1a816bc973a94ae4a63311ec,ok,/mnt/SSD/workspace/wine/data/winesensed_embedding/crops/1a/1a816bc973a94ae4a63311ec.jpg,1d8c6779881491a2bb9a21d6c94d713a8dbeb8621225eb6cc24b10046895bcee,ff81f34e9caf6ac2ee67e20e9399bb539d74f79a41a91df38e25abf4e7e9dc81,"[0, 0, 458, 635]",0.6416015625,458,635,winesensed:150614907,42,test
/mnt/SSD/workspace/wine/data/WineSensed/chunk_002/output_images/chunk_002/AAaSjI0HTOCPGyAI3ztZlA.jpg,winesensed,AAaSjI0HTOCPGyAI3ztZlA.jpg,winesensed:150614907,,150614907,2cdfbf5a6f347216027c4999,ok,/mnt/SSD/workspace/wine/data/winesensed_embedding/crops/2c/2cdfbf5a6f347216027c4999.jpg,6d9a4a1de571c229eb99fefec7d9025b0fd0bb4dad2662aafc3ef76dc3b3632d,db27cd4028e3bbadee33f7da40c540e07158523c24326a4bc9498b8e3abf3d3a,"[63, 0, 402, 578]",0.65478515625,339,578,winesensed:150614907,42,test
/mnt/SSD/workspace/wine/data/WineSensed/chunk_002/output_images/chunk_002/74zRhyqQT8Kn8scOdQLT3g.jpg,winesensed,74zRhyqQT8Kn8scOdQLT3g.jpg,winesensed:150614907,,150614907,2fb5b217c161923d194bd441,ok,/mnt/SSD/workspace/wine/data/winesensed_embedding/crops/2f/2fb5b217c161923d194bd441.jpg,4358f353872afebda1f28bd432ab78cfed8baa412890b33142dc409d2b36b8d8,a04363a8897707abe652c7df1a9970d22018e40545d55d44d3bf15749b21696d,"[7, 5, 452, 638]",0.3779296875,445,633,winesensed:150614907,42,test
/mnt/SSD/workspace/wine/data/WineSensed/chunk_003/output_images/chunk_003/DSOJd2zkQKKrO_OY5fuJMw.jpg,winesensed,DSOJd2zkQKKrO_OY5fuJMw.jpg,winesensed:150614907,,150614907,33db59d4871ea3834b76ff62,ok,/mnt/SSD/workspace/wine/data/winesensed_embedding/crops/33/33db59d4871ea3834b76ff62.jpg,e73e205b274e0934ac7eb9880b5acdcbf48a3195b34f88cc3ad56cab5d53353a,37573c366105678fcfe83c25fd06a2866784d92873b41be070a4793d2e0e9ff1,"[32, 0, 436, 625]",0.440673828125,404,625,winesensed:150614907,42,test
/mnt/SSD/workspace/wine/data/WineSensed/chunk_001/output_images/chunk_001/4sg60sY-R8G8PL2NK_sDCA.jpg,winesensed,4sg60sY-R8G8PL2NK_sDCA.jpg,winesensed:150614907,,150614907,56f18bb429c285097d092156,ok,/mnt/SSD/workspace/wine/data/winesensed_embedding/crops/56/56f18bb429c285097d092156.jpg,a1ff1af32e91755314e56f8c9fc840cfb6f30b68760c6f8fd31585e846088353,35c2c1dd9ad0190700780f8fb0986bc203aa6acfb597e022abb42c848e302932,"[2, 0, 448, 640]",0.26806640625,446,640,winesensed:150614907,42,test
/mnt/SSD/workspace/wine/data/WineSensed/chunk_002/output_images/chunk_002/A8HjW-p7Rein1EEMtv4dmw.jpg,winesensed,A8HjW-p7Rein1EEMtv4dmw.jpg,winesensed:150614907,,150614907,6c95a98eb0cdd3c09d44a3d7,ok,/mnt/SSD/workspace/wine/data/winesensed_embedding/crops/6c/6c95a98eb0cdd3c09d44a3d7.jpg,f346caa83993c01824f5d3211a674d6a922c1e214bd2dcc2563babf8f8221f0c,38cce3e790abb1a3c90d5f8f5b4676e0d5a8a995607bc3f7e73dfc32da529e76,"[5, 0, 456, 621]",0.6298828125,451,621,winesensed:150614907,42,test
/mnt/SSD/workspace/wine/data/WineSensed/chunk_001/output_images/chunk_001/4CBAcZoaQfygwuzhno3XhA.jpg,winesensed,4CBAcZoaQfygwuzhno3XhA.jpg,winesensed:150614907,,150614907,7a548797408021e969119b1a,ok,/mnt/SSD/workspace/wine/data/winesensed_embedding/crops/7a/7a548797408021e969119b1a.jpg,2e02ee9fbed899bf9e350cbbfb6e4882f730a1f4356153af4ed1c88bd5cd69f7,f6a257da84c02a5f00fa8faf069ef23d094a9d410b222ead44a7ec5c9c09219b,"[0, 0, 473, 640]",0.56982421875,473,640,winesensed:150614907,42,test
/mnt/SSD/workspace/wine/data/WineSensed/chunk_001/output_images/chunk_001/1lL-oHuZQEC-zW0Paynpyg.jpg,winesensed,1lL-oHuZQEC-zW0Paynpyg.jpg,winesensed:150614907,,150614907,92829831eaf87aadd95a1a79,ok,/mnt/SSD/workspace/wine/data/winesensed_embedding/crops/92/92829831eaf87aadd95a1a79.jpg,9f5ee9e1281a54685047187dc8bfc94abc0d2ec38cc74f4a87c7d272fff73a20,4e0795e18006903f3740e8bc43242c546d72779a8f0e034799407c3af5f180bf,"[5, 0, 471, 634]",0.5341796875,466,634,winesensed:150614907,42,test
/mnt/SSD/workspace/wine/data/WineSensed/chunk_002/output_images/chunk_002/8cgtR01tTPS2UHzvQZmtOQ.jpg,winesensed,8cgtR01tTPS2UHzvQZmtOQ.jpg,winesensed:150614907,,150614907,a166b48a83996fff02a5e7ec,ok,/mnt/SSD/workspace/wine/data/winesensed_embedding/crops/a1/a166b48a83996fff02a5e7ec.jpg,aef0bb97bfa2f0d2024455437de8c00fc6f1553f4c027080390a7606b3fa931f,3eb0fa875aef81725877aaca9ee7c30905fc0349cc51130427b16b8187f1f591,"[46, 2, 382, 607]",0.91015625,336,605,winesensed:150614907,42,test
/mnt/SSD/workspace/wine/data/WineSensed/chunk_001/output_images/chunk_001/0ScpSWYoQWS0RQ8Qy339Lg.jpg,winesensed,0ScpSWYoQWS0RQ8Qy339Lg.jpg,winesensed:150614907,,150614907,fc5b95f0876e20db8793e950,ok,/mnt/SSD/workspace/wine/data/winesensed_embedding/crops/fc/fc5b95f0876e20db8793e950.jpg,683adad6a94294672c62b7d1475534a2f72742ca32f4aa731b3be7a0c34ae78b,db90412991324f0118ae3e5b1dde47c792fcaa983ad82ee3d00297ebc0f07474,"[58, 1, 376, 593]",0.892578125,318,592,winesensed:150614907,42,test
/mnt/SSD/workspace/wine/data/WineSensed/chunk_001/output_images/chunk_001/-9Ac-hEyQlyeVu5LfZeBMw.jpg,winesensed,-9Ac-hEyQlyeVu5LfZeBMw.jpg,winesensed:150647619,,150647619,3a36684f2503c0b43a479166,ok,/mnt/SSD/workspace/wine/data/winesensed_embedding/crops/3a/3a36684f2503c0b43a479166.jpg,27b36e105b8e384febad088764dfac37531f70c82e760d5d2a7e43f45403190c,3f4d769e7e5978478f1cb4e9699c0e2b02d1786b6d09f450e4550899c3eb836e,"[94, 0, 409, 549]",0.517578125,315,549,winesensed:150647619,43,train
/mnt/SSD/workspace/wine/data/WineSensed/chunk_002/output_images/chunk_002/6DbOY0jCTbK7Sk5Wx1Ol7g.jpg,winesensed,6DbOY0jCTbK7Sk5Wx1Ol7g.jpg,winesensed:150647619,,150647619,3d0abede391b36d843f95f59,ok,/mnt/SSD/workspace/wine/data/winesensed_embedding/crops/3d/3d0abede391b36d843f95f59.jpg,c226d0a968d9dad655b6c2e5b0d56b97a54fc7ec3df028cae419a97deea350d0,41759aafed6e8d3870c54228f6e5593ab4b9ed551b138e9ff7ce37f31bcf7e51,"[4, 0, 425, 573]",0.69091796875,421,573,winesensed:150647619,43,train
/mnt/SSD/workspace/wine/data/WineSensed/chunk_002/output_images/chunk_002/9uSIaLPeTZKIxOKC1k1m7Q.jpg,winesensed,9uSIaLPeTZKIxOKC1k1m7Q.jpg,winesensed:150647619,,150647619,5ce6480faa9830f589241ba9,ok,/mnt/SSD/workspace/wine/data/winesensed_embedding/crops/5c/5ce6480faa9830f589241ba9.jpg,480934ea5710c5cb4d70788516d3891072874a306c955d50a6794dcca46c3b2e,4ab3332a827087893beb0591464fa893e1a953117f85dda244b445622ba8661e,"[87, 0, 358, 631]",0.8916015625,271,631,winesensed:150647619,43,train
/mnt/SSD/workspace/wine/data/WineSensed/chunk_001/output_images/chunk_001/2cp7ytRmR-yINX40pgEZCw.jpg,winesensed,2cp7ytRmR-yINX40pgEZCw.jpg,winesensed:150647619,,150647619,8429f8253827ea04afc25657,ok,/mnt/SSD/workspace/wine/data/winesensed_embedding/crops/84/8429f8253827ea04afc25657.jpg,22910155bacf62d06f0b4863eac3502fc2e2ad93c0ee16c55f41ddab8193fabd,1e40b5691f292eb2139837fa43b790b95dba11d84e83b675ae3c15d224fa1cfb,"[62, 0, 423, 630]",0.356689453125,361,630,winesensed:150647619,43,train
/mnt/SSD/workspace/wine/data/WineSensed/chunk_001/output_images/chunk_001/4pDfKveXQySAmmjojE4zUA.jpg,winesensed,4pDfKveXQySAmmjojE4zUA.jpg,winesensed:150647619,,150647619,89db91280de491e06ae6b441,ok,/mnt/SSD/workspace/wine/data/winesensed_embedding/crops/89/89db91280de491e06ae6b441.jpg,f31ce36aa8284a9df2859d4db13a6aa93c5e9ce0fc37e60174087f57f5a6a267,b9ee9ca18b49cc43c6db2d52eb6f9fb005815001b180ec54fabe4133ce18efc7,"[0, 0, 436, 628]",0.30859375,436,628,winesensed:150647619,43,train
/mnt/SSD/workspace/wine/data/WineSensed/chunk_002/output_images/chunk_002/AhtQT5gET_6TXV-1nk1OsA.jpg,winesensed,AhtQT5gET_6TXV-1nk1OsA.jpg,winesensed:150647619,,150647619,9cc4810368ba79036458474e,ok,/mnt/SSD/workspace/wine/data/winesensed_embedding/crops/9c/9cc4810368ba79036458474e.jpg,bbd1f3dd3af425ee5e3875dd0766e3c2ca502de993fee5978c9161b423ad923e,554ec863d359a0c524e6a13d7e99e1371dc001ba55ad2f3ced708ca04b1fb226,"[100, 0, 405, 634]",0.87646484375,305,634,winesensed:150647619,43,train
/mnt/SSD/workspace/wine/data/WineSensed/chunk_001/output_images/chunk_001/2HFALCJET2O7GDxNFtMMaw.jpg,winesensed,2HFALCJET2O7GDxNFtMMaw.jpg,winesensed:150647619,,150647619,a9cac058db0b021609dd7d03,ok,/mnt/SSD/workspace/wine/data/winesensed_embedding/crops/a9/a9cac058db0b021609dd7d03.jpg,86719fe44b45c9e7244d4411da7cdb46eccd577b865f28b6dd5bf9288837c7c5,a0baac0ab2c237cd3345219b7a3753e432071c6656e7fa07cb9a747391640928,"[408, 0, 480, 640]",0.42626953125,72,640,winesensed:150647619,43,train
/mnt/SSD/workspace/wine/data/WineSensed/chunk_002/output_images/chunk_002/68-SYaDQSPaH5h0AgSL9wg.jpg,winesensed,68-SYaDQSPaH5h0AgSL9wg.jpg,winesensed:150647619,,150647619,af86b46f64c0bf72bd014aef,ok,/mnt/SSD/workspace/wine/data/winesensed_embedding/crops/af/af86b46f64c0bf72bd014aef.jpg,dca50b52c7434b533821483602f6c955d2d9a7a35b943abf269c03552ae3beb7,8b00d70d89d55f5bd2731c48abc2dd19ce8133017e7235e0163b8ca698a4ef3f,"[31, 0, 463, 613]",0.607421875,432,613,winesensed:150647619,43,train
/mnt/SSD/workspace/wine/data/WineSensed/chunk_001/output_images/chunk_001/1FTklhcsRiKwT4mjnjR4Ow.jpg,winesensed,1FTklhcsRiKwT4mjnjR4Ow.jpg,winesensed:150647619,,150647619,ccc05b49525aa7149de0c6ac,ok,/mnt/SSD/workspace/wine/data/winesensed_embedding/crops/cc/ccc05b49525aa7149de0c6ac.jpg,b7ccfd8b4a16672f89dd9e255f04840184b6fed3f74f87ad966a7a2779eb60ad,82e75f3967e596c9975ffeca15ae228792e905754833e172548fe020b51b542f,"[22, 0, 469, 600]",0.501953125,447,600,winesensed:150647619,43,train
/mnt/SSD/workspace/wine/data/WineSensed/chunk_002/output_images/chunk_002/B2HcNfWBTN2c7mim4dgD_w.jpg,winesensed,B2HcNfWBTN2c7mim4dgD_w.jpg,winesensed:150647619,,150647619,cd9933d6bbb0082758116d86,ok,/mnt/SSD/workspace/wine/data/winesensed_embedding/crops/cd/cd9933d6bbb0082758116d86.jpg,ae872b5dd5301ea6744164c4bdf5a1359d2743f70d7eeaf0cf15df9fe8f86aa8,7b259887e03a5ed5edfc9b0b4a9dd4ebac755a0e2c3b610bcff98d2f9ba2770d,"[44, 0, 413, 635]",0.88623046875,369,635,winesensed:150647619,43,train
/mnt/SSD/workspace/wine/data/WineSensed/chunk_001/output_images/chunk_001/3rvRJ0cUR7iSB18clUWcSg.jpg,winesensed,3rvRJ0cUR7iSB18clUWcSg.jpg,winesensed:150647619,,150647619,d11dec71058155b5a27ef25f,ok,/mnt/SSD/workspace/wine/data/winesensed_embedding/crops/d1/d11dec71058155b5a27ef25f.jpg,9be244c651adfed99f19b6abd0551107cbc5d8e1c2c5de33b287e3625bc0ca39,9fb816eeee7520ebcf9d3f17a4b8960f1385e7ce20cd3e7f10d858c2aa89b2f6,"[0, 4, 473, 636]",0.446533203125,473,632,winesensed:150647619,43,train
/mnt/SSD/workspace/wine/data/WineSensed/chunk_001/output_images/chunk_001/0AFWOvswSeWlmA-nuwZ16w.jpg,winesensed,0AFWOvswSeWlmA-nuwZ16w.jpg,winesensed:150647619,,150647619,fe110f6790dabfad6c465131,ok,/mnt/SSD/workspace/wine/data/winesensed_embedding/crops/fe/fe110f6790dabfad6c465131.jpg,c92fd02d90f9774432d328f1e1b7605584fd73e40056184086b8bc04d17e1421,6d862e8f2e976ab24a180fb04d42722d0fdb426344865dd1115d3131633ca693,"[36, 0, 433, 640]",0.767578125,397,640,winesensed:150647619,43,train
/mnt/SSD/workspace/wine/data/WineSensed/chunk_001/output_images/chunk_001/-_nYaMRxSSGsC0Xn4kiIqw.jpg,winesensed,-_nYaMRxSSGsC0Xn4kiIqw.jpg,winesensed:150767472,,150767472,08008018e665011d2c33a622,ok,/mnt/SSD/workspace/wine/data/winesensed_embedding/crops/08/08008018e665011d2c33a622.jpg,d46797b2821b3ba3f769a704feaa41a3a318ffb419f4add4f3e6c7757914ca2b,a459ef6e624ae49cd4b6abd2ebe5876b959f5932557bf6b3b6a2bf3fc0b349f2,"[145, 0, 387, 640]",0.6611328125,242,640,winesensed:150767472,44,train
/mnt/SSD/workspace/wine/data/WineSensed/chunk_002/output_images/chunk_002/73jFovC5RCaM57nZHnz9lQ.jpg,winesensed,73jFovC5RCaM57nZHnz9lQ.jpg,winesensed:150767472,,150767472,0abcdecd07fa43c7581eca8a,ok,/mnt/SSD/workspace/wine/data/winesensed_embedding/crops/0a/0abcdecd07fa43c7581eca8a.jpg,bb365b9aedb631e1ce0dcf5507d3e915df9f8c4a715e9231a58303d164d4c456,bdb32ea269686b0e61a1c8f4a3dffb2e5c8620c851bff2fde21bedc561c086bc,"[146, 0, 357, 558]",0.80078125,211,558,winesensed:150767472,44,train
/mnt/SSD/workspace/wine/data/WineSensed/chunk_001/output_images/chunk_001/3BRD5GIGRNyv3-nXnNZhRg.jpg,winesensed,3BRD5GIGRNyv3-nXnNZhRg.jpg,winesensed:150767472,,150767472,0b9531dafd1b1209a320571a,ok,/mnt/SSD/workspace/wine/data/winesensed_embedding/crops/0b/0b9531dafd1b1209a320571a.jpg,870f5f86265872439a9b409fe4993ff3a56877cb9f8d139502c82c0e9bbde7a4,a84a62916710694388e2c86f77c923c848d40b55d5547bb3f6828eed7841c2dc,"[99, 0, 402, 640]",0.33154296875,303,640,winesensed:150767472,44,train
/mnt/SSD/workspace/wine/data/WineSensed/chunk_002/output_images/chunk_002/5hmxYIIURZm_Jw4Wdb1aiA.jpg,winesensed,5hmxYIIURZm_Jw4Wdb1aiA.jpg,winesensed:150767472,,150767472,0f8a3c1c72d8b01ba2dd9660,ok,/mnt/SSD/workspace/wine/data/winesensed_embedding/crops/0f/0f8a3c1c72d8b01ba2dd9660.jpg,1a5bb6594d79b9d24aa2d75d1e5538fd09edf405ab91959c8dc60c9d05d0190e,2d2872b414db46a7574d32440ad78548d6644b64a08b08ef065e8ce79be5c59e,"[97, 1, 404, 640]",0.458984375,307,639,winesensed:150767472,44,train
/mnt/SSD/workspace/wine/data/WineSensed/chunk_002/output_images/chunk_002/9g4u3DW_Rgu8u1TkFcKMLg.jpg,winesensed,9g4u3DW_Rgu8u1TkFcKMLg.jpg,winesensed:150767472,,150767472,1f03a27b2c61aae90b8a1b18,ok,/mnt/SSD/workspace/wine/data/winesensed_embedding/crops/1f/1f03a27b2c61aae90b8a1b18.jpg,af2922d3cf983845cada563606135622a4034ae08047dca9cd7aa488f14739fd,44680ac390759351463bbe35236713eb50bd99eae5eee3fbfd055e45c18fa837,"[113, 0, 371, 640]",0.84228515625,258,640,winesensed:150767472,44,train
/mnt/SSD/workspace/wine/data/WineSensed/chunk_001/output_images/chunk_001/0bBAaWkFQY66lOvOalqcMQ.jpg,winesensed,0bBAaWkFQY66lOvOalqcMQ.jpg,winesensed:150767472,,150767472,2191bce833e30b22a19d515f,ok,/mnt/SSD/workspace/wine/data/winesensed_embedding/crops/21/2191bce833e30b22a19d515f.jpg,0f427e1f113b9c1e80d065a9f26387fcbb2aa4f44924329cfdb4c38ee29ff46c,47d19310644f106c1805a85270af9d11eab60be0e9b098e7c70cf1b6119883b2,"[112, 0, 398, 640]",0.75,286,640,winesensed:150767472,44,train
/mnt/SSD/workspace/wine/data/WineSensed/chunk_001/output_images/chunk_001/09P7XsMATKCMNoer0sGHmQ.jpg,winesensed,09P7XsMATKCMNoer0sGHmQ.jpg,winesensed:150767472,,150767472,36be4692224289f1fcaa8dc7,ok,/mnt/SSD/workspace/wine/data/winesensed_embedding/crops/36/36be4692224289f1fcaa8dc7.jpg,6ade654d6671a6dbd4481dfb72165c397821a17c046ccdca5bb326953b33bec3,b7d54caee8128bb13f4fb4a7e755baec1addb38f75fb2be07b36243a99c1c519,"[109, 0, 350, 637]",0.42626953125,241,637,winesensed:150767472,44,train
/mnt/SSD/workspace/wine/data/WineSensed/chunk_001/output_images/chunk_001/-8QMoB-WS1y854NNsTry8g.jpg,winesensed,-8QMoB-WS1y854NNsTry8g.jpg,winesensed:150767472,,150767472,42ef2c13820c65cfee58a6fb,ok,/mnt/SSD/workspace/wine/data/winesensed_embedding/crops/42/42ef2c13820c65cfee58a6fb.jpg,76d56a00809f619c38c2952626b166caf86ba1b4afe046f4ab9fd80ede274eef,172b46b971bbcc36a4068b1de60fa6780600fe5ef127a8eaecddcf3ee6f4e43d,"[88, 5, 328, 640]",0.80078125,240,635,winesensed:150767472,44,train
/mnt/SSD/workspace/wine/data/WineSensed/chunk_002/output_images/chunk_002/7ZzF54MzRJSOefiXKciMNA.jpg,winesensed,7ZzF54MzRJSOefiXKciMNA.jpg,winesensed:150767472,,150767472,5fa8a3b527db0c27c45498e4,ok,/mnt/SSD/workspace/wine/data/winesensed_embedding/crops/5f/5fa8a3b527db0c27c45498e4.jpg,4f608958287d01db82f24566689b04b14fa1d3a20a524d91869cecdaad703288,1d49529e91f3ba9eb93b3a82024976ba41e6377630d09966dbe62848957995b8,"[344, 11, 479, 601]",0.26025390625,135,590,winesensed:150767472,44,train
/mnt/SSD/workspace/wine/data/WineSensed/chunk_002/output_images/chunk_002/87HBChhISTCiqr1xmMk1UQ.jpg,winesensed,87HBChhISTCiqr1xmMk1UQ.jpg,winesensed:150767472,,150767472,62afe7e4d1605380ac9c5713,ok,/mnt/SSD/workspace/wine/data/winesensed_embedding/crops/62/62afe7e4d1605380ac9c5713.jpg,5efae49008b2b5e8703e1a90bba0b7cf0c2a06e3791a369c1f1c66033ebbf0b4,5fd86fb7f83779c478f58b0fb947e2ab7b6327069ea5e94cae5e526b431bb82a,"[153, 0, 335, 640]",0.92724609375,182,640,winesensed:150767472,44,train
/mnt/SSD/workspace/wine/data/WineSensed/chunk_001/output_images/chunk_001/0LIRyJ9CSWWRmiTE-bIQHA.jpg,winesensed,0LIRyJ9CSWWRmiTE-bIQHA.jpg,winesensed:150767472,,150767472,c72026728429849c59f714ed,ok,/mnt/SSD/workspace/wine/data/winesensed_embedding/crops/c7/c72026728429849c59f714ed.jpg,304fa9be36b9aa2045cbe54ffeb497b0649a492fead0ca600bdfe0dbbfabe0ef,a10f7a044c302a31fe26ddea971f49c72fa8833179b36c92f0820b5f68f80a54,"[73, 2, 377, 640]",0.67724609375,304,638,winesensed:150767472,44,train
/mnt/SSD/workspace/wine/data/WineSensed/chunk_002/output_images/chunk_002/8DzF5y1dRTOsy5RNXfe0sA.jpg,winesensed,8DzF5y1dRTOsy5RNXfe0sA.jpg,winesensed:150767472,,150767472,d9011cd9169b5381d4974c59,ok,/mnt/SSD/workspace/wine/data/winesensed_embedding/crops/d9/d9011cd9169b5381d4974c59.jpg,eb983fb59be398ed43e7356beec45b8aac3f04ef33f69b7a6ddf6b33dd242257,d17493a6a698329bd1001c48f15237aa73441d5160dd5ab1986bba30679529f2,"[96, 0, 390, 637]",0.5166015625,294,637,winesensed:150767472,44,train
/mnt/SSD/workspace/wine/data/WineSensed/chunk_002/output_images/chunk_002/7qkEZ195T3O45LMFt5X4Iw.jpg,winesensed,7qkEZ195T3O45LMFt5X4Iw.jpg,winesensed:151019780,,151019780,0e14d556ce739d7e9bc25857,ok,/mnt/SSD/workspace/wine/data/winesensed_embedding/crops/0e/0e14d556ce739d7e9bc25857.jpg,4831347b51fd38c3abc54a6ae664eb91d04d8111598acaa573b6f3d244d30436,a98e5c2e5ff68d301071a993bcde4b8c5b828776ea65dd5e7f9c540aa9d241e4,"[86, 0, 437, 640]",0.6748046875,351,640,winesensed:151019780,45,train
/mnt/SSD/workspace/wine/data/WineSensed/chunk_002/output_images/chunk_002/7WL79MvAQamHIZQGyBqF8w.jpg,winesensed,7WL79MvAQamHIZQGyBqF8w.jpg,winesensed:151019780,,151019780,27a177ad010ef4a941dd5453,ok,/mnt/SSD/workspace/wine/data/winesensed_embedding/crops/27/27a177ad010ef4a941dd5453.jpg,f8ea9dccbb9c24ef1c2c6664e8b8031485f2768b739610f00b2a409a015f60d2,8373148f7ac196ea14f34c8b6eb8a4405b693005f27c72b1af5db2aa7521faef,"[106, 1, 372, 640]",0.86376953125,266,639,winesensed:151019780,45,train
/mnt/SSD/workspace/wine/data/WineSensed/chunk_003/output_images/chunk_003/CxBK9WpkTyKxSPdu6tDpdA.jpg,winesensed,CxBK9WpkTyKxSPdu6tDpdA.jpg,winesensed:151019780,,151019780,43cebb32b40ae4410102a998,ok,/mnt/SSD/workspace/wine/data/winesensed_embedding/crops/43/43cebb32b40ae4410102a998.jpg,2527d9c175c39641806e8ecec26af8e3f55eb3867d1e48d51783162243f6cfbb,ad0d78e86626ade7921f0b525bd9faceb62ba77851232dc339fcc7d1c275725a,"[34, 0, 439, 635]",0.446533203125,405,635,winesensed:151019780,45,train
/mnt/SSD/workspace/wine/data/WineSensed/chunk_001/output_images/chunk_001/3P7_tjvtRtmeU6w5xPTuHQ.jpg,winesensed,3P7_tjvtRtmeU6w5xPTuHQ.jpg,winesensed:151019780,,151019780,671c1dc9582f4651862f9da0,ok,/mnt/SSD/workspace/wine/data/winesensed_embedding/crops/67/671c1dc9582f4651862f9da0.jpg,4db5004743f91f980d9b68dd73543e59a9502715db4e7aa265603bd7f3a8afa1,9162ba19061d21f145ddafb3735d7d7ae5b52bbc0d31771d24e2b4cf9c7da5fd,"[30, 0, 473, 632]",0.490234375,443,632,winesensed:151019780,45,train
/mnt/SSD/workspace/wine/data/WineSensed/chunk_003/output_images/chunk_003/DBuKELBGTjuY598pQwcCog.jpg,winesensed,DBuKELBGTjuY598pQwcCog.jpg,winesensed:151019780,,151019780,6afc9bbe30f4b24479e68085,ok,/mnt/SSD/workspace/wine/data/winesensed_embedding/crops/6a/6afc9bbe30f4b24479e68085.jpg,e53254a357347ae903d76605fcf5fc4790874702b296409c97ff1cb444b7ebfe,2977b0bda5e48451545cedfc3d0471bea68fc0f6a8ab47b5ca07e4ee1062e3e1,"[128, 0, 340, 586]",0.92041015625,212,586,winesensed:151019780,45,train
/mnt/SSD/workspace/wine/data/WineSensed/chunk_002/output_images/chunk_002/6NiNuDIjQ7qZPj8_Niudcg.jpg,winesensed,6NiNuDIjQ7qZPj8_Niudcg.jpg,winesensed:151019780,,151019780,6b2add37797c536d4445aaa0,ok,/mnt/SSD/workspace/wine/data/winesensed_embedding/crops/6b/6b2add37797c536d4445aaa0.jpg,a317cc5bc7e239a702bd439cf03fc18d8b6133de26847df7588d77b73c4751a7,205d8864e5d1bc69add80f6b662e3b8eb7b756ca726e6de71774a66cf5774b6c,"[0, 10, 452, 617]",0.3876953125,452,607,winesensed:151019780,45,train
/mnt/SSD/workspace/wine/data/WineSensed/chunk_002/output_images/chunk_002/76J3acRiQLK5sLlhNWtSMw.jpg,winesensed,76J3acRiQLK5sLlhNWtSMw.jpg,winesensed:151019780,,151019780,6b89b7920f70b38f2634036e,ok,/mnt/SSD/workspace/wine/data/winesensed_embedding/crops/6b/6b89b7920f70b38f2634036e.jpg,2a3365ff9fe926d0acd58b87119b1a7e212bd830db4e8f38c445c9de0a668785,c5b9b8567a3e8b48034bddaef71b1e6b8caba5f8d2cde7dd6e7dc70b4f2126af,"[10, 0, 456, 633]",0.63427734375,446,633,winesensed:151019780,45,train
/mnt/SSD/workspace/wine/data/WineSensed/chunk_002/output_images/chunk_002/79WKk69TQLmrarjmWuUtyQ.jpg,winesensed,79WKk69TQLmrarjmWuUtyQ.jpg,winesensed:151019780,,151019780,9282ad89d6ed1d98555fcec4,ok,/mnt/SSD/workspace/wine/data/winesensed_embedding/crops/92/9282ad89d6ed1d98555fcec4.jpg,3d08c1f2bd3404fa75b0fe63d33db2c83d2f46b27294e9f55e169f194ef2f416,55d3c8e6be1bfe016cb1f3fe3f437783557ac38aa3812d6376329058c0579bbd,"[40, 0, 421, 635]",0.81640625,381,635,winesensed:151019780,45,train
/mnt/SSD/workspace/wine/data/WineSensed/chunk_003/output_images/chunk_003/CS2Y_-hnSla7xw7_9eFXwg.jpg,winesensed,CS2Y_-hnSla7xw7_9eFXwg.jpg,winesensed:151019780,,151019780,c1f1962873d3a7536679b09b,ok,/mnt/SSD/workspace/wine/data/winesensed_embedding/crops/c1/c1f1962873d3a7536679b09b.jpg,266215001911cd678255fa795284b5bfd6ff8a1160481798485d91ed397dee65,76a8ff617249463bebd3e082e8be70d7b0f654c4956b8994fc2d50ac09766bf9,"[57, 0, 386, 632]",0.607421875,329,632,winesensed:151019780,45,train
/mnt/SSD/workspace/wine/data/WineSensed/chunk_002/output_images/chunk_002/B_I-dPzwQRiyadK2HQAX8A.jpg,winesensed,B_I-dPzwQRiyadK2HQAX8A.jpg,winesensed:151019780,,151019780,c84be45cfde4a725df7c783f,ok,/mnt/SSD/workspace/wine/data/winesensed_embedding/crops/c8/c84be45cfde4a725df7c783f.jpg,a488f05b9d32c164e8b058bd1be9b446ab11150015f869cfb88a8c117075e993,43ad01f8d603021cdae14b2e7146e9dfb2629ad59590106ad1f26d769ab23344,"[0, 2, 450, 614]",0.322509765625,450,612,winesensed:151019780,45,train
/mnt/SSD/workspace/wine/data/WineSensed/chunk_002/output_images/chunk_002/71aCl7IiSEGwoPRaU7TQWw.jpg,winesensed,71aCl7IiSEGwoPRaU7TQWw.jpg,winesensed:151019780,,151019780,d04cac0b87504583e96b561f,ok,/mnt/SSD/workspace/wine/data/winesensed_embedding/crops/d0/d04cac0b87504583e96b561f.jpg,53dd5e78cfe6c35b2822e08b7a89fba69e0746e5954658531ecb5fb415e16203,6a20f70bb1c1a8ce36679e745126c75c93e47daf6f3c619df75afc7edb50475f,"[50, 0, 418, 634]",0.5361328125,368,634,winesensed:151019780,45,train
/mnt/SSD/workspace/wine/data/WineSensed/chunk_002/output_images/chunk_002/87aGoRXGSyCqYpm5Flb08w.jpg,winesensed,87aGoRXGSyCqYpm5Flb08w.jpg,winesensed:151019780,,151019780,dc2aeb96778a91fa32b9ef52,ok,/mnt/SSD/workspace/wine/data/winesensed_embedding/crops/dc/dc2aeb96778a91fa32b9ef52.jpg,cd84cee02c1bae4cc86e7a3ce27eb773e69875292a9317e03a663cd4396d1caa,ab994082cf205fd950faa8ec4992269e189b00b9d01d6fde5cacffa71aa82f6a,"[87, 4, 354, 640]",0.352294921875,267,636,winesensed:151019780,45,train
/mnt/SSD/workspace/wine/data/WineSensed/chunk_001/output_images/chunk_001/39MdXDwAS2OAUN7MXxL2ig.jpg,winesensed,39MdXDwAS2OAUN7MXxL2ig.jpg,winesensed:151190509,,151190509,0505f6ef4ceaf97c5096d0da,ok,/mnt/SSD/workspace/wine/data/winesensed_embedding/crops/05/0505f6ef4ceaf97c5096d0da.jpg,d18c33efd63f8d8bbb4692f4eaf45e37b6c4c44d2381a5778626df39954f0c17,3c09bb5cec57a8374c69d816d46ec0cf47812cd4210533173e7606a94686a9cb,"[76, 0, 369, 636]",0.446533203125,293,636,winesensed:151190509,46,train
/mnt/SSD/workspace/wine/data/WineSensed/chunk_001/output_images/chunk_001/0JN13QgJQi-VlX2PfDt_zg.jpg,winesensed,0JN13QgJQi-VlX2PfDt_zg.jpg,winesensed:151190509,,151190509,2c120aee3fe36dae58a90543,ok,/mnt/SSD/workspace/wine/data/winesensed_embedding/crops/2c/2c120aee3fe36dae58a90543.jpg,8033c218baa75ba7b70dbf8bc23fc9c8408c3a42df99ecdd1e9bbbd47be09efe,c8037f43a7bfd8f9edefa66beb19b849388218fec9cc771a7b2e4ce92c4263a3,"[0, 0, 431, 640]",0.367431640625,431,640,winesensed:151190509,46,train
/mnt/SSD/workspace/wine/data/WineSensed/chunk_001/output_images/chunk_001/4Jh87w1YS92T-oJX5sBE0w.jpg,winesensed,4Jh87w1YS92T-oJX5sBE0w.jpg,winesensed:151190509,,151190509,3a795d3b175e75724ee3f64d,ok,/mnt/SSD/workspace/wine/data/winesensed_embedding/crops/3a/3a795d3b175e75724ee3f64d.jpg,c4433e473bb83b643b84c621e477382314963225ce42ba806f8d82ee418cad41,9f55df8861cb0e9f8d2b91e4791e4dde8f611374062bfa122307165b9da9db61,"[111, 2, 363, 640]",0.374267578125,252,638,winesensed:151190509,46,train
/mnt/SSD/workspace/wine/data/WineSensed/chunk_001/output_images/chunk_001/19VRhJh3TwWR4CrWR97Qjw.jpg,winesensed,19VRhJh3TwWR4CrWR97Qjw.jpg,winesensed:151190509,,151190509,45dd49f1179bf0eb56f28957,ok,/mnt/SSD/workspace/wine/data/winesensed_embedding/crops/45/45dd49f1179bf0eb56f28957.jpg,bb4199b81b72eafc2e2064e5b480973b4f8608fc4fba99d0f3b61751642a227e,085cd61fb797f2f12b1d59d6b1cc3d6c9ca8dab847efbcc4f089fcbedf34531b,"[85, 0, 347, 640]",0.259033203125,262,640,winesensed:151190509,46,train
/mnt/SSD/workspace/wine/data/WineSensed/chunk_001/output_images/chunk_001/0-CStJLyTO2CsQpD-BwKUw.jpg,winesensed,0-CStJLyTO2CsQpD-BwKUw.jpg,winesensed:151190509,,151190509,5f723b58b0add04bfa389ee6,ok,/mnt/SSD/workspace/wine/data/winesensed_embedding/crops/5f/5f723b58b0add04bfa389ee6.jpg,b23f4535584a70dbc63fff7504d7c14e7e17451646fad478b6c3dc749c182747,5e40fb78737179c98bd88ab8269cd6b04ebd272deb962ebb448e7fa24a0646ea,"[37, 4, 401, 637]",0.28369140625,364,633,winesensed:151190509,46,train
/mnt/SSD/workspace/wine/data/WineSensed/chunk_001/output_images/chunk_001/3XVBQKSMQX-yRmz-gFeUnw.jpg,winesensed,3XVBQKSMQX-yRmz-gFeUnw.jpg,winesensed:151190509,,151190509,66670aa22bfd5ad114a61e14,ok,/mnt/SSD/workspace/wine/data/winesensed_embedding/crops/66/66670aa22bfd5ad114a61e14.jpg,2ec762cd868e1dea2e2a6ab7a86e5b1a733edb13b9739a4ca53dcbd35ac83b9d,2e1e18a730bb777993f00aec7bedc067bc94991e3dfa74058cac81c6a8751472,"[137, 1, 424, 635]",0.56005859375,287,634,winesensed:151190509,46,train
/mnt/SSD/workspace/wine/data/WineSensed/chunk_001/output_images/chunk_001/-Cga4gAVRiakVnCxUC5vHQ.jpg,winesensed,-Cga4gAVRiakVnCxUC5vHQ.jpg,winesensed:151190509,,151190509,7a92aa0fccc3ba5874429b94,ok,/mnt/SSD/workspace/wine/data/winesensed_embedding/crops/7a/7a92aa0fccc3ba5874429b94.jpg,2ae88bc177492a7d10f20df342357fc653aa28592174f67298c69e095cbbed65,c11531d8a7111dcf59a9081276583690f4f6d937a8f0d8bee195753fda0a5b5d,"[0, 0, 462, 631]",0.2802734375,462,631,winesensed:151190509,46,train
/mnt/SSD/workspace/wine/data/WineSensed/chunk_001/output_images/chunk_001/-pT5J4ieSdSh4YNzWEZhqQ.jpg,winesensed,-pT5J4ieSdSh4YNzWEZhqQ.jpg,winesensed:151190509,,151190509,7bac1232fca69864fa3c8992,ok,/mnt/SSD/workspace/wine/data/winesensed_embedding/crops/7b/7bac1232fca69864fa3c8992.jpg,272c6082ae462fc539ecc99500c46a243ad2d09ab86eb751e9369b08385dd6d8,37ae3ffb5ab2c66883a2daa67b33bf774290b5ed418c3598cfcddec6eaf20cae,"[0, 14, 380, 632]",0.41015625,380,618,winesensed:151190509,46,train
/mnt/SSD/workspace/wine/data/WineSensed/chunk_001/output_images/chunk_001/2hRcBaSKTvKijO8tvHNgKg.jpg,winesensed,2hRcBaSKTvKijO8tvHNgKg.jpg,winesensed:151190509,,151190509,87354a1c184df699ffeacf47,ok,/mnt/SSD/workspace/wine/data/winesensed_embedding/crops/87/87354a1c184df699ffeacf47.jpg,0993b95d25e20773754d5cd227d95812b2c564c68c9134fd5bdfe9c79bbf706a,4ea0e24bd138e36ca0a615c133dcbb82de44b70451cb6cd3caea31a48018cd08,"[24, 0, 387, 626]",0.271240234375,363,626,winesensed:151190509,46,train
/mnt/SSD/workspace/wine/data/WineSensed/chunk_001/output_images/chunk_001/-YZX39kgT92ryfMepQFa3w.jpg,winesensed,-YZX39kgT92ryfMepQFa3w.jpg,winesensed:151190509,,151190509,9e758deed8a3db6478bee0cf,ok,/mnt/SSD/workspace/wine/data/winesensed_embedding/crops/9e/9e758deed8a3db6478bee0cf.jpg,453daa8040d891bbbe10ac246f906385710cdac32c0cc633a6d800e3b89c2f06,1aa7b0db6e0dc89ce70f90a613c657912082fd6ca8b39593f060ac0995fb9cab,"[142, 0, 375, 640]",0.406494140625,233,640,winesensed:151190509,46,train
/mnt/SSD/workspace/wine/data/WineSensed/chunk_001/output_images/chunk_001/3iSnZpawRbiflkbc-xpb8w.jpg,winesensed,3iSnZpawRbiflkbc-xpb8w.jpg,winesensed:151190509,,151190509,c086104c845d1677f4aa1c8d,ok,/mnt/SSD/workspace/wine/data/winesensed_embedding/crops/c0/c086104c845d1677f4aa1c8d.jpg,105f1b9de4808f809dabc5b22ee913ee1f185d770b1d313dd5e8dc1e53f5077c,ad5ea9c862dcc85d69f695ed855b5689d50d575617860d7c25a9671ab8568ded,"[53, 0, 373, 633]",0.5166015625,320,633,winesensed:151190509,46,train
/mnt/SSD/workspace/wine/data/WineSensed/chunk_001/output_images/chunk_001/2LPAsSiFQ_u3RILQoykotg.jpg,winesensed,2LPAsSiFQ_u3RILQoykotg.jpg,winesensed:151190509,,151190509,fdd2df5683b2fe6c56e5095f,ok,/mnt/SSD/workspace/wine/data/winesensed_embedding/crops/fd/fdd2df5683b2fe6c56e5095f.jpg,14582d0d33490ec23d66ef6d7218238246eb39de5ca70c148376524e0fa56962,8d8175558ca00f92a586d6d1ccf314e35e89405e29858a5430a9471669fa5714,"[29, 0, 402, 640]",0.438720703125,373,640,winesensed:151190509,46,train
/mnt/SSD/workspace/wine/data/WineSensed/chunk_001/output_images/chunk_001/5HCBEHm_QAeZAY-3jWCWKQ.jpg,winesensed,5HCBEHm_QAeZAY-3jWCWKQ.jpg,winesensed:152134005,,152134005,21d88411bb114f188a6f8190,ok,/mnt/SSD/workspace/wine/data/winesensed_embedding/crops/21/21d88411bb114f188a6f8190.jpg,481564163fac7e83ad52f4c51e300faf8e6b64afd9c4cea8c08d857888bd0801,03273c083e0a0851244040e9c588176a4e5707f5961213d173e05812f68bb044,"[10, 0, 472, 623]",0.7177734375,462,623,winesensed:152134005,47,train
/mnt/SSD/workspace/wine/data/WineSensed/chunk_001/output_images/chunk_001/0eOBbj0eTheNOd50VdfwOw.jpg,winesensed,0eOBbj0eTheNOd50VdfwOw.jpg,winesensed:152134005,,152134005,3120adb3a5964598b1829893,ok,/mnt/SSD/workspace/wine/data/winesensed_embedding/crops/31/3120adb3a5964598b1829893.jpg,27f2627fb28686eae596f14b5f9771777225181d2cb6f1943c15ede115233c85,d796277ddf3e5c1dd132fc19e140c8f97e9fb979272ead35486f35108293790e,"[30, 0, 386, 622]",0.393798828125,356,622,winesensed:152134005,47,train
/mnt/SSD/workspace/wine/data/WineSensed/chunk_002/output_images/chunk_002/6tTo2kG7S8OYmWCPOc-yxA.jpg,winesensed,6tTo2kG7S8OYmWCPOc-yxA.jpg,winesensed:152134005,,152134005,3190294d6f6e215799cc80df,ok,/mnt/SSD/workspace/wine/data/winesensed_embedding/crops/31/3190294d6f6e215799cc80df.jpg,abdcd3684134b1839eb896d0109713b64ad454d8977de6f90e44eb03c2081c98,eb2cf06108fed0a1f46ce73a1dc2f8372ea4eca78d6aabc5b06c030706900806,"[40, 0, 425, 599]",0.64404296875,385,599,winesensed:152134005,47,train
/mnt/SSD/workspace/wine/data/WineSensed/chunk_002/output_images/chunk_002/5rB0lzbaQZCBXdh2I2ESKg.jpg,winesensed,5rB0lzbaQZCBXdh2I2ESKg.jpg,winesensed:152134005,,152134005,427d921a1096d8def4c9480b,ok,/mnt/SSD/workspace/wine/data/winesensed_embedding/crops/42/427d921a1096d8def4c9480b.jpg,7ccb92eafde507bb342a9c7e1fdf9f7ffb87c1588b47e98a9060bb94c24bcc0f,e62c961209dd0be9a3b748646b2490728b2344f49efb63ed1cdf1b18b04e1f41,"[49, 0, 424, 640]",0.64599609375,375,640,winesensed:152134005,47,train
/mnt/SSD/workspace/wine/data/WineSensed/chunk_001/output_images/chunk_001/0GYVv4QDQ5qKHOFyPjZMDQ.jpg,winesensed,0GYVv4QDQ5qKHOFyPjZMDQ.jpg,winesensed:152134005,,152134005,79ba04409cb66082f27322ec,ok,/mnt/SSD/workspace/wine/data/winesensed_embedding/crops/79/79ba04409cb66082f27322ec.jpg,d5f20b250a6162352e8d7f3e9d63d721c59bfc7ff4d6bfc0e6e3f15212e24788,4570c8b7451d1d9f62ac28152003b21cfb39d8dea2400629bdc8d32adedf4a74,"[42, 5, 399, 633]",0.365234375,357,628,winesensed:152134005,47,train
/mnt/SSD/workspace/wine/data/WineSensed/chunk_001/output_images/chunk_001/2nZ3KSixSeutzsE5lw9Ycw.jpg,winesensed,2nZ3KSixSeutzsE5lw9Ycw.jpg,winesensed:152134005,,152134005,90bf31101b49397ed1dcd54b,ok,/mnt/SSD/workspace/wine/data/winesensed_embedding/crops/90/90bf31101b49397ed1dcd54b.jpg,aea15fd2097dd8cbda23a269b2b650de01bb7d6f5eb542f701801b277b6f8094,7cae73838dabd3c9c9ccb06851c5fae12a777d53069b9457585f5b60fb0bc4a8,"[64, 1, 401, 632]",0.267822265625,337,631,winesensed:152134005,47,train
/mnt/SSD/workspace/wine/data/WineSensed/chunk_002/output_images/chunk_002/7NZINz8HSaWLkXzHSmGXQQ.jpg,winesensed,7NZINz8HSaWLkXzHSmGXQQ.jpg,winesensed:152134005,,152134005,9b83179911238537ae500489,ok,/mnt/SSD/workspace/wine/data/winesensed_embedding/crops/9b/9b83179911238537ae500489.jpg,bcdca57ceace882422036508dda327ca38048866855e0d45e5039f5924737ae7,ad2e21ad384433e0c6e444bde8081829575aff88ba472629b778ef662fcf4663,"[64, 0, 374, 633]",0.350341796875,310,633,winesensed:152134005,47,train
/mnt/SSD/workspace/wine/data/WineSensed/chunk_001/output_images/chunk_001/0y2xp_yWSuqD35QSxZcQSg.jpg,winesensed,0y2xp_yWSuqD35QSxZcQSg.jpg,winesensed:152134005,,152134005,acdf4f2d4214726d98725a2a,ok,/mnt/SSD/workspace/wine/data/winesensed_embedding/crops/ac/acdf4f2d4214726d98725a2a.jpg,78e37f5f942c5ca08cd7f85e03bbd06b5d7136ecc24f3773e448377165f2b3f8,d2c31e38424f7306e6bd802a89f5d6178db820f6e4b0619f2a430133fc0674c5,"[47, 0, 396, 640]",0.810546875,349,640,winesensed:152134005,47,train
/mnt/SSD/workspace/wine/data/WineSensed/chunk_001/output_images/chunk_001/17I1yu3oRdaP6H5pIJW16g.jpg,winesensed,17I1yu3oRdaP6H5pIJW16g.jpg,winesensed:152134005,,152134005,b17396f2b94e4afc4661fd83,ok,/mnt/SSD/workspace/wine/data/winesensed_embedding/crops/b1/b17396f2b94e4afc4661fd83.jpg,b35f8a0efa10b68733762fa4e03fc52a33b68d01dfe6bde4a4404ccbb376fc99,219dffba245a6ccaa9857e06cb40e96dc26e23c456f6784e50ca2b0d186cd9d4,"[79, 0, 397, 640]",0.6513671875,318,640,winesensed:152134005,47,train
/mnt/SSD/workspace/wine/data/WineSensed/chunk_001/output_images/chunk_001/5-cA_qTiTHWWtvnQINmckw.jpg,winesensed,5-cA_qTiTHWWtvnQINmckw.jpg,winesensed:152134005,,152134005,c2c587514c55ac4179a082f6,ok,/mnt/SSD/workspace/wine/data/winesensed_embedding/crops/c2/c2c587514c55ac4179a082f6.jpg,2e406de8a46ec8a2a19a08d9ab934ad1248e8ee9d62edd6752bcffa665e581ed,198f53dfbd0af00f00b5a563a977d7ad07348a74f5a22d6b1675932c41b646f1,"[61, 0, 370, 639]",0.88525390625,309,639,winesensed:152134005,47,train
/mnt/SSD/workspace/wine/data/WineSensed/chunk_001/output_images/chunk_001/2Ya5j0YUTqWeAKOoKkgtMA.jpg,winesensed,2Ya5j0YUTqWeAKOoKkgtMA.jpg,winesensed:152134005,,152134005,e1612f0ef38702b2dac3cb0b,ok,/mnt/SSD/workspace/wine/data/winesensed_embedding/crops/e1/e1612f0ef38702b2dac3cb0b.jpg,f8574962f29b37e9eb9cc75b469e69d69a43f9e3a3a4320190edf6a8576e94a2,2da86cf3c204db1fb48701735b311383e196c3cd87855ced25338593b502feae,"[26, 0, 452, 637]",0.796875,426,637,winesensed:152134005,47,train
/mnt/SSD/workspace/wine/data/WineSensed/chunk_002/output_images/chunk_002/6AHXXDsqQzGI9tS9IcthLg.jpg,winesensed,6AHXXDsqQzGI9tS9IcthLg.jpg,winesensed:152134005,,152134005,eeceb15dc1648653a99a782d,ok,/mnt/SSD/workspace/wine/data/winesensed_embedding/crops/ee/eeceb15dc1648653a99a782d.jpg,933b0c6d04d15c206cc0c8693027a0802ce14a714fc7387e4dd2c3f4ddc4ca90,a0f992ee839fe669f7ff42d10965d6935cd761f2e75f0c810df5512a36e2f223,"[29, 0, 427, 640]",0.74853515625,398,640,winesensed:152134005,47,train
/mnt/SSD/workspace/wine/data/WineSensed/chunk_001/output_images/chunk_001/32FjMKSZSo2paEVzthN87Q.jpg,winesensed,32FjMKSZSo2paEVzthN87Q.jpg,winesensed:152256019,,152256019,02484839cf0a4325d85d7612,ok,/mnt/SSD/workspace/wine/data/winesensed_embedding/crops/02/02484839cf0a4325d85d7612.jpg,74fbc879f847a5e4b071f5708c06a6da837e499c8a45d71028afd49aab32adf4,212f41e117b7e67dcfdb898e2c373f278149968c4c5a77b55f6948919be53920,"[36, 0, 450, 636]",0.4638671875,414,636,winesensed:152256019,48,train
/mnt/SSD/workspace/wine/data/WineSensed/chunk_003/output_images/chunk_003/E0Z9xzBITMeBJI_MaA6OHg.jpg,winesensed,E0Z9xzBITMeBJI_MaA6OHg.jpg,winesensed:152256019,,152256019,2d3d411f542dddb0f3e3fc53,ok,/mnt/SSD/workspace/wine/data/winesensed_embedding/crops/2d/2d3d411f542dddb0f3e3fc53.jpg,a7192dd0b75ab91aa757f25025ec4fdbfd62a9a21f3c40d6ac8be263e7c52c4f,0951439d8295d8bd392fb54d52e0a082580dc24899be26713fccf02e6c4cb114,"[51, 13, 410, 638]",0.658203125,359,625,winesensed:152256019,48,train
/mnt/SSD/workspace/wine/data/WineSensed/chunk_001/output_images/chunk_001/-YS2VWNHQWWQ7QfY1E32Zg.jpg,winesensed,-YS2VWNHQWWQ7QfY1E32Zg.jpg,winesensed:152256019,,152256019,40d390b546e911da76b2a0c1,ok,/mnt/SSD/workspace/wine/data/winesensed_embedding/crops/40/40d390b546e911da76b2a0c1.jpg,418f85919ff6b223ae33b267a4145a5d2d54904a49b801b1db0d58c706f2c2ca,c14f908d66caec315f00733f3af740cde1471635dcedcbb493521a541413d6a7,"[67, 4, 430, 640]",0.256103515625,363,636,winesensed:152256019,48,train
/mnt/SSD/workspace/wine/data/WineSensed/chunk_002/output_images/chunk_002/B_owxPR1QBGQQdTtJ2eqKw.jpg,winesensed,B_owxPR1QBGQQdTtJ2eqKw.jpg,winesensed:152256019,,152256019,585adc4d0608a927ba0c59fe,ok,/mnt/SSD/workspace/wine/data/winesensed_embedding/crops/58/585adc4d0608a927ba0c59fe.jpg,1968dec30f63b30c1fcedc02ceb05da0be602df7645764335e4f35dc200145c5,682deec31b901031fddf8e8d5d934b1a0d9b6dd25cff502c71b7dcb14a57e0dc,"[102, 0, 376, 640]",0.7529296875,274,640,winesensed:152256019,48,train
/mnt/SSD/workspace/wine/data/WineSensed/chunk_003/output_images/chunk_003/CtQUWIRVQxeLaGpnuUcnIg.jpg,winesensed,CtQUWIRVQxeLaGpnuUcnIg.jpg,winesensed:152256019,,152256019,9be7334bb30c423160957cdc,ok,/mnt/SSD/workspace/wine/data/winesensed_embedding/crops/9b/9be7334bb30c423160957cdc.jpg,a70b8be8f7cfab244ab76d972b26299dab8c902192668d65a8d8db82a23cf151,894bec97972c0d4bac9d2c2dbe2662ff757185ca703863110224b0a5229589ba,"[46, 0, 444, 640]",0.76708984375,398,640,winesensed:152256019,48,train
/mnt/SSD/workspace/wine/data/WineSensed/chunk_002/output_images/chunk_002/9lXmeQJcRWaRZAdpPEo7sw.jpg,winesensed,9lXmeQJcRWaRZAdpPEo7sw.jpg,winesensed:152256019,,152256019,aa99198c077c5b4993dc81d3,ok,/mnt/SSD/workspace/wine/data/winesensed_embedding/crops/aa/aa99198c077c5b4993dc81d3.jpg,bc143c04df110d3f6ef316fa3b72a607db2f0a038ab8df31ef579f4657fedc95,674c1ce33a90a10a007c0bbb35d9476d217506455340b8eacdb1311e00fd7b55,"[93, 0, 412, 637]",0.72021484375,319,637,winesensed:152256019,48,train
/mnt/SSD/workspace/wine/data/WineSensed/chunk_001/output_images/chunk_001/0evJuSHJS56h-zBmK_aZ-Q.jpg,winesensed,0evJuSHJS56h-zBmK_aZ-Q.jpg,winesensed:152256019,,152256019,b21cc698b31503e3584d43c5,ok,/mnt/SSD/workspace/wine/data/winesensed_embedding/crops/b2/b21cc698b31503e3584d43c5.jpg,2a8830eddf462b4f61e470923115299bc449b827b8c4a58040a149ad132256cb,1419a2499c41bceb62afff201855b0ce0dec2e96f1c0f4738038654e4b0227ad,"[70, 0, 417, 637]",0.438720703125,347,637,winesensed:152256019,48,train
/mnt/SSD/workspace/wine/data/WineSensed/chunk_001/output_images/chunk_001/4DWoqEi6QwWKbhKFq62tEQ.jpg,winesensed,4DWoqEi6QwWKbhKFq62tEQ.jpg,winesensed:152256019,,152256019,bf4fcdf0748aea40d2d8d779,ok,/mnt/SSD/workspace/wine/data/winesensed_embedding/crops/bf/bf4fcdf0748aea40d2d8d779.jpg,62d3e8ed76b7dd703ad27e02691e8ec8ee8b2e07a75ae3e88fd48c2c819f9506,b3c363e7a818037c306b63069e9365ab041b9445dbb9ee96bcee820d049f3c8b,"[38, 0, 429, 638]",0.5322265625,391,638,winesensed:152256019,48,train
/mnt/SSD/workspace/wine/data/WineSensed/chunk_002/output_images/chunk_002/Al-TUvg5Ra-DU1lBsH2iOQ.jpg,winesensed,Al-TUvg5Ra-DU1lBsH2iOQ.jpg,winesensed:152256019,,152256019,dbb6aa9b3029857ef8074532,ok,/mnt/SSD/workspace/wine/data/winesensed_embedding/crops/db/dbb6aa9b3029857ef8074532.jpg,42f618dc8df64e673f0a805a10312a01bd9001546567f5d7c1131861cedc833b,ee4dacf57ce470a4ceaa061db17e0987e5d60befe630e75aecdecc2ce6f306b2,"[104, 0, 400, 638]",0.62255859375,296,638,winesensed:152256019,48,train
/mnt/SSD/workspace/wine/data/WineSensed/chunk_002/output_images/chunk_002/B9RaXrolSOOI5xOonC_8gQ.jpg,winesensed,B9RaXrolSOOI5xOonC_8gQ.jpg,winesensed:152256019,,152256019,de930fda5f9077ecc43da75a,ok,/mnt/SSD/workspace/wine/data/winesensed_embedding/crops/de/de930fda5f9077ecc43da75a.jpg,bd292375c8e77daa6d23d4986dd97824898df1bafd3c41ce6d22199cb0f7192b,9e12982c43f8a51ec35ba59062f9a5ec6f37c0e3c24b8c534c4b7a1c3d2bcfa5,"[75, 0, 368, 640]",0.80908203125,293,640,winesensed:152256019,48,train
/mnt/SSD/workspace/wine/data/WineSensed/chunk_001/output_images/chunk_001/4s99dL72Tv-FMR4jLSctyA.jpg,winesensed,4s99dL72Tv-FMR4jLSctyA.jpg,winesensed:152256019,,152256019,ec6c2de768b30ada0ea76a58,ok,/mnt/SSD/workspace/wine/data/winesensed_embedding/crops/ec/ec6c2de768b30ada0ea76a58.jpg,f1c48ced2f7c2aef73b4b3848d735c504a4bb57a356276c011601358d123516e,808d0f4f82b158b266ff9f0c7042d4ca34e6c3de90be8a4a804a28dffbf943b0,"[51, 0, 428, 640]",0.63720703125,377,640,winesensed:152256019,48,train
/mnt/SSD/workspace/wine/data/WineSensed/chunk_001/output_images/chunk_001/0q7hf4LoSR-ABT1dB5jh6Q.jpg,winesensed,0q7hf4LoSR-ABT1dB5jh6Q.jpg,winesensed:152256019,,152256019,fe981f2c05de91c08ac654ed,ok,/mnt/SSD/workspace/wine/data/winesensed_embedding/crops/fe/fe981f2c05de91c08ac654ed.jpg,0db921aceaa339916e17c79fd1ab18936b837bf93b900e315426556081cbb579,f869375be96549dd571d8097468cbf162e5b4658f99d57b2a51d338870f789cf,"[89, 1, 382, 627]",0.75830078125,293,626,winesensed:152256019,48,train
/mnt/SSD/workspace/wine/data/WineSensed/chunk_002/output_images/chunk_002/84HOq-RASPSlhSvms-h0Eg.jpg,winesensed,84HOq-RASPSlhSvms-h0Eg.jpg,winesensed:154691142,,154691142,083a5f04726c156a2e55d89c,ok,/mnt/SSD/workspace/wine/data/winesensed_embedding/crops/08/083a5f04726c156a2e55d89c.jpg,e38d6b22adcfb07f734aa8d202958ae7e4284f3ec59e00ff84274a6e99961221,94226fc54961949b0a0a5ba0474c0a33af8f2615156cda45132061528600ecd2,"[85, 1, 368, 637]",0.437744140625,283,636,winesensed:154691142,49,train
/mnt/SSD/workspace/wine/data/WineSensed/chunk_001/output_images/chunk_001/3aMn0_nOT5GzqtjhZfSNXg.jpg,winesensed,3aMn0_nOT5GzqtjhZfSNXg.jpg,winesensed:154691142,,154691142,0f85922fbb9af2c4403caaf6,ok,/mnt/SSD/workspace/wine/data/winesensed_embedding/crops/0f/0f85922fbb9af2c4403caaf6.jpg,0f54b9fd9057c99e1afbc18a8aeef98a1b948dc143c76e177fc37616dd6b696a,6b9178184e55dbe0044172c82ad5061d9c71413db5cbfb6c8c306f347ebcb13c,"[122, 4, 405, 628]",0.67333984375,283,624,winesensed:154691142,49,train
/mnt/SSD/workspace/wine/data/WineSensed/chunk_001/output_images/chunk_001/3uXk-AzwRVKvwCVWbmFakw.jpg,winesensed,3uXk-AzwRVKvwCVWbmFakw.jpg,winesensed:154691142,,154691142,26e3ce57c028cd52bf03b9fe,ok,/mnt/SSD/workspace/wine/data/winesensed_embedding/crops/26/26e3ce57c028cd52bf03b9fe.jpg,b9640b1663d7dc46e98c5cbccd0b1a10cfc1ff21b9971210d7c5b1cf9f3cc79f,205d1deab6606f71a51f5b144916985ec833d6d897d88569b0c7e8b18962a1b1,"[57, 15, 400, 630]",0.42529296875,343,615,winesensed:154691142,49,train
/mnt/SSD/workspace/wine/data/WineSensed/chunk_001/output_images/chunk_001/539k1vcITcmn8qhFKgg9LQ.jpg,winesensed,539k1vcITcmn8qhFKgg9LQ.jpg,winesensed:154691142,,154691142,2a76ed66deca02a7be21d262,ok,/mnt/SSD/workspace/wine/data/winesensed_embedding/crops/2a/2a76ed66deca02a7be21d262.jpg,51ed4f54f729ec0635ed20683146f0b5ab7b4632d698a26296dfcba63b90857b,537164af75939c5bfa8c5e952df0a4f9ca83b1d17caca4d3c62b9a37583bb08a,"[97, 0, 429, 640]",0.8037109375,332,640,winesensed:154691142,49,train
/mnt/SSD/workspace/wine/data/WineSensed/chunk_002/output_images/chunk_002/7hq7tmFeTimFMYNUamCDwQ.jpg,winesensed,7hq7tmFeTimFMYNUamCDwQ.jpg,winesensed:154691142,,154691142,3c7a4e77ff35ead1e354663a,ok,/mnt/SSD/workspace/wine/data/winesensed_embedding/crops/3c/3c7a4e77ff35ead1e354663a.jpg,be4dea3248b9d99d4f0a66aed8ebf105e2b96fa36f27dd67b1f40b187394a0cb,3d099525fcdcd32e97dc1f76825020671e3bd4cf233e52a53cf952c65d5f329d,"[58, 0, 404, 640]",0.65576171875,346,640,winesensed:154691142,49,train
/mnt/SSD/workspace/wine/data/WineSensed/chunk_002/output_images/chunk_002/86M3V_uyQVeIZ13c3TRELA.jpg,winesensed,86M3V_uyQVeIZ13c3TRELA.jpg,winesensed:154691142,,154691142,4b6fdacd0097073db4c2a5bd,ok,/mnt/SSD/workspace/wine/data/winesensed_embedding/crops/4b/4b6fdacd0097073db4c2a5bd.jpg,116cdf7922f5619be38d8c1f0369becdc9dd7ef318462acaa8daa459f7d49b6d,bb0a1173be4572a0fc4af8b52d0ea1c011af9df26e566bc8011a9a9506367084,"[125, 0, 366, 638]",0.5302734375,241,638,winesensed:154691142,49,train
/mnt/SSD/workspace/wine/data/WineSensed/chunk_001/output_images/chunk_001/1ToBRiSQQnykR99XLSpnbA.jpg,winesensed,1ToBRiSQQnykR99XLSpnbA.jpg,winesensed:154691142,,154691142,795055d79179cea319bea42d,ok,/mnt/SSD/workspace/wine/data/winesensed_embedding/crops/79/795055d79179cea319bea42d.jpg,f800dc6f7442a0c53d466cbd4ff3887b33d2dc9da7401ee01dd1779ed21ed20e,320d2a388c7ae1952483e35e08e6b038643c74fda33065d84aac676fc041d0e8,"[70, 0, 369, 640]",0.60693359375,299,640,winesensed:154691142,49,train
/mnt/SSD/workspace/wine/data/WineSensed/chunk_001/output_images/chunk_001/217Ztsf6TkmL4SUexF_oRA.jpg,winesensed,217Ztsf6TkmL4SUexF_oRA.jpg,winesensed:154691142,,154691142,7e03d3dd6b3e9f28cd9f9d8a,ok,/mnt/SSD/workspace/wine/data/winesensed_embedding/crops/7e/7e03d3dd6b3e9f28cd9f9d8a.jpg,14a02c67b66fd549b931039017b9e7334bd55242d6c045d6159439da1a1f1651,f43232ad285b500a4bf50edb8d2baa24f8db8c48f2fd3ee3c2de8417a42cb80a,"[47, 0, 403, 639]",0.60595703125,356,639,winesensed:154691142,49,train
/mnt/SSD/workspace/wine/data/WineSensed/chunk_001/output_images/chunk_001/1CYzMtv6SHa2khCdxGI_Gg.jpg,winesensed,1CYzMtv6SHa2khCdxGI_Gg.jpg,winesensed:154691142,,154691142,a4623d09da109095caaee866,ok,/mnt/SSD/workspace/wine/data/winesensed_embedding/crops/a4/a4623d09da109095caaee866.jpg,bedc4905ee59b0968347147eb166e9ee0d506d180c66510ad371fc4863c986c6,abd2ae3e0868c5941369654e06a627ce6cdd4ac59cddf55e72146a4bfbf4908c,"[77, 0, 370, 640]",0.80322265625,293,640,winesensed:154691142,49,train
/mnt/SSD/workspace/wine/data/WineSensed/chunk_002/output_images/chunk_002/5U0yZk00TvOonXVxxnAAuw.jpg,winesensed,5U0yZk00TvOonXVxxnAAuw.jpg,winesensed:154691142,,154691142,b5855b3007776190a442cf14,ok,/mnt/SSD/workspace/wine/data/winesensed_embedding/crops/b5/b5855b3007776190a442cf14.jpg,7d3f18f5cda0c4f5252333e03d8caba8ed1c081aa010f24c434b1bf5e35dbb0d,58d73dda0b7936ea4f72ce80d9d636e5a60efc5da4f2e21c80922b9f29250512,"[28, 12, 437, 623]",0.28857421875,409,611,winesensed:154691142,49,train
/mnt/SSD/workspace/wine/data/WineSensed/chunk_002/output_images/chunk_002/6K-ukmt-TUGeMrOyZtRDBg.jpg,winesensed,6K-ukmt-TUGeMrOyZtRDBg.jpg,winesensed:154691142,,154691142,c5d707f796ba9651352fea79,ok,/mnt/SSD/workspace/wine/data/winesensed_embedding/crops/c5/c5d707f796ba9651352fea79.jpg,4b1d44b3d8ed086eb79e4c84cd76e73f67fee0a9e12ff14fbd212111b6e156f4,4b7a32099f5cf6616d3b322406cdb72be81153acddbd3dfbeacabf7ea4d81860,"[94, 0, 395, 640]",0.650390625,301,640,winesensed:154691142,49,train
/mnt/SSD/workspace/wine/data/WineSensed/chunk_002/output_images/chunk_002/8jhcxFuGREedOW133A2r6A.jpg,winesensed,8jhcxFuGREedOW133A2r6A.jpg,winesensed:154691142,,154691142,f3aad9615f4c0c01671cbab3,ok,/mnt/SSD/workspace/wine/data/winesensed_embedding/crops/f3/f3aad9615f4c0c01671cbab3.jpg,15015c3bb25941706e75fa2ad2eb9fa164d129e0bdd4ec868fdedb0902e4d845,77f99de7c62be5afee03aeba26f91982756eeffc635232347b7d419c9d5a31a2,"[28, 18, 417, 629]",0.27978515625,389,611,winesensed:154691142,49,train
/mnt/SSD/workspace/wine/data/WineSensed/chunk_001/output_images/chunk_001/-vK-v8sNSpGwVMz6BQuHlg.jpg,winesensed,-vK-v8sNSpGwVMz6BQuHlg.jpg,winesensed:15518330,,15518330,122be121c92e5ea8a6c40b05,ok,/mnt/SSD/workspace/wine/data/winesensed_embedding/crops/12/122be121c92e5ea8a6c40b05.jpg,27c1be8799e07ce1d42b6f3ac66962c03f0bdbc12824c89c40c4e01892fab8ef,7ab6dde870ae5851e3661730038d22e667182aab3ecd6c5fcb6cd23b52e922ea,"[44, 0, 422, 640]",0.5537109375,378,640,winesensed:15518330,50,test
/mnt/SSD/workspace/wine/data/WineSensed/chunk_001/output_images/chunk_001/-vt83uCLQdSda8KgdEWDHw.jpg,winesensed,-vt83uCLQdSda8KgdEWDHw.jpg,winesensed:15518330,,15518330,6d7d47e5e120128628260822,ok,/mnt/SSD/workspace/wine/data/winesensed_embedding/crops/6d/6d7d47e5e120128628260822.jpg,4b2aac99c8252515805650b3be6c01f60dea439cd03b33ab168f0d88e2e7c76f,03f54bffce7c8a53b31591b8ca48494f8841eea3cfb3a9ab5e27c4032801db1d,"[33, 0, 426, 640]",0.4697265625,393,640,winesensed:15518330,50,test
/mnt/SSD/workspace/wine/data/WineSensed/chunk_001/output_images/chunk_001/3A2B3OD4SGWD2fU-D5ZSsA.jpg,winesensed,3A2B3OD4SGWD2fU-D5ZSsA.jpg,winesensed:15518330,,15518330,7410802f7fc9be6b27558e55,ok,/mnt/SSD/workspace/wine/data/winesensed_embedding/crops/74/7410802f7fc9be6b27558e55.jpg,5c67a12ade2849976d77c7bb38aec60c508bacc8baeb2f745b1aa3e0e4639915,ea19be10764e50464dc51b63eb7bdca0cc931d0be9a1a55a8c590599fd7fcf83,"[21, 0, 465, 640]",0.6669921875,444,640,winesensed:15518330,50,test
/mnt/SSD/workspace/wine/data/WineSensed/chunk_001/output_images/chunk_001/0y2O1LgvTYOCgcYSR3-KiQ.jpg,winesensed,0y2O1LgvTYOCgcYSR3-KiQ.jpg,winesensed:15518330,,15518330,74e9fb8478af2f3a69a8fab3,ok,/mnt/SSD/workspace/wine/data/winesensed_embedding/crops/74/74e9fb8478af2f3a69a8fab3.jpg,68dffbf8c7bcb53b6f7d39824562334f63d6f234bb02d259999e7073a90f37e1,3b150081419a6ef6e21064babbdbefd37dca5ddb78e474e8974c46d79a3de6be,"[22, 0, 480, 640]",0.669921875,458,640,winesensed:15518330,50,test
/mnt/SSD/workspace/wine/data/WineSensed/chunk_001/output_images/chunk_001/3Axbgf1aQX2KRc-X8PEpmQ.jpg,winesensed,3Axbgf1aQX2KRc-X8PEpmQ.jpg,winesensed:15518330,,15518330,87cf9a3b2c29aaabab0672f9,ok,/mnt/SSD/workspace/wine/data/winesensed_embedding/crops/87/87cf9a3b2c29aaabab0672f9.jpg,fb9f016dbdba8be80ce674cc7dc3c90faef90636fc8b5d298757985ff2d6a6ec,920367969923d0dca682a584324406acc301c0d6e8a72b341d135eb9dcb87bc8,"[84, 2, 433, 640]",0.35791015625,349,638,winesensed:15518330,50,test
/mnt/SSD/workspace/wine/data/WineSensed/chunk_001/output_images/chunk_001/17wA0_f-Rs2j-uRg-l99aQ.jpg,winesensed,17wA0_f-Rs2j-uRg-l99aQ.jpg,winesensed:15518330,,15518330,a0966f7d57daedcb3a183598,ok,/mnt/SSD/workspace/wine/data/winesensed_embedding/crops/a0/a0966f7d57daedcb3a183598.jpg,105e53e9ff4f2dbc6cdf34b751ef636f15f1fd016cafde96b46a1327cd85dd42,7f1c0f08458c1001e975d653cc5015a3cd53c7445ece7476296b00c096fa616f,"[40, 0, 429, 640]",0.6123046875,389,640,winesensed:15518330,50,test
/mnt/SSD/workspace/wine/data/WineSensed/chunk_001/output_images/chunk_001/2eEhpi7bQn2XpPKq8JPzlg.jpg,winesensed,2eEhpi7bQn2XpPKq8JPzlg.jpg,winesensed:15518330,,15518330,c75949552cf317908f29b1dd,ok,/mnt/SSD/workspace/wine/data/winesensed_embedding/crops/c7/c75949552cf317908f29b1dd.jpg,a601586635616b5050d28766bdc7d3af6bd49659b84b124da1d026f0d27af807,267b5ccb0646f7f73f620ac1a761ff264e099b1a265ad1d550c3e321858df09c,"[27, 0, 465, 640]",0.6826171875,438,640,winesensed:15518330,50,test
/mnt/SSD/workspace/wine/data/WineSensed/chunk_001/output_images/chunk_001/10jt8QZ1Tr22Mt196cJYsQ.jpg,winesensed,10jt8QZ1Tr22Mt196cJYsQ.jpg,winesensed:15518330,,15518330,d8d465d0226ca548057c8720,ok,/mnt/SSD/workspace/wine/data/winesensed_embedding/crops/d8/d8d465d0226ca548057c8720.jpg,819b639461962ab195e9016f291faefe4d7bd9960914abd083827305e1a07334,6c41d999923f8097b4632c621e0d58db3a7fcb6c54549706d37192a503143ec5,"[0, 1, 465, 632]",0.55908203125,465,631,winesensed:15518330,50,test
/mnt/SSD/workspace/wine/data/WineSensed/chunk_001/output_images/chunk_001/-uCahgjkQqSxLw0mnKHHFg.jpg,winesensed,-uCahgjkQqSxLw0mnKHHFg.jpg,winesensed:15518330,,15518330,e114b4d9b195d69f1292e504,ok,/mnt/SSD/workspace/wine/data/winesensed_embedding/crops/e1/e114b4d9b195d69f1292e504.jpg,651a5cffbd9c0ee76466d86a07aeae7dd6ae3abff9fe48e01a9225609d45b4f4,ff176772d92f50e8642c2865c30c01899e1defe0731dc73cf25a74003b9961f6,"[85, 0, 398, 640]",0.74755859375,313,640,winesensed:15518330,50,test
/mnt/SSD/workspace/wine/data/WineSensed/chunk_001/output_images/chunk_001/-py3peU-RBa1co6l8VHkzg.jpg,winesensed,-py3peU-RBa1co6l8VHkzg.jpg,winesensed:15518330,,15518330,ec192e573a298b9c3ecafca5,ok,/mnt/SSD/workspace/wine/data/winesensed_embedding/crops/ec/ec192e573a298b9c3ecafca5.jpg,d58c8712c57edcc7d96dcf55c36e07b9cb38038c4f91889378400de6c93a8843,ac9c88df1bce673bd12aecc8824027172ebda987083e6628c0bac692c9c0576f,"[48, 0, 479, 640]",0.63623046875,431,640,winesensed:15518330,50,test
/mnt/SSD/workspace/wine/data/WineSensed/chunk_001/output_images/chunk_001/0qH6ueB1QeyTT7QDTj0Peg.jpg,winesensed,0qH6ueB1QeyTT7QDTj0Peg.jpg,winesensed:15518330,,15518330,f7d3cbc169be8df8072be458,ok,/mnt/SSD/workspace/wine/data/winesensed_embedding/crops/f7/f7d3cbc169be8df8072be458.jpg,11bb6243f4f3f005bc268540d5346c0c2b94c0d8f2a32ed767e892b8077b8cc0,809c50d55307758f473c00333f621dad1913605fcfd88403bd87c4224ff2dea9,"[24, 0, 480, 633]",0.4833984375,456,633,winesensed:15518330,50,test
/mnt/SSD/workspace/wine/data/WineSensed/chunk_001/output_images/chunk_001/0qS_jHd7RtyNQ-HUhAdmjQ.jpg,winesensed,0qS_jHd7RtyNQ-HUhAdmjQ.jpg,winesensed:15518330,,15518330,fbeebcaaf0ff5f0f5ced2832,ok,/mnt/SSD/workspace/wine/data/winesensed_embedding/crops/fb/fbeebcaaf0ff5f0f5ced2832.jpg,e7685fe4d8f6de2739a0d6ee61bf3d9ab6ccf41526c57a640309aeca0b871636,9015acfa86bda5b2d568b539d0f1959c7bb96b7db7082ce7389d60f5d5823e64,"[45, 0, 429, 639]",0.546875,384,639,winesensed:15518330,50,test
/mnt/SSD/workspace/wine/data/WineSensed/chunk_001/output_images/chunk_001/03UZrc1yROanLyMGnQdENw.jpg,winesensed,03UZrc1yROanLyMGnQdENw.jpg,winesensed:155329069,,155329069,813c0d9cf1b959528c2e3e31,ok,/mnt/SSD/workspace/wine/data/winesensed_embedding/crops/81/813c0d9cf1b959528c2e3e31.jpg,431b76f28e58e59eef349baccd5c4c261e8d81bd807ab2dff73f9059f940df2f,c89bbca879b38ab1c4826d0263ef2845041a1404ec8d93e2a8a5f0514b7d2550,"[81, 0, 398, 640]",0.458984375,317,640,winesensed:155329069,51,train
/mnt/SSD/workspace/wine/data/WineSensed/chunk_002/output_images/chunk_002/99BXue1sQpmHGDXJ5kV3sw.jpg,winesensed,99BXue1sQpmHGDXJ5kV3sw.jpg,winesensed:155329069,,155329069,991ec12f43fb7aa917be676f,ok,/mnt/SSD/workspace/wine/data/winesensed_embedding/crops/99/991ec12f43fb7aa917be676f.jpg,faa27a36f420c42c72c7a71c98a90b8ac41f070344436f231dd2fa8a8dc23302,ff537b74e99cea477cfec734d1b3fab449f0b307109a3c8cb6f539d4404a833c,"[88, 16, 350, 640]",0.309326171875,262,624,winesensed:155329069,51,train
/mnt/SSD/workspace/wine/data/WineSensed/chunk_001/output_images/chunk_001/3I3V9KtzQD-7FmMOa1zdEQ.jpg,winesensed,3I3V9KtzQD-7FmMOa1zdEQ.jpg,winesensed:155329069,,155329069,a3e44e42a881c8145027c52f,ok,/mnt/SSD/workspace/wine/data/winesensed_embedding/crops/a3/a3e44e42a881c8145027c52f.jpg,2d58ad77c57da8b681e6d154f08f92ed5d5c6c29ad3524ebb108216f6b851c6a,ad7f824b331e05dd3beb98239ed7b83cffdffdcf8ff233ef9915d4b99eaebcf3,"[65, 0, 401, 634]",0.28173828125,336,634,winesensed:155329069,51,train
/mnt/SSD/workspace/wine/data/WineSensed/chunk_001/output_images/chunk_001/1wT-LXAcToq8oMOQFpu5ew.jpg,winesensed,1wT-LXAcToq8oMOQFpu5ew.jpg,winesensed:155329069,,155329069,ad30c396af7103e8e07b568f,ok,/mnt/SSD/workspace/wine/data/winesensed_embedding/crops/ad/ad30c396af7103e8e07b568f.jpg,4c54face7135d9e12768f668087b0264f4d0d6d05d00b5deac7baca5e1b78ede,92602d756e587a9dad84c7ab1ab35b6e2506fa46472000d3fb95dab714f8a5f5,"[98, 0, 396, 640]",0.69921875,298,640,winesensed:155329069,51,train
/mnt/SSD/workspace/wine/data/WineSensed/chunk_002/output_images/chunk_002/AY3zdtE_SLqGIA3iuGyO4g.jpg,winesensed,AY3zdtE_SLqGIA3iuGyO4g.jpg,winesensed:155329069,,155329069,af28c39158187e5f0a039ffc,ok,/mnt/SSD/workspace/wine/data/winesensed_embedding/crops/af/af28c39158187e5f0a039ffc.jpg,1f90ac4d6b87ecfcd66fb0b55e19875a923b952d05b26412e0708f5a0484578e,dac4311b61db2709f55d72625d8c820b20de239c7ec8f087cb39b9b2158f48ce,"[0, 0, 424, 601]",0.368896484375,424,601,winesensed:155329069,51,train
/mnt/SSD/workspace/wine/data/WineSensed/chunk_002/output_images/chunk_002/6r9TFQ7JTvmqGtd3VeGyAw.jpg,winesensed,6r9TFQ7JTvmqGtd3VeGyAw.jpg,winesensed:155329069,,155329069,b6612fb6b3d7e3bce317eedd,ok,/mnt/SSD/workspace/wine/data/winesensed_embedding/crops/b6/b6612fb6b3d7e3bce317eedd.jpg,fb888c4dea3a0c114deff29cbf07eecdc8a4c5e9efa20d1a10d61546c4c7e06e,dda4dcd454eb4f39211f3d3cdce1a0c0a4774adad27912a88fee406efbdb5c78,"[122, 1, 398, 640]",0.57763671875,276,639,winesensed:155329069,51,train
/mnt/SSD/workspace/wine/data/WineSensed/chunk_001/output_images/chunk_001/-8WOXqHnRfeyrpcAK45svA.jpg,winesensed,-8WOXqHnRfeyrpcAK45svA.jpg,winesensed:155329069,,155329069,bcf4ea51d38a2c624f1dada4,ok,/mnt/SSD/workspace/wine/data/winesensed_embedding/crops/bc/bcf4ea51d38a2c624f1dada4.jpg,c4b546b9b6b10d66e53ad564454d1ad46b384f78165d0d8b76217b1a1fb0016d,d217d32fc45b7ea28b48d65b2eb97659025b630738a168e8040a9a2c1bef0358,"[67, 0, 352, 640]",0.63720703125,285,640,winesensed:155329069,51,train
/mnt/SSD/workspace/wine/data/WineSensed/chunk_001/output_images/chunk_001/3dPFF600TH2b0rpCyMwNsA.jpg,winesensed,3dPFF600TH2b0rpCyMwNsA.jpg,winesensed:155329069,,155329069,c6ff3e02262bd09c203c1d92,ok,/mnt/SSD/workspace/wine/data/winesensed_embedding/crops/c6/c6ff3e02262bd09c203c1d92.jpg,4c7eebd9484c5633837c750bc659f2bbd4c0ffaf93cb44db824ec112dd71c37e,014b664b02505ff7c93bb6453f04a9e5a787df8b764cb93ff459053e8d156199,"[104, 0, 389, 640]",0.301513671875,285,640,winesensed:155329069,51,train
/mnt/SSD/workspace/wine/data/WineSensed/chunk_003/output_images/chunk_003/DPwa2rnMQGagMdy2vTzeIQ.jpg,winesensed,DPwa2rnMQGagMdy2vTzeIQ.jpg,winesensed:155329069,,155329069,ccecc7366b68c675264bbd9f,ok,/mnt/SSD/workspace/wine/data/winesensed_embedding/crops/cc/ccecc7366b68c675264bbd9f.jpg,43c6dead06dbb110f9ace35e7c7394dfb0bc94111cd1809bc45f29dcdae67235,1073cc73fdecb54a5a0b2833582c01ccf8479084c66ccc087cb7e39bbc1cfb6d,"[107, 2, 398, 640]",0.421630859375,291,638,winesensed:155329069,51,train
/mnt/SSD/workspace/wine/data/WineSensed/chunk_002/output_images/chunk_002/62QFsATTT-GWJOTmd9fTUA.jpg,winesensed,62QFsATTT-GWJOTmd9fTUA.jpg,winesensed:155329069,,155329069,d5f9b5a9d18576d908a5793f,ok,/mnt/SSD/workspace/wine/data/winesensed_embedding/crops/d5/d5f9b5a9d18576d908a5793f.jpg,5b79e9e8cf192a77b90815d86cf1b03389d936e69271f32786625d4035011e9e,aac4c331973f1f232d96c29255fd324040692fe94e0adbf4e57d7a421786e2ca,"[75, 0, 321, 639]",0.318359375,246,639,winesensed:155329069,51,train
/mnt/SSD/workspace/wine/data/WineSensed/chunk_002/output_images/chunk_002/ApgmRUBPQbiz6q4vRkYCgg.jpg,winesensed,ApgmRUBPQbiz6q4vRkYCgg.jpg,winesensed:155329069,,155329069,de7d723d879711012dd1e83f,ok,/mnt/SSD/workspace/wine/data/winesensed_embedding/crops/de/de7d723d879711012dd1e83f.jpg,8f5754dddb438ed1905571e615b3318493e5c7dcf53fc23778f5d6e023bc044f,1b8cc69a125b9ebe461dae1177c04898d8d3e11950b148d54aecc61ef1ba2292,"[56, 0, 379, 634]",0.26708984375,323,634,winesensed:155329069,51,train
/mnt/SSD/workspace/wine/data/WineSensed/chunk_001/output_images/chunk_001/0oY4LMbpQmqrLMpY0H0XqQ.jpg,winesensed,0oY4LMbpQmqrLMpY0H0XqQ.jpg,winesensed:155329069,,155329069,ecc46b203bc458768b498cfb,ok,/mnt/SSD/workspace/wine/data/winesensed_embedding/crops/ec/ecc46b203bc458768b498cfb.jpg,e569b09ac7a64a97bf838d7860bea34207475fb0b516410a19e79d7eadfca46f,eeab73a04dd0a0a5caec580429f6fb49b475ca7fd19d46b3ae182638a4d890bf,"[91, 0, 412, 640]",0.4765625,321,640,winesensed:155329069,51,train
/mnt/SSD/workspace/wine/data/WineSensed/chunk_001/output_images/chunk_001/-rFpaWvZTbCg1pkLY3XbkA.jpg,winesensed,-rFpaWvZTbCg1pkLY3XbkA.jpg,winesensed:156098313,,156098313,4722695622d0839724db4b12,ok,/mnt/SSD/workspace/wine/data/winesensed_embedding/crops/47/4722695622d0839724db4b12.jpg,a78d547947a819c0e23c58326d74911519bf290ab9c9e02fab187b55887353b4,c0215f1b82cf023607c68f6d9d5b9dc7a3803aab16d8643f445a6e029ecfc326,"[32, 0, 446, 636]",0.289794921875,414,636,winesensed:156098313,52,train
/mnt/SSD/workspace/wine/data/WineSensed/chunk_001/output_images/chunk_001/1bN_vLhhQSKWeCSFkEQibw.jpg,winesensed,1bN_vLhhQSKWeCSFkEQibw.jpg,winesensed:156098313,,156098313,683b705059c643410683762b,ok,/mnt/SSD/workspace/wine/data/winesensed_embedding/crops/68/683b705059c643410683762b.jpg,355bef98967811c3a4c972c6c1b61404fe9341b6d7676e8f305d84b3739d3124,29e354c038451bd21cfe68bc6aa0e3b5e916acda80e5385c6e69e6da2482a245,"[112, 6, 376, 639]",0.264404296875,264,633,winesensed:156098313,52,train
/mnt/SSD/workspace/wine/data/WineSensed/chunk_001/output_images/chunk_001/1PBkkndyTeu9zMvnoL-L8g.jpg,winesensed,1PBkkndyTeu9zMvnoL-L8g.jpg,winesensed:156098313,,156098313,6d46285770c548c355a46204,ok,/mnt/SSD/workspace/wine/data/winesensed_embedding/crops/6d/6d46285770c548c355a46204.jpg,19cc584cb28bb392cf30c96b7fbed3e85c4e787c1a8b8728f4fbbace86e835b8,1fd92e2e4a7bb5e3616a04a7c8313b5e2b06ed645be17f0a3c378a2dc24c4aa3,"[0, 14, 389, 623]",0.2861328125,389,609,winesensed:156098313,52,train
/mnt/SSD/workspace/wine/data/WineSensed/chunk_001/output_images/chunk_001/0idYUSVWSfGlmUa_SPuPJQ.jpg,winesensed,0idYUSVWSfGlmUa_SPuPJQ.jpg,winesensed:156098313,,156098313,7110083ac964bcec44582dbb,ok,/mnt/SSD/workspace/wine/data/winesensed_embedding/crops/71/7110083ac964bcec44582dbb.jpg,fac507c8ead1af2063a9767c855274cc811f4c52f298b358d60724047b1ded15,fcbfd13e67630de2f59f9a4d41e1f6359d6634e312dc83e925eb8a2635f6503f,"[113, 0, 378, 640]",0.64404296875,265,640,winesensed:156098313,52,train
/mnt/SSD/workspace/wine/data/WineSensed/chunk_001/output_images/chunk_001/1JKhRhVXTcK2OpOCw9ejSg.jpg,winesensed,1JKhRhVXTcK2OpOCw9ejSg.jpg,winesensed:156098313,,156098313,7344f30db08b6e27152a06e2,ok,/mnt/SSD/workspace/wine/data/winesensed_embedding/crops/73/7344f30db08b6e27152a06e2.jpg,7398e243399962adc678232fb7e89e595d69d0a34dcb532f324b9fb3c28b5b40,8712e03358b2f78a4a9d7da4baf63e156934c0bb2cc374900e5edb83cf2bb17c,"[0, 0, 102, 634]",0.5537109375,102,634,winesensed:156098313,52,train
/mnt/SSD/workspace/wine/data/WineSensed/chunk_001/output_images/chunk_001/0sGxB4yfQwGFy-do4Jy3kQ.jpg,winesensed,0sGxB4yfQwGFy-do4Jy3kQ.jpg,winesensed:156098313,,156098313,8da6f6fc529cce836b5606c9,ok,/mnt/SSD/workspace/wine/data/winesensed_embedding/crops/8d/8da6f6fc529cce836b5606c9.jpg,8612f2a701083a03b6dc7a9cf7e4392686a50eaae7c99c9666ef1c5d5107f679,f0bf6be5ba49b8334fcbcf894f4e3e537dbfe662bd0a1b5c9a8f2c57d4d722c8,"[91, 1, 376, 640]",0.4853515625,285,639,winesensed:156098313,52,train
/mnt/SSD/workspace/wine/data/WineSensed/chunk_001/output_images/chunk_001/-iolPaJZQSuFQKs4lRGSeA.jpg,winesensed,-iolPaJZQSuFQKs4lRGSeA.jpg,winesensed:156098313,,156098313,a648e464cbbf837d34963680,ok,/mnt/SSD/workspace/wine/data/winesensed_embedding/crops/a6/a648e464cbbf837d34963680.jpg,5b8708bcf9e5d5c05db6564c8c10c2f8c361faa8f82769c9a377929a9cc67af8,fbd3f615973fd7d9c8f8096760c9fe57cab093813659217d72e1651174849f5b,"[44, 0, 419, 637]",0.43408203125,375,637,winesensed:156098313,52,train
/mnt/SSD/workspace/wine/data/WineSensed/chunk_001/output_images/chunk_001/-glw2Z5fSO6w59CrjzW84g.jpg,winesensed,-glw2Z5fSO6w59CrjzW84g.jpg,winesensed:156098313,,156098313,aad26469536e174491007a70,ok,/mnt/SSD/workspace/wine/data/winesensed_embedding/crops/aa/aad26469536e174491007a70.jpg,6cc3483389735d45b2dcf26559ab37c3fa02dc763f80f8c7795c7ff361b79f7d,dbb6c54a114dd772f4b435ac619f320acb1cb5289aafecade0ce51738efc8749,"[75, 18, 378, 629]",0.415771484375,303,611,winesensed:156098313,52,train
/mnt/SSD/workspace/wine/data/WineSensed/chunk_001/output_images/chunk_001/1eAqpeAgSaSztVdYa3GtRQ.jpg,winesensed,1eAqpeAgSaSztVdYa3GtRQ.jpg,winesensed:156098313,,156098313,b3be0d23dfad7728e2949a6e,ok,/mnt/SSD/workspace/wine/data/winesensed_embedding/crops/b3/b3be0d23dfad7728e2949a6e.jpg,69083a7e082248993da9076017b74f82156db8a9631823dd1bd11f6029b89e68,4202b1f5062c5e38315d6200c33482ba5dd166aacd1aeed2494ffc7eaee4a79e,"[44, 1, 366, 638]",0.436767578125,322,637,winesensed:156098313,52,train
/mnt/SSD/workspace/wine/data/WineSensed/chunk_001/output_images/chunk_001/-_jt_FJ1SXWjk387VcbAAg.jpg,winesensed,-_jt_FJ1SXWjk387VcbAAg.jpg,winesensed:156098313,,156098313,b82a4c313d3e073ab75be12b,ok,/mnt/SSD/workspace/wine/data/winesensed_embedding/crops/b8/b82a4c313d3e073ab75be12b.jpg,a31a78ecc93aace8f2fc50ebc6e2d22f9d719a3317028a13ed01a5a0f92233e4,de0405312bc2f2f6a6c1a115d14aed6fcf564fa060618d795edeec4d91c148ae,"[41, 15, 340, 634]",0.4775390625,299,619,winesensed:156098313,52,train
/mnt/SSD/workspace/wine/data/WineSensed/chunk_001/output_images/chunk_001/1TAGbSDiRz62nK5gZQ0BTA.jpg,winesensed,1TAGbSDiRz62nK5gZQ0BTA.jpg,winesensed:156098313,,156098313,d9c33c4c2ed1cd8ccb81e378,ok,/mnt/SSD/workspace/wine/data/winesensed_embedding/crops/d9/d9c33c4c2ed1cd8ccb81e378.jpg,ec5bf35ecd62540ccd72d45159b419c15f80991d6289130f1d98e5a1697368c2,89845088e4bbfd7c8bbf928845ec9936391c0a40211c6e43085f30f3867cd4c7,"[35, 0, 423, 640]",0.369873046875,388,640,winesensed:156098313,52,train
/mnt/SSD/workspace/wine/data/WineSensed/chunk_001/output_images/chunk_001/-UotiOOxQJSEpeEQh2764Q.jpg,winesensed,-UotiOOxQJSEpeEQh2764Q.jpg,winesensed:156098313,,156098313,f588f9995c88f671b52883a6,ok,/mnt/SSD/workspace/wine/data/winesensed_embedding/crops/f5/f588f9995c88f671b52883a6.jpg,2607a6c29b23e1378ed99ce1c510bb284b6b33a4ba2abb6616514251326e99fc,3bbe78a923c56c48afdc7eb828c22ecf544e0e5906fb29ba455377d765d13ed3,"[73, 0, 377, 632]",0.389892578125,304,632,winesensed:156098313,52,train
/mnt/SSD/workspace/wine/data/WineSensed/chunk_001/output_images/chunk_001/1RMrJzEZR4i8bqucOGTDog.jpg,winesensed,1RMrJzEZR4i8bqucOGTDog.jpg,winesensed:156155057,,156155057,0b99c59730f351c29cdcb065,ok,/mnt/SSD/workspace/wine/data/winesensed_embedding/crops/0b/0b99c59730f351c29cdcb065.jpg,d4947ba9c5b766eeb97176fb89813c914ee9c71461e6dbea57ae47c9a6e59204,0316e6407f7eb8cd7b2c8dc4d5b72986f94ebfc13eb625449834967c36277174,"[88, 0, 383, 627]",0.393310546875,295,627,winesensed:156155057,53,train
/mnt/SSD/workspace/wine/data/WineSensed/chunk_001/output_images/chunk_001/0XiQm_pAStintRsEIc59vQ.jpg,winesensed,0XiQm_pAStintRsEIc59vQ.jpg,winesensed:156155057,,156155057,1ad7e28aa5d641b0357b5101,ok,/mnt/SSD/workspace/wine/data/winesensed_embedding/crops/1a/1ad7e28aa5d641b0357b5101.jpg,ebf84dbbc1da76ee0b4695a61cd86f28c8ee397787419683de5223025d850718,3be4f24275c84aada276ecc702d22175e41ff98c2f80d5a72fb6cb37130eb4c0,"[19, 2, 438, 639]",0.26513671875,419,637,winesensed:156155057,53,train
/mnt/SSD/workspace/wine/data/WineSensed/chunk_002/output_images/chunk_002/8IQjyp2WQo6x0nkjarreUg.jpg,winesensed,8IQjyp2WQo6x0nkjarreUg.jpg,winesensed:156155057,,156155057,1b76932ddd4779dbcfdd2afb,ok,/mnt/SSD/workspace/wine/data/winesensed_embedding/crops/1b/1b76932ddd4779dbcfdd2afb.jpg,be73a08201fed2a9451a92fff843532013bf457df30f62509c072c68327d0fce,31e2a278fabd554ee0f92258c4f982957981e40cba046ce8f44255e5f9e9e75a,"[21, 0, 421, 635]",0.7431640625,400,635,winesensed:156155057,53,train
/mnt/SSD/workspace/wine/data/WineSensed/chunk_002/output_images/chunk_002/AJkVDThLQ5mKP6YlG4EoKQ.jpg,winesensed,AJkVDThLQ5mKP6YlG4EoKQ.jpg,winesensed:156155057,,156155057,27d49a4ea5d42f9c89bae8a6,ok,/mnt/SSD/workspace/wine/data/winesensed_embedding/crops/27/27d49a4ea5d42f9c89bae8a6.jpg,49836bfb2ad1d4031030baa273478287215ca6d81da7d80bf393586cef471d93,2206cf5e780f8c29f427199ee91fe27b340fa5235126cce215f3f81f35d8977b,"[20, 0, 439, 636]",0.71142578125,419,636,winesensed:156155057,53,train
/mnt/SSD/workspace/wine/data/WineSensed/chunk_002/output_images/chunk_002/8ORI7yBwTdWNTZPVckaBDA.jpg,winesensed,8ORI7yBwTdWNTZPVckaBDA.jpg,winesensed:156155057,,156155057,38803c9717780bd47751b36e,ok,/mnt/SSD/workspace/wine/data/winesensed_embedding/crops/38/38803c9717780bd47751b36e.jpg,8ca348bcae1cbc4ff87f5441edead208d5dd17e286d769dc376334de3b31a791,97fd09e61515f946c4485328be1ea6cf242036a9bbc3e557b1262e49b7044e26,"[46, 0, 417, 640]",0.783203125,371,640,winesensed:156155057,53,train
/mnt/SSD/workspace/wine/data/WineSensed/chunk_001/output_images/chunk_001/4f2YvDPdSoytZKig96OcMg.jpg,winesensed,4f2YvDPdSoytZKig96OcMg.jpg,winesensed:156155057,,156155057,3a234910861269937beb9a2c,ok,/mnt/SSD/workspace/wine/data/winesensed_embedding/crops/3a/3a234910861269937beb9a2c.jpg,071672769f95ca18738e476dc0f19e44c0f6bf11e9c361f6bb58e39263e91949,2e34883e9ccb1001238ea991ec2f00eaf855c454d5a38d62d0d07cddea44878f,"[143, 19, 348, 640]",0.93359375,205,621,winesensed:156155057,53,train
/mnt/SSD/workspace/wine/data/WineSensed/chunk_002/output_images/chunk_002/A2lGLIUXSZmPegZ0-qR76A.jpg,winesensed,A2lGLIUXSZmPegZ0-qR76A.jpg,winesensed:156155057,,156155057,45918e3c40ec45a40c752112,ok,/mnt/SSD/workspace/wine/data/winesensed_embedding/crops/45/45918e3c40ec45a40c752112.jpg,afe823b8f68ebdfe197ddf627811a8616aff10d49453b5036dda628a4ff398c8,8d5d89634976db696768357e949b37bf85d74660ca92c67f360f55fc2e0440ea,"[57, 0, 472, 640]",0.7607421875,415,640,winesensed:156155057,53,train
/mnt/SSD/workspace/wine/data/WineSensed/chunk_002/output_images/chunk_002/6nsIMCq0S2qjg-QVOx71gQ.jpg,winesensed,6nsIMCq0S2qjg-QVOx71gQ.jpg,winesensed:156155057,,156155057,4aa28e1a669ea888fc50053a,ok,/mnt/SSD/workspace/wine/data/winesensed_embedding/crops/4a/4aa28e1a669ea888fc50053a.jpg,e01dc82b8b4148bf5d767962abf3477f2285b85f76e34cb846eda1e0e4c8103b,36de95dea95b89075b480b5bc8dc6471ac3fc98e0e07d8d413ece176042ef92b,"[90, 0, 334, 640]",0.52734375,244,640,winesensed:156155057,53,train
/mnt/SSD/workspace/wine/data/WineSensed/chunk_001/output_images/chunk_001/3d2PIwelSUCRxUC3OLZl-g.jpg,winesensed,3d2PIwelSUCRxUC3OLZl-g.jpg,winesensed:156155057,,156155057,76811197464c6e9c321f0e2c,ok,/mnt/SSD/workspace/wine/data/winesensed_embedding/crops/76/76811197464c6e9c321f0e2c.jpg,723f508b23adbca82b8ac30f8c96a7c2b78e540e05ec5de7467ab156c4e0ace9,922353f171eb7d63cc27b1bb7545170106bbb6410981e611c714d75c890f5d46,"[43, 0, 455, 622]",0.269775390625,412,622,winesensed:156155057,53,train
/mnt/SSD/workspace/wine/data/WineSensed/chunk_002/output_images/chunk_002/9oC_8TkfQw-7UDAOgclI2A.jpg,winesensed,9oC_8TkfQw-7UDAOgclI2A.jpg,winesensed:156155057,,156155057,a2702bf75391fd8b2e0600a9,ok,/mnt/SSD/workspace/wine/data/winesensed_embedding/crops/a2/a2702bf75391fd8b2e0600a9.jpg,f2d72264925efffece75409216e043e2b515cf24df109904d9292636c62e7e98,40ed763a7fba1e9e3ed2966b52f989b0612656cdab7d09155d4c9cd7b0c78020,"[0, 0, 436, 640]",0.63330078125,436,640,winesensed:156155057,53,train
/mnt/SSD/workspace/wine/data/WineSensed/chunk_001/output_images/chunk_001/2cHMnD1XT8yEHa19RQwM7Q.jpg,winesensed,2cHMnD1XT8yEHa19RQwM7Q.jpg,winesensed:156155057,,156155057,c140655aee032fb9cc9217dc,ok,/mnt/SSD/workspace/wine/data/winesensed_embedding/crops/c1/c140655aee032fb9cc9217dc.jpg,33b388991f073ae691faef41ef1502e216323771dde79e7074f539045b257983,2f852613216cf30c7e7ceb31129fde92ec2865ca53effbbfa7d50cc327b69152,"[101, 0, 417, 636]",0.890625,316,636,winesensed:156155057,53,train
/mnt/SSD/workspace/wine/data/WineSensed/chunk_001/output_images/chunk_001/5FCwjYgmSXecZplRnsZqyQ.jpg,winesensed,5FCwjYgmSXecZplRnsZqyQ.jpg,winesensed:156155057,,156155057,e6b7e25bddc680d8b0978dfe,ok,/mnt/SSD/workspace/wine/data/winesensed_embedding/crops/e6/e6b7e25bddc680d8b0978dfe.jpg,fc90cd2de17438d17fb78e7bb57d1370508e0e9cce1032943508bc5a945c2068,7d1dac88d486ced0a4b19f66d8c42f58a6f13137e20084a527b46e86b636ff64,"[45, 13, 408, 633]",0.3173828125,363,620,winesensed:156155057,53,train
/mnt/SSD/workspace/wine/data/WineSensed/chunk_001/output_images/chunk_001/-H2wRmLVRlaHPKQ2MMmgyg.jpg,winesensed,-H2wRmLVRlaHPKQ2MMmgyg.jpg,winesensed:156157863,,156157863,042ef37a0084e4a577ea6d36,ok,/mnt/SSD/workspace/wine/data/winesensed_embedding/crops/04/042ef37a0084e4a577ea6d36.jpg,7e056f20ca1f4dd2c2c8c457124237226506beb6694bf153630f113e989d0938,cd39e51b12664f830b630c06e517391913396d091fcbe004496726f333e126db,"[58, 0, 423, 637]",0.513671875,365,637,winesensed:156157863,54,train
/mnt/SSD/workspace/wine/data/WineSensed/chunk_001/output_images/chunk_001/02tPnR0vSrKcvs54dagmoQ.jpg,winesensed,02tPnR0vSrKcvs54dagmoQ.jpg,winesensed:156157863,,156157863,14733ffa86556f471361d2e9,ok,/mnt/SSD/workspace/wine/data/winesensed_embedding/crops/14/14733ffa86556f471361d2e9.jpg,a2734fe199e98b998edd117202e0634628a061a646fd182f7645a86ca85e6746,b1ba7801513a16d0b2b41c189380a1970dfa52353b36ca80685141630f32e669,"[92, 0, 391, 640]",0.4892578125,299,640,winesensed:156157863,54,train
/mnt/SSD/workspace/wine/data/WineSensed/chunk_001/output_images/chunk_001/19ROQQ7ERn6XDIs3BeK7EQ.jpg,winesensed,19ROQQ7ERn6XDIs3BeK7EQ.jpg,winesensed:156157863,,156157863,22343b3cbfa5931d314f3d3a,ok,/mnt/SSD/workspace/wine/data/winesensed_embedding/crops/22/22343b3cbfa5931d314f3d3a.jpg,2285cb2af2ac60f952c35473f8c38abc8f0c4c90e472965f294baa9405c41d22,8319ae144dabae3fd75ccd35c5d56de108ea9f8934e9718139af1622a8d32199,"[45, 0, 399, 631]",0.43115234375,354,631,winesensed:156157863,54,train
/mnt/SSD/workspace/wine/data/WineSensed/chunk_001/output_images/chunk_001/1gvdvXoHT2qSBN_T4tWpIQ.jpg,winesensed,1gvdvXoHT2qSBN_T4tWpIQ.jpg,winesensed:156157863,,156157863,25f953042eb4c58fd111544e,ok,/mnt/SSD/workspace/wine/data/winesensed_embedding/crops/25/25f953042eb4c58fd111544e.jpg,9c0e023fdd1bc3d1b23da26a30661eb71c87be420d5e6154490a4f51550f6fc8,476bf639b9c08b0cac9b9cc43b9a84de3fbd5b682c568a633b17d18155d48c84,"[80, 0, 383, 636]",0.46484375,303,636,winesensed:156157863,54,train
/mnt/SSD/workspace/wine/data/WineSensed/chunk_002/output_images/chunk_002/5Z4dbTo3Q0aZvetnGzZK0g.jpg,winesensed,5Z4dbTo3Q0aZvetnGzZK0g.jpg,winesensed:156157863,,156157863,4a24b0d726662ae122e58b3d,ok,/mnt/SSD/workspace/wine/data/winesensed_embedding/crops/4a/4a24b0d726662ae122e58b3d.jpg,030a18c71da2b3a02a2cd4005b1411f00ea5a591d4853722ab24117b502505f2,e7f2755bb1f40ba5e8daf27f8dafe3036b6da5d641b9db97685788e1fd1d8460,"[48, 0, 404, 632]",0.5869140625,356,632,winesensed:156157863,54,train
/mnt/SSD/workspace/wine/data/WineSensed/chunk_002/output_images/chunk_002/6PFap6k3Tkq1EDZij3T1Yw.jpg,winesensed,6PFap6k3Tkq1EDZij3T1Yw.jpg,winesensed:156157863,,156157863,544bd0357e651489d59e6ea6,ok,/mnt/SSD/workspace/wine/data/winesensed_embedding/crops/54/544bd0357e651489d59e6ea6.jpg,0fe6a11236fd263f5402eaef6731638044074ad9ed662c11359384640384b689,dda5bb35ef4a6a85589557fb5d7220656998b9cc9f96f3c435a4014ec18b21d4,"[10, 0, 452, 608]",0.376708984375,442,608,winesensed:156157863,54,train
/mnt/SSD/workspace/wine/data/WineSensed/chunk_001/output_images/chunk_001/3jX_tmbkRlGVGuH4NelSdw.jpg,winesensed,3jX_tmbkRlGVGuH4NelSdw.jpg,winesensed:156157863,,156157863,79d1e124040d3fb819a45ab4,ok,/mnt/SSD/workspace/wine/data/winesensed_embedding/crops/79/79d1e124040d3fb819a45ab4.jpg,386aed3910e9d1bf473aefb9bd125f7db02fea8291ff02170846104b56972544,25cf223384b8edd76bf3f4061e8a5d452680208c5802ceb834641235005b1575,"[133, 13, 358, 640]",0.92626953125,225,627,winesensed:156157863,54,train
/mnt/SSD/workspace/wine/data/WineSensed/chunk_001/output_images/chunk_001/2JcgtiHvSXeHrRJPH1Pqlg.jpg,winesensed,2JcgtiHvSXeHrRJPH1Pqlg.jpg,winesensed:156157863,,156157863,8b4840f79cc7a0939bb0caf8,ok,/mnt/SSD/workspace/wine/data/winesensed_embedding/crops/8b/8b4840f79cc7a0939bb0caf8.jpg,ee2a74737fda478d23df3f0a017cfd8b718e5a31d80b142a0dbb1eb56f07fbf4,aa1017bd17027c80a4b281c22fd402a37af698b03ca42e7c1daa401fa3f680e8,"[20, 3, 396, 628]",0.6533203125,376,625,winesensed:156157863,54,train
/mnt/SSD/workspace/wine/data/WineSensed/chunk_002/output_images/chunk_002/6TwXK961QjiVWgexgtGX8Q.jpg,winesensed,6TwXK961QjiVWgexgtGX8Q.jpg,winesensed:156157863,,156157863,8b6f3748ac6f91ec11063a70,ok,/mnt/SSD/workspace/wine/data/winesensed_embedding/crops/8b/8b6f3748ac6f91ec11063a70.jpg,43c8d518c24eb7e0e278783047e6fcea31be8426efa9c3aa54e53123c2165d0c,d1d602f58e52cee8cf885e52ef1180c28829aab9ea1a33641ba0931da5717595,"[85, 0, 391, 640]",0.86474609375,306,640,winesensed:156157863,54,train
/mnt/SSD/workspace/wine/data/WineSensed/chunk_002/output_images/chunk_002/5jizmdQ2Tfe9O_cqyvOkQw.jpg,winesensed,5jizmdQ2Tfe9O_cqyvOkQw.jpg,winesensed:156157863,,156157863,8efb4318ead0f75816b1ac02,ok,/mnt/SSD/workspace/wine/data/winesensed_embedding/crops/8e/8efb4318ead0f75816b1ac02.jpg,fb22d0833c9bfef38deb8e980dd999b2f4d97af1b0857a1a2e26d6377b881d71,9a9e800730b3ff25f6b126f07945894b3e85c26245cd5e87aca3b6134f6d3aaf,"[97, 0, 386, 640]",0.6669921875,289,640,winesensed:156157863,54,train
/mnt/SSD/workspace/wine/data/WineSensed/chunk_001/output_images/chunk_001/2pvb1dNQQk2WKcXgCMz8TQ.jpg,winesensed,2pvb1dNQQk2WKcXgCMz8TQ.jpg,winesensed:156157863,,156157863,a1161bf4b88cad3b98e3039d,ok,/mnt/SSD/workspace/wine/data/winesensed_embedding/crops/a1/a1161bf4b88cad3b98e3039d.jpg,381072282bdafaf0d04d1dd53b341aac07f0a325b4d8e245190b9fdd189ff82b,77784fe7f27a0bd545eb7bfe08366da3890b16a8f337dc903f3eb9881c63d2da,"[419, 0, 480, 635]",0.34033203125,61,635,winesensed:156157863,54,train
/mnt/SSD/workspace/wine/data/WineSensed/chunk_001/output_images/chunk_001/4uIaA8dnQUaxmYndkDJFjw.jpg,winesensed,4uIaA8dnQUaxmYndkDJFjw.jpg,winesensed:156157863,,156157863,b133e0661be5c46157461bb4,ok,/mnt/SSD/workspace/wine/data/winesensed_embedding/crops/b1/b133e0661be5c46157461bb4.jpg,5ef70e18329dddc425e4d46f538a1fef6e8e9340d8f11f6ae32e29ff6eda938c,855dc34707519b4544a7ef908dabc2619c22e0f63b00a99c94540d90166c706c,"[0, 0, 433, 599]",0.30859375,433,599,winesensed:156157863,54,train
/mnt/SSD/workspace/wine/data/WineSensed/chunk_001/output_images/chunk_001/-1IOk1JnQyWgdmWYd7U5xg.jpg,winesensed,-1IOk1JnQyWgdmWYd7U5xg.jpg,winesensed:156263848,,156263848,015ff4d8a3ed3dc01b7947cf,ok,/mnt/SSD/workspace/wine/data/winesensed_embedding/crops/01/015ff4d8a3ed3dc01b7947cf.jpg,e343d1815313d16892112f11c1babecf3ce062ac3c581e80da5f247aa26bf321,89d45b37904e940a2c28add81aac510615cae548ccab0c8a56f975aae83cedba,"[0, 8, 459, 616]",0.282470703125,459,608,winesensed:156263848,55,train
/mnt/SSD/workspace/wine/data/WineSensed/chunk_001/output_images/chunk_001/-1r78seFRLqXfAQxF9zD2A.jpg,winesensed,-1r78seFRLqXfAQxF9zD2A.jpg,winesensed:156263848,,156263848,1f77f3aac046215a853651ee,ok,/mnt/SSD/workspace/wine/data/winesensed_embedding/crops/1f/1f77f3aac046215a853651ee.jpg,8a189fc296987f07dcdfa041f53e81b75c0d2fb6e66eb5ed33673a83e669de98,c3ff07077e1276f01312e6262748b673d6e01b98459d63f9ebe147173055f796,"[26, 0, 438, 634]",0.861328125,412,634,winesensed:156263848,55,train
/mnt/SSD/workspace/wine/data/WineSensed/chunk_001/output_images/chunk_001/-B7WPmHLROyDfs2R-xLUFw.jpg,winesensed,-B7WPmHLROyDfs2R-xLUFw.jpg,winesensed:156263848,,156263848,2ec27bcab8a89a8871aba63b,ok,/mnt/SSD/workspace/wine/data/winesensed_embedding/crops/2e/2ec27bcab8a89a8871aba63b.jpg,a0e9b490812eaee3854c0c7bd33acdbb7d0762a07f2c75c80f5e0dcaded9c619,49343975d59a533e86d1e60dffdbb36777cd0caa667b0f9900d8802bb358520b,"[79, 0, 390, 637]",0.8427734375,311,637,winesensed:156263848,55,train
/mnt/SSD/workspace/wine/data/WineSensed/chunk_001/output_images/chunk_001/-2C-Nys5TKOYa3IQcupM5A.jpg,winesensed,-2C-Nys5TKOYa3IQcupM5A.jpg,winesensed:156263848,,156263848,38c03e820a5b66ab1c111c1f,ok,/mnt/SSD/workspace/wine/data/winesensed_embedding/crops/38/38c03e820a5b66ab1c111c1f.jpg,bbcc9b1d8c0ee2a5308681d6a6fa7302b4a8bb0623f51a413e577ad711cff123,ebb894f369c0a4906fc124e8e93056e4ad1f7d2dc2b3701e5df5f070bee78888,"[13, 0, 458, 640]",0.80029296875,445,640,winesensed:156263848,55,train
/mnt/SSD/workspace/wine/data/WineSensed/chunk_001/output_images/chunk_001/-ECw5kD_RsqgVF-ahsicHQ.jpg,winesensed,-ECw5kD_RsqgVF-ahsicHQ.jpg,winesensed:156263848,,156263848,491da17b6558999b1f9a4818,ok,/mnt/SSD/workspace/wine/data/winesensed_embedding/crops/49/491da17b6558999b1f9a4818.jpg,afe6f0cd7f4539d1867c1a32f778509bda7926086814d5257be32fab91fab5b8,4ab46bbda695c895434b426afa6c03c1ead90e154bbea30b8fea63648cdb902c,"[3, 0, 401, 638]",0.66650390625,398,638,winesensed:156263848,55,train
/mnt/SSD/workspace/wine/data/WineSensed/chunk_001/output_images/chunk_001/-GB9UQ1IRTKwcPnTv2sQOw.jpg,winesensed,-GB9UQ1IRTKwcPnTv2sQOw.jpg,winesensed:156263848,,156263848,509aa202b8ac69f825c09f9f,ok,/mnt/SSD/workspace/wine/data/winesensed_embedding/crops/50/509aa202b8ac69f825c09f9f.jpg,ad987d207f2871116cbc6bf83ff2b58af7be2c862fad18dbb4bea57218710a24,9cdf3f63422643a51c5aff8059305e95d9c761cf14fb67aed08ab4b37322e360,"[33, 0, 454, 640]",0.8447265625,421,640,winesensed:156263848,55,train
/mnt/SSD/workspace/wine/data/WineSensed/chunk_001/output_images/chunk_001/-Ch1o_SAQ2S0aMyDy6DFtA.jpg,winesensed,-Ch1o_SAQ2S0aMyDy6DFtA.jpg,winesensed:156263848,,156263848,79974fa8c4fa21a64d9b87a0,ok,/mnt/SSD/workspace/wine/data/winesensed_embedding/crops/79/79974fa8c4fa21a64d9b87a0.jpg,54047f33c1c8dbe79c2373db6d8679b4bd8ccea3c2c4bfc392c971523267f34a,cde69b71861d92afc5cf5db4dbc77daa32de93763874d17755aa989557196806,"[0, 0, 459, 638]",0.6494140625,459,638,winesensed:156263848,55,train
/mnt/SSD/workspace/wine/data/WineSensed/chunk_001/output_images/chunk_001/-I7l7XU0TMmHtrnhczGTew.jpg,winesensed,-I7l7XU0TMmHtrnhczGTew.jpg,winesensed:156263848,,156263848,81c59c32706151fb8c08b825,ok,/mnt/SSD/workspace/wine/data/winesensed_embedding/crops/81/81c59c32706151fb8c08b825.jpg,8cf571596ebd28bc6651ebfd6ce7aaceecaf1456c0c739f00f6b7745b8f5adb2,f12ba0c3f24b28d8dc246cd6baac6e98547001140a5cc2852db9344047b29dfa,"[373, 0, 480, 544]",0.384521484375,107,544,winesensed:156263848,55,train
/mnt/SSD/workspace/wine/data/WineSensed/chunk_001/output_images/chunk_001/-I0bPk32RWiLMYCUxlTEJA.jpg,winesensed,-I0bPk32RWiLMYCUxlTEJA.jpg,winesensed:156263848,,156263848,acc2bcfbb48cb5d50d7c33a3,ok,/mnt/SSD/workspace/wine/data/winesensed_embedding/crops/ac/acc2bcfbb48cb5d50d7c33a3.jpg,4dc550a79de6d3d1f034a235aa02da6bc25e1cbf266d398cd9f9c4a6927f1480,77bd3c0f4e1da3270ccea4461185808842fa2f4da40eb9b41d3f94da7fca3d54,"[19, 0, 473, 632]",0.5068359375,454,632,winesensed:156263848,55,train
/mnt/SSD/workspace/wine/data/WineSensed/chunk_001/output_images/chunk_001/-JJRfzIfRUiTusbxtotB4A.jpg,winesensed,-JJRfzIfRUiTusbxtotB4A.jpg,winesensed:156263848,,156263848,bac0a5f6312df4e02d798567,ok,/mnt/SSD/workspace/wine/data/winesensed_embedding/crops/ba/bac0a5f6312df4e02d798567.jpg,bbc94b14d025c4ecfee1d3d609c275a039ee8c3b8fa55b44646ba3994e2afe50,5e3b42165cdbfed5c2f01656e4911a8f74f92eaeb40cfb05feba44e09aaa1de8,"[16, 0, 409, 599]",0.62353515625,393,599,winesensed:156263848,55,train
/mnt/SSD/workspace/wine/data/WineSensed/chunk_001/output_images/chunk_001/-9e34gsGT4e9RbvlfrIcZQ.jpg,winesensed,-9e34gsGT4e9RbvlfrIcZQ.jpg,winesensed:156263848,,156263848,eebfe3c6273e48807db880ea,ok,/mnt/SSD/workspace/wine/data/winesensed_embedding/crops/ee/eebfe3c6273e48807db880ea.jpg,680e0e906c22f9cf7427faec5b8a28fe0363b320aa3e790ad375d9fc3d729761,66a101a3444bb46f8b0a9122ce358dd8306d9c175e9ef4c389705bc1ced1de57,"[68, 0, 424, 640]",0.7841796875,356,640,winesensed:156263848,55,train
/mnt/SSD/workspace/wine/data/WineSensed/chunk_001/output_images/chunk_001/-9_EQP9zScq5K9Ly3PzHRA.jpg,winesensed,-9_EQP9zScq5K9Ly3PzHRA.jpg,winesensed:156263848,,156263848,f0fa0f298feb32831230f602,ok,/mnt/SSD/workspace/wine/data/winesensed_embedding/crops/f0/f0fa0f298feb32831230f602.jpg,7991c5fa9767dc376b85cb3cf5a9ff3f0e30cd9832e7f8647d54ccd5b160fe96,9612c18a2bb8d3ce0effaaf0888e0521fbc21c81680d6327274a8d3177cff074,"[12, 0, 392, 593]",0.8740234375,380,593,winesensed:156263848,55,train
/mnt/SSD/workspace/wine/data/WineSensed/chunk_002/output_images/chunk_002/70GhnHZ0Sw-Uoy0Vv5c0_g.jpg,winesensed,70GhnHZ0Sw-Uoy0Vv5c0_g.jpg,winesensed:156330957,,156330957,0170ca4f07be9d6a97f18643,ok,/mnt/SSD/workspace/wine/data/winesensed_embedding/crops/01/0170ca4f07be9d6a97f18643.jpg,08eff96c439b65c35bb547ddb2a10597c042ac968b028fa0582611a9d3f2df72,11b9e7061d12913b7e34c84942a1afc2dd69bda599ed48adebbd9a254fc6904f,"[15, 0, 480, 640]",0.60009765625,465,640,winesensed:156330957,56,val
/mnt/SSD/workspace/wine/data/WineSensed/chunk_002/output_images/chunk_002/Ar3qkeXoSz2vXDksq5EVVQ.jpg,winesensed,Ar3qkeXoSz2vXDksq5EVVQ.jpg,winesensed:156330957,,156330957,179de5197cb51ea334924485,ok,/mnt/SSD/workspace/wine/data/winesensed_embedding/crops/17/179de5197cb51ea334924485.jpg,d43f63bd4dfb8c4cd77076d73b9e4405d2c3348ed9e6c1f30a5a829a3750bd71,7d46c1f66023ae89c12bb54ac95460a87a90b502e75324af409184c14daf12ad,"[0, 0, 460, 619]",0.359375,460,619,winesensed:156330957,56,val
/mnt/SSD/workspace/wine/data/WineSensed/chunk_001/output_images/chunk_001/-fVATmNKTmWHRKeEcIOQEg.jpg,winesensed,-fVATmNKTmWHRKeEcIOQEg.jpg,winesensed:156330957,,156330957,4176e900998c9cb64826307a,ok,/mnt/SSD/workspace/wine/data/winesensed_embedding/crops/41/4176e900998c9cb64826307a.jpg,ef42d1d03f6629a7df1d47b8a5903a48fa245c1898fcd23ff30d3f5a89f29190,f245a300b610f3117b6257c110aa268155ccb33664c1281766776b170c39c400,"[0, 6, 453, 630]",0.529296875,453,624,winesensed:156330957,56,val
/mnt/SSD/workspace/wine/data/WineSensed/chunk_002/output_images/chunk_002/8T1GmbOlSBeR_Pe_vXxK9g.jpg,winesensed,8T1GmbOlSBeR_Pe_vXxK9g.jpg,winesensed:156330957,,156330957,4882a84345c7c243bb1476ae,ok,/mnt/SSD/workspace/wine/data/winesensed_embedding/crops/48/4882a84345c7c243bb1476ae.jpg,721af6a6206f892bffd1d87dcfd6337137948b2f3c16e481e332fa407476bf1e,8e6decaf8311758af34557492215995eea05ce1ceb5042347d1e4f79f27d29b8,"[54, 0, 437, 613]",0.67333984375,383,613,winesensed:156330957,56,val
/mnt/SSD/workspace/wine/data/WineSensed/chunk_001/output_images/chunk_001/0echb7Y-QTO_Mx7KiM0cow.jpg,winesensed,0echb7Y-QTO_Mx7KiM0cow.jpg,winesensed:156330957,,156330957,7364a9281f2273cd23eca865,ok,/mnt/SSD/workspace/wine/data/winesensed_embedding/crops/73/7364a9281f2273cd23eca865.jpg,bf6cedc00389b8e0ae0d8a5d72c8844b71e8e833f50943962073ee466034eb0e,1d17dc3e96742e0d17d88e85b1e60c8db99f9f8026703b1d353332b44a854ae4,"[51, 0, 446, 551]",0.43408203125,395,551,winesensed:156330957,56,val
/mnt/SSD/workspace/wine/data/WineSensed/chunk_001/output_images/chunk_001/-on47I6RTZaBcvNV_hIgYQ.jpg,winesensed,-on47I6RTZaBcvNV_hIgYQ.jpg,winesensed:156330957,,156330957,b317e4ca420537e28eedc0e4,ok,/mnt/SSD/workspace/wine/data/winesensed_embedding/crops/b3/b317e4ca420537e28eedc0e4.jpg,a8bf08228a41ae759c4cdb8ad1dd7614424d8fe5547fff8a224f0aa8748f5a3c,82fe1c38e224b67a97d2dc19d580df2a7331c4b787d2a194a1689088422c11a8,"[19, 0, 480, 631]",0.505859375,461,631,winesensed:156330957,56,val
/mnt/SSD/workspace/wine/data/WineSensed/chunk_003/output_images/chunk_003/CCoj7LdgRYaxIo3L9lITag.jpg,winesensed,CCoj7LdgRYaxIo3L9lITag.jpg,winesensed:156330957,,156330957,d320bc3e3602cecad7ff99c5,ok,/mnt/SSD/workspace/wine/data/winesensed_embedding/crops/d3/d320bc3e3602cecad7ff99c5.jpg,d48a84a303fcff95dac377cf20917974f3f4dd9e2f804224e39e432a0d0e900b,84871811a789937157d9c75b4fb3659e840bf53425b21996b5289496d4de9316,"[83, 0, 436, 640]",0.626953125,353,640,winesensed:156330957,56,val
/mnt/SSD/workspace/wine/data/WineSensed/chunk_002/output_images/chunk_002/5qXCn6p3QEy6KQbZktw1og.jpg,winesensed,5qXCn6p3QEy6KQbZktw1og.jpg,winesensed:156330957,,156330957,ead4261420230349c44c0101,ok,/mnt/SSD/workspace/wine/data/winesensed_embedding/crops/ea/ead4261420230349c44c0101.jpg,61379f59f32046b1b15a3ea27529909f2dee3a1284c91040e0c03820f5b7f996,894c50ba74d9ea8f37fa9f8ab2c6ff4bbc5f8759142f991bc1c1672e416bc9fc,"[34, 0, 442, 611]",0.68359375,408,611,winesensed:156330957,56,val
/mnt/SSD/workspace/wine/data/WineSensed/chunk_002/output_images/chunk_002/5OxwdW16QRmunMdgyMfcJA.jpg,winesensed,5OxwdW16QRmunMdgyMfcJA.jpg,winesensed:156330957,,156330957,ec3cbf271ee2e2f3eda7e2d4,ok,/mnt/SSD/workspace/wine/data/winesensed_embedding/crops/ec/ec3cbf271ee2e2f3eda7e2d4.jpg,7067faa3194f548f57505a159e59d1740694d9a1c39ec704cf895c91dfb31199,536ff6c2c51213079afc2f4b51233ca0a8295d490de2741c2376f6313bf5a2c1,"[0, 0, 456, 625]",0.4658203125,456,625,winesensed:156330957,56,val
/mnt/SSD/workspace/wine/data/WineSensed/chunk_002/output_images/chunk_002/5unpoRxGQR-jWstZAfXT0Q.jpg,winesensed,5unpoRxGQR-jWstZAfXT0Q.jpg,winesensed:156330957,,156330957,ed7453ad6cf6b8fee0d9557d,ok,/mnt/SSD/workspace/wine/data/winesensed_embedding/crops/ed/ed7453ad6cf6b8fee0d9557d.jpg,2528db65fae76598db8ee7511a26dcb807c31c1b976df8c95f02f73d53f99dda,f30105851d8057dbf8debbf80827670a42fa3551470f8eb5bf4fd234c705e301,"[80, 0, 424, 640]",0.63720703125,344,640,winesensed:156330957,56,val
/mnt/SSD/workspace/wine/data/WineSensed/chunk_003/output_images/chunk_003/BkY9jltLSty1V0bUDjDTdQ.jpg,winesensed,BkY9jltLSty1V0bUDjDTdQ.jpg,winesensed:156330957,,156330957,eecdaa6822a5b5cdadb09499,ok,/mnt/SSD/workspace/wine/data/winesensed_embedding/crops/ee/eecdaa6822a5b5cdadb09499.jpg,f49c3f4542556fb009ec7d56ea7f96ddefefe8a35d6100fa8f3f52548cb0ce35,9c70a7fdf9dd0921dffbe48a7e53a8aa07635a2ab9f30ddd2f8089de32d38f33,"[81, 8, 402, 640]",0.818359375,321,632,winesensed:156330957,56,val
/mnt/SSD/workspace/wine/data/WineSensed/chunk_001/output_images/chunk_001/1slkQv3xQUSApvl6sNbGMQ.jpg,winesensed,1slkQv3xQUSApvl6sNbGMQ.jpg,winesensed:156330957,,156330957,fe28b21e10253514da0eeaef,ok,/mnt/SSD/workspace/wine/data/winesensed_embedding/crops/fe/fe28b21e10253514da0eeaef.jpg,44703a8435f2e3e57e268879beed88d8fa9e3d996b49a140aa737115769b2d41,49fe33e66e2095846cc6b44ff929ac2272b0368084a3edbb8d3d6791ea11be54,"[31, 0, 465, 631]",0.650390625,434,631,winesensed:156330957,56,val
/mnt/SSD/workspace/wine/data/WineSensed/chunk_001/output_images/chunk_001/-kgOqcJcSlKI6tFvaYmgfw.jpg,winesensed,-kgOqcJcSlKI6tFvaYmgfw.jpg,winesensed:156657753,,156657753,1b5ec79c0478653e540b48a4,ok,/mnt/SSD/workspace/wine/data/winesensed_embedding/crops/1b/1b5ec79c0478653e540b48a4.jpg,2ec1a13436ea654603c5cc218df78030cad581a5121c8366397d6061ad6ca621,2a6eca0bfac325870fc4c74594eb1a3595267b56cbd0d23aeec2d6f9c5996ae2,"[46, 0, 418, 640]",0.66015625,372,640,winesensed:156657753,57,train
/mnt/SSD/workspace/wine/data/WineSensed/chunk_002/output_images/chunk_002/7VPDwykATfSNo1LP42O7OA.jpg,winesensed,7VPDwykATfSNo1LP42O7OA.jpg,winesensed:156657753,,156657753,2167633fbf0d7bc57c269908,ok,/mnt/SSD/workspace/wine/data/winesensed_embedding/crops/21/2167633fbf0d7bc57c269908.jpg,d93f4e8b7e3d504bdd96303eaf4eec6ee31e640ee0802a7556e6e7246a65a65b,63f6ddfa68af1c234f46e4eeb7af4846e462da44eb8730c4a5c4a572a4677885,"[129, 0, 354, 640]",0.93115234375,225,640,winesensed:156657753,57,train
/mnt/SSD/workspace/wine/data/WineSensed/chunk_001/output_images/chunk_001/4HDDy3pcQsyHadndnfR77w.jpg,winesensed,4HDDy3pcQsyHadndnfR77w.jpg,winesensed:156657753,,156657753,341e7bccd86f1c6a0c01955f,ok,/mnt/SSD/workspace/wine/data/winesensed_embedding/crops/34/341e7bccd86f1c6a0c01955f.jpg,16bfc2524f14f789b4d507a13ec534a11b1db502a7ac211262e4339346f858e3,d650b154a97c07efa728879a116a002efb6b2995e7eed6f3b2f2b8c6983391f5,"[204, 0, 456, 640]",0.9052734375,252,640,winesensed:156657753,57,train
/mnt/SSD/workspace/wine/data/WineSensed/chunk_002/output_images/chunk_002/85QHDbVkRN2qQNhkcnlg5w.jpg,winesensed,85QHDbVkRN2qQNhkcnlg5w.jpg,winesensed:156657753,,156657753,580a2994e54321969ce6d0c0,ok,/mnt/SSD/workspace/wine/data/winesensed_embedding/crops/58/580a2994e54321969ce6d0c0.jpg,7c93d3a5d402c65bcbf0aa8519e1751056f2f85636be57d1d098accd0d53c60c,f526e89433274122a2d8ac5f29f0eb6d707df68c204db7222aad981e099b1b27,"[3, 15, 467, 633]",0.490234375,464,618,winesensed:156657753,57,train
/mnt/SSD/workspace/wine/data/WineSensed/chunk_001/output_images/chunk_001/0zs5DaFXQ-qCanoEKb5zhw.jpg,winesensed,0zs5DaFXQ-qCanoEKb5zhw.jpg,winesensed:156657753,,156657753,7ff120362713493053148a1d,ok,/mnt/SSD/workspace/wine/data/winesensed_embedding/crops/7f/7ff120362713493053148a1d.jpg,8f317e7f7f17f2154bde5c801b3af9730cf7e87fa33094c534f94a2842cfbcd0,eec08ff37b0c6a9ad655c60a8997fe99eccc14532e9ea62ca14dba63b391c4fe,"[54, 0, 394, 640]",0.853515625,340,640,winesensed:156657753,57,train
/mnt/SSD/workspace/wine/data/WineSensed/chunk_002/output_images/chunk_002/7N1ScL9ySXy2S2cDdfNJCw.jpg,winesensed,7N1ScL9ySXy2S2cDdfNJCw.jpg,winesensed:156657753,,156657753,87eeb9d530ca7d1f2bc43e7a,ok,/mnt/SSD/workspace/wine/data/winesensed_embedding/crops/87/87eeb9d530ca7d1f2bc43e7a.jpg,eb0a5e25756b97a1d87e05d532b98a5c6a3df33830414c484005005723e0f1e1,52009491a7f8f778cd16bfb8ab28c3f2601686703852304594a5a06be3f2cee0,"[3, 0, 421, 636]",0.34814453125,418,636,winesensed:156657753,57,train
/mnt/SSD/workspace/wine/data/WineSensed/chunk_001/output_images/chunk_001/27VZc67MS5eTWRa6pGJQAQ.jpg,winesensed,27VZc67MS5eTWRa6pGJQAQ.jpg,winesensed:156657753,,156657753,922687bc31979abf6aeed598,ok,/mnt/SSD/workspace/wine/data/winesensed_embedding/crops/92/922687bc31979abf6aeed598.jpg,eb7c306948bfebe66fc5952b0aff19ca49aab168d603ec0403a733a256159ebd,edebf73ea5891c2c7faeda6c3a69ec07060192b9f817fcd21679fa4785cc7ac1,"[78, 0, 414, 638]",0.8564453125,336,638,winesensed:156657753,57,train
/mnt/SSD/workspace/wine/data/WineSensed/chunk_002/output_images/chunk_002/5nuyGQh8RGSn3BGagA7wIA.jpg,winesensed,5nuyGQh8RGSn3BGagA7wIA.jpg,winesensed:156657753,,156657753,b22f05facfd30797e3628ac6,ok,/mnt/SSD/workspace/wine/data/winesensed_embedding/crops/b2/b22f05facfd30797e3628ac6.jpg,85ddec4e1fee422e371e7375c29dfeea0649e4a7898e8d76587040763f418ab6,d9d2bd8950cea0dd0092adec8c5fc479a88b3e8b116d5d940a8cc31298edd3d3,"[29, 0, 469, 635]",0.4658203125,440,635,winesensed:156657753,57,train
/mnt/SSD/workspace/wine/data/WineSensed/chunk_001/output_images/chunk_001/-aMS1rrHRYqyr9mXrvoDVA.jpg,winesensed,-aMS1rrHRYqyr9mXrvoDVA.jpg,winesensed:156657753,,156657753,b84766474380a3f8f8688681,ok,/mnt/SSD/workspace/wine/data/winesensed_embedding/crops/b8/b84766474380a3f8f8688681.jpg,cda9f61fb64de158dd0817ddd4f753534ebe97417ac7a02bcf64f4d4963e22ba,03c0af5730812278cd545329cc4f3278c28aac648dbcfa95dd47b2322ad51218,"[63, 23, 454, 630]",0.3212890625,391,607,winesensed:156657753,57,train
/mnt/SSD/workspace/wine/data/WineSensed/chunk_002/output_images/chunk_002/7Sg7biaqRmWQyzQz-ukG2Q.jpg,winesensed,7Sg7biaqRmWQyzQz-ukG2Q.jpg,winesensed:156657753,,156657753,c15ade4cf4ad16a8cebb982a,ok,/mnt/SSD/workspace/wine/data/winesensed_embedding/crops/c1/c15ade4cf4ad16a8cebb982a.jpg,daa1383dde536306558829caea8c5ce8d6c034f285e04133f623f53dd1147d9c,b49743d081e7d93dd1fd9d87835c08bc12b12d378ef0aea4f4e76036d827e214,"[0, 0, 476, 614]",0.346435546875,476,614,winesensed:156657753,57,train
/mnt/SSD/workspace/wine/data/WineSensed/chunk_002/output_images/chunk_002/7--ifH6bRT-2eBEke62y0Q.jpg,winesensed,7--ifH6bRT-2eBEke62y0Q.jpg,winesensed:156657753,,156657753,c8ba5e60ccb572c433e740ff,ok,/mnt/SSD/workspace/wine/data/winesensed_embedding/crops/c8/c8ba5e60ccb572c433e740ff.jpg,b08e80acc6f0343c6ed16f629b634927833310540308b614cb646701867f0f91,8fd1c2f6efc0b7892f72ccf699911cc5dc8874e56c7b273d4e1491f96a547ebd,"[154, 0, 370, 640]",0.93017578125,216,640,winesensed:156657753,57,train
/mnt/SSD/workspace/wine/data/WineSensed/chunk_001/output_images/chunk_001/3fBiU6VUQ3SJoq1GsgKa6g.jpg,winesensed,3fBiU6VUQ3SJoq1GsgKa6g.jpg,winesensed:156657753,,156657753,de1b427cfa8baf23c6412a5f,ok,/mnt/SSD/workspace/wine/data/winesensed_embedding/crops/de/de1b427cfa8baf23c6412a5f.jpg,3923c98761356a47951bd0e0f9fad253bd905d255eb56ea3160796f793714005,b4d939851d22f0de26c751d85ac7470d2919b200f4401637e4a153bf41de8a4d,"[41, 2, 452, 639]",0.6279296875,411,637,winesensed:156657753,57,train
/mnt/SSD/workspace/wine/data/WineSensed/chunk_001/output_images/chunk_001/-pUVvyIdQTyERFqgNt-Unw.jpg,winesensed,-pUVvyIdQTyERFqgNt-Unw.jpg,winesensed:156848268,,156848268,02075948c93ca1c9fa954c56,ok,/mnt/SSD/workspace/wine/data/winesensed_embedding/crops/02/02075948c93ca1c9fa954c56.jpg,dc026604a98d56bd0844f99b6908dd69bf09a0729c502f91d913c6e7e39176ce,b809aff2526c20e93dd7175ae7ca48ad453f56060655f2d13e142a2d507657e2,"[41, 0, 369, 640]",0.30859375,328,640,winesensed:156848268,58,train
/mnt/SSD/workspace/wine/data/WineSensed/chunk_001/output_images/chunk_001/-4zD2l5nThmEt-r4T5xJig.jpg,winesensed,-4zD2l5nThmEt-r4T5xJig.jpg,winesensed:156848268,,156848268,2d36596c02d7c07ddbe2e721,ok,/mnt/SSD/workspace/wine/data/winesensed_embedding/crops/2d/2d36596c02d7c07ddbe2e721.jpg,ad2d9a2a443cdfd8909e4c8fc244fac808266c28936428cdddcb0a9ecb472be9,38b872e20335eb6b3dbe9ab14052f626596a1f7ee3a6ffe1dc0b9c016530da45,"[88, 1, 385, 640]",0.4951171875,297,639,winesensed:156848268,58,train
/mnt/SSD/workspace/wine/data/WineSensed/chunk_001/output_images/chunk_001/-Yt33D1VQr6DNbWgcmPGeA.jpg,winesensed,-Yt33D1VQr6DNbWgcmPGeA.jpg,winesensed:156848268,,156848268,44f88e6edc1350f8cd982185,ok,/mnt/SSD/workspace/wine/data/winesensed_embedding/crops/44/44f88e6edc1350f8cd982185.jpg,6b47b0b155ed1992fbfa281a9bc92735a9a3b94ef9c381467203548d47036b94,6c74edf4adba55366270bfa214af8f0b38f2c970ee29be9263f8b3b4a485eee4,"[76, 3, 463, 630]",0.5537109375,387,627,winesensed:156848268,58,train
/mnt/SSD/workspace/wine/data/WineSensed/chunk_001/output_images/chunk_001/-8ij8LsrRVmqwcD9-17k_g.jpg,winesensed,-8ij8LsrRVmqwcD9-17k_g.jpg,winesensed:156848268,,156848268,50bb44f783d476ee134ad724,ok,/mnt/SSD/workspace/wine/data/winesensed_embedding/crops/50/50bb44f783d476ee134ad724.jpg,bf4a7b04985ca6f20507deabc3ea83539794a35b8e959d3829772cc7ccfd8779,c69f81eb3e4066c35daa646e0d0bd04ad63cae719e9c4be57c217506ae33bb0d,"[22, 5, 471, 635]",0.7421875,449,630,winesensed:156848268,58,train
/mnt/SSD/workspace/wine/data/WineSensed/chunk_001/output_images/chunk_001/-SYGU6qLQbGUsXxGc46czw.jpg,winesensed,-SYGU6qLQbGUsXxGc46czw.jpg,winesensed:156848268,,156848268,630ebbbbecbbeaf3c3fc9e71,ok,/mnt/SSD/workspace/wine/data/winesensed_embedding/crops/63/630ebbbbecbbeaf3c3fc9e71.jpg,0216626194ba317cd524404e14e2d3c538ee69f526f91a7f8be6441a2ccdf0a7,404ac6242cd4915e785e34b6c40ebafe58a3f5a6834f182b2225794b4d1adcbd,"[138, 0, 373, 640]",0.833984375,235,640,winesensed:156848268,58,train
/mnt/SSD/workspace/wine/data/WineSensed/chunk_001/output_images/chunk_001/-Q1Zxve5RAu2becEgqY9wg.jpg,winesensed,-Q1Zxve5RAu2becEgqY9wg.jpg,winesensed:156848268,,156848268,993d144b1799bd3e91186900,ok,/mnt/SSD/workspace/wine/data/winesensed_embedding/crops/99/993d144b1799bd3e91186900.jpg,3a44fce7ccbaede688869273518820acec608d5f37bb537dfe3763d420ef46ab,f7408adb9b87a779ae9f8c3940e35fb28153663c9473665bcf4d22f864fe1959,"[0, 2, 474, 553]",0.319091796875,474,551,winesensed:156848268,58,train
/mnt/SSD/workspace/wine/data/WineSensed/chunk_001/output_images/chunk_001/-H8IDudCS-CkJA_HZiNaZw.jpg,winesensed,-H8IDudCS-CkJA_HZiNaZw.jpg,winesensed:156848268,,156848268,a5d8a1c3b15ba3380efae98b,ok,/mnt/SSD/workspace/wine/data/winesensed_embedding/crops/a5/a5d8a1c3b15ba3380efae98b.jpg,b63ad297d44c5645edf68d10a626a25fc4e3ffb8abe7dbfe6e610c4e4337b6de,6495507b1fc3860a1d3ef80750a298f2bb9a8f1a7bf6617bef2c5bce45239071,"[29, 3, 425, 637]",0.73583984375,396,634,winesensed:156848268,58,train
/mnt/SSD/workspace/wine/data/WineSensed/chunk_001/output_images/chunk_001/-ciu21JrQRGNITtObMk1rg.jpg,winesensed,-ciu21JrQRGNITtObMk1rg.jpg,winesensed:156848268,,156848268,c1a3d572937c0714003bbca0,ok,/mnt/SSD/workspace/wine/data/winesensed_embedding/crops/c1/c1a3d572937c0714003bbca0.jpg,75f87c5afdebf8110a4e75cbb7b1630884d14cf8221c17052a60b8aa4529fbce,cf702c9d4094d4df73808ff704cac44b163317734c733e784f1b3510904ffab2,"[47, 0, 429, 639]",0.64892578125,382,639,winesensed:156848268,58,train
/mnt/SSD/workspace/wine/data/WineSensed/chunk_001/output_images/chunk_001/-2CT4SRqTxWqK9ZEbE35vw.jpg,winesensed,-2CT4SRqTxWqK9ZEbE35vw.jpg,winesensed:156848268,,156848268,c215a3b4d613f84b02b99b21,ok,/mnt/SSD/workspace/wine/data/winesensed_embedding/crops/c2/c215a3b4d613f84b02b99b21.jpg,74d9ab241b035cad285641338d5d3282c12d85e3d56daf1a11f36b96ecfaec3f,1cf868a614c0bd95a96fa18049054e2b6726c54fbccdd5934c096ff594c5db7b,"[72, 0, 393, 628]",0.35009765625,321,628,winesensed:156848268,58,train
/mnt/SSD/workspace/wine/data/WineSensed/chunk_001/output_images/chunk_001/-UyoDmJVR8yYiSo9VwfgDQ.jpg,winesensed,-UyoDmJVR8yYiSo9VwfgDQ.jpg,winesensed:156848268,,156848268,ca8ee1d31ad544cf8a47dd54,ok,/mnt/SSD/workspace/wine/data/winesensed_embedding/crops/ca/ca8ee1d31ad544cf8a47dd54.jpg,4d319f01666e48ca9e725fd3a410ba97b50411282717c35ce8c1978d41499c58,c42d812c4793a543e41eea507bdf3bd75c35cd2631b9a217cfc81c2e388f752e,"[13, 12, 474, 618]",0.251220703125,461,606,winesensed:156848268,58,train
/mnt/SSD/workspace/wine/data/WineSensed/chunk_001/output_images/chunk_001/-iuM3cWvTEakmHZW5J6elQ.jpg,winesensed,-iuM3cWvTEakmHZW5J6elQ.jpg,winesensed:156848268,,156848268,cf106ca9c91103cb6d214ea0,ok,/mnt/SSD/workspace/wine/data/winesensed_embedding/crops/cf/cf106ca9c91103cb6d214ea0.jpg,c4eb46bb0ccc6c96c73a17c20af48872d98c9d7fa4190edc1a8a474fb27b91a7,3c20e7d20a6853016cde7eec6b19a09a9057190848f6ae77b7bc20d2c1664310,"[134, 0, 359, 620]",0.69775390625,225,620,winesensed:156848268,58,train
/mnt/SSD/workspace/wine/data/WineSensed/chunk_001/output_images/chunk_001/-LGGwspuSvKvio5tINSv9A.jpg,winesensed,-LGGwspuSvKvio5tINSv9A.jpg,winesensed:156848268,,156848268,d7137bff16030892479757c7,ok,/mnt/SSD/workspace/wine/data/winesensed_embedding/crops/d7/d7137bff16030892479757c7.jpg,678c01c2cdf382dbd13c57e4dccbcb981e32b50f3c002f0a9dd759dc3fd4168a,00be203f1155da238508e938c20c82a31f811212686b2425338b0c773ef98a26,"[105, 0, 355, 640]",0.55908203125,250,640,winesensed:156848268,58,train
/mnt/SSD/workspace/wine/data/WineSensed/chunk_001/output_images/chunk_001/4xJxCwmHTC2TfMwe96Juww.jpg,winesensed,4xJxCwmHTC2TfMwe96Juww.jpg,winesensed:157065056,,157065056,0508012abc331ca05de1731a,ok,/mnt/SSD/workspace/wine/data/winesensed_embedding/crops/05/0508012abc331ca05de1731a.jpg,bd8007ac59f6fde21b41c1ab00d35227fefcc630e78ffb6426e14133be1e4792,3100125ffbc87efbb251896258f58218d68b569914883ebf313951533635e31e,"[52, 0, 460, 609]",0.63623046875,408,609,winesensed:157065056,59,val
/mnt/SSD/workspace/wine/data/WineSensed/chunk_001/output_images/chunk_001/-wuezPn0S-60PZad0WrQXA.jpg,winesensed,-wuezPn0S-60PZad0WrQXA.jpg,winesensed:157065056,,157065056,0d0423dd5ae06e1b67f3921d,ok,/mnt/SSD/workspace/wine/data/winesensed_embedding/crops/0d/0d0423dd5ae06e1b67f3921d.jpg,c7ea845c8aecb0a511991fde05c26d132e5dd93505c1d50e9abfb5263f36f019,2525ad1a30b9572afe0bec44db625fd2e7d2dfe0862bd703610b0fd49bb2a9ed,"[0, 0, 427, 640]",0.7919921875,427,640,winesensed:157065056,59,val
/mnt/SSD/workspace/wine/data/WineSensed/chunk_001/output_images/chunk_001/-1jMdEwLSVaf5SMuaLR94A.jpg,winesensed,-1jMdEwLSVaf5SMuaLR94A.jpg,winesensed:157065056,,157065056,0fb5d56430b9b62951c9a348,ok,/mnt/SSD/workspace/wine/data/winesensed_embedding/crops/0f/0fb5d56430b9b62951c9a348.jpg,7b0dc50cb6a1d482cef1f7748aa63558e4d73d7d476650a58c0bab13c655aa9c,6b05fe6f4608a73ab76867c8cb4279ed98eafe01b9a185db8402e1d16d4c39c7,"[124, 0, 357, 638]",0.8486328125,233,638,winesensed:157065056,59,val
/mnt/SSD/workspace/wine/data/WineSensed/chunk_001/output_images/chunk_001/1IiRztnoSVKP01xLSySHeQ.jpg,winesensed,1IiRztnoSVKP01xLSySHeQ.jpg,winesensed:157065056,,157065056,2d7001532c0819932f17a27f,ok,/mnt/SSD/workspace/wine/data/winesensed_embedding/crops/2d/2d7001532c0819932f17a27f.jpg,d75577f6390ef4be01cbbba33b119ba2ee43edccd96bd01e5f34f6b5e2e5c253,f194aea47da4532734fac39a71a0aa410784882c3b30f675c9b970bee505e304,"[0, 0, 455, 634]",0.65380859375,455,634,winesensed:157065056,59,val
/mnt/SSD/workspace/wine/data/WineSensed/chunk_001/output_images/chunk_001/1wI-Vew6QK2eK5lHL3AtrA.jpg,winesensed,1wI-Vew6QK2eK5lHL3AtrA.jpg,winesensed:157065056,,157065056,2db6855f68804bc72f6b58bf,ok,/mnt/SSD/workspace/wine/data/winesensed_embedding/crops/2d/2db6855f68804bc72f6b58bf.jpg,d4fabb663ba0baa2ca71e632d9a47e15f4f9c17ae3a1c31ea6962ff99c598985,f95dc85ad4631acab4f4a2192853244a1157918d116b61e55885550e40404bc8,"[111, 0, 352, 626]",0.92822265625,241,626,winesensed:157065056,59,val
/mnt/SSD/workspace/wine/data/WineSensed/chunk_001/output_images/chunk_001/3M5TB8NfS8KrGbmAzTRqmg.jpg,winesensed,3M5TB8NfS8KrGbmAzTRqmg.jpg,winesensed:157065056,,157065056,30c1170016caff17ab01a4e8,ok,/mnt/SSD/workspace/wine/data/winesensed_embedding/crops/30/30c1170016caff17ab01a4e8.jpg,8d49bf569e8f38b05b70971f511af7baa77ccfb6b546f9218148194810be2ab7,79d45eab08a2d99bf8f8c7bdd2d6f88644e5a6533e78c9e3e7f25bdfebb0d268,"[13, 0, 454, 640]",0.71240234375,441,640,winesensed:157065056,59,val
/mnt/SSD/workspace/wine/data/WineSensed/chunk_001/output_images/chunk_001/1AhsJVQwT2WO8BW13ZeB5w.jpg,winesensed,1AhsJVQwT2WO8BW13ZeB5w.jpg,winesensed:157065056,,157065056,6c008245630a3f42d0f74d33,ok,/mnt/SSD/workspace/wine/data/winesensed_embedding/crops/6c/6c008245630a3f42d0f74d33.jpg,58fdbad571a8a7a1ac75e3f52e22bbf87c189988e6a1f2e4ce98a0aca035b09e,37d613d5cd72d0afa7cab9841de0a80f796ac33e7214dbcaa3e39c3c7b52f215,"[0, 1, 440, 623]",0.56982421875,440,622,winesensed:157065056,59,val
/mnt/SSD/workspace/wine/data/WineSensed/chunk_001/output_images/chunk_001/3tc6I67cSz-cRhKEPjSJ8w.jpg,winesensed,3tc6I67cSz-cRhKEPjSJ8w.jpg,winesensed:157065056,,157065056,8a2e21017c5658b03f2d8cec,ok,/mnt/SSD/workspace/wine/data/winesensed_embedding/crops/8a/8a2e21017c5658b03f2d8cec.jpg,f59ecaeb298c11cd52c0265561c6498086cc40cfa3a34ba5fdf1d28e2c230547,013a4990260098ffce009d5ff42694e4262debab4c9b9c41579721c0246f3508,"[31, 0, 406, 640]",0.849609375,375,640,winesensed:157065056,59,val
/mnt/SSD/workspace/wine/data/WineSensed/chunk_001/output_images/chunk_001/0chBfq1CSu6gsm843dB0tQ.jpg,winesensed,0chBfq1CSu6gsm843dB0tQ.jpg,winesensed:157065056,,157065056,aad265ea316f6b8ce8f14dbc,ok,/mnt/SSD/workspace/wine/data/winesensed_embedding/crops/aa/aad265ea316f6b8ce8f14dbc.jpg,07409d77cee94596018b4e8680299ccb401567a2b948a9431adc9ba12936b95f,b0d2f82bace78d499891f519bd1a7331e0923be8aed4e177bf9e187125e62e0c,"[17, 0, 424, 618]",0.25341796875,407,618,winesensed:157065056,59,val
/mnt/SSD/workspace/wine/data/WineSensed/chunk_001/output_images/chunk_001/0SkJGzIeQPy2wYy1d-UuqA.jpg,winesensed,0SkJGzIeQPy2wYy1d-UuqA.jpg,winesensed:157065056,,157065056,b9a6de451c9d75706d2475a7,ok,/mnt/SSD/workspace/wine/data/winesensed_embedding/crops/b9/b9a6de451c9d75706d2475a7.jpg,44c1b7812e87901c9f35184a22c15e52634316f37d8db38d1223cab41354db50,2be6ae8b01ae25773e489bd7b5e0f045e15bf87f4f8249245fe28e84e3a65f83,"[54, 6, 432, 631]",0.5869140625,378,625,winesensed:157065056,59,val
/mnt/SSD/workspace/wine/data/WineSensed/chunk_001/output_images/chunk_001/3Xr4lxxLRlmMdW-t2tGviA.jpg,winesensed,3Xr4lxxLRlmMdW-t2tGviA.jpg,winesensed:157065056,,157065056,c48e1f795620493a7b4c177b,ok,/mnt/SSD/workspace/wine/data/winesensed_embedding/crops/c4/c48e1f795620493a7b4c177b.jpg,bec15c3a9fd26d3bb8222087b58cadc41c07018be1ac1df721455567ae5a8c48,097d0746e06944968c0fc5748f9744146d936fb326705833a1ceaf292b1e38d8,"[16, 0, 448, 640]",0.77587890625,432,640,winesensed:157065056,59,val
/mnt/SSD/workspace/wine/data/WineSensed/chunk_001/output_images/chunk_001/1-tKIwpyR72e8JDWN3jx8Q.jpg,winesensed,1-tKIwpyR72e8JDWN3jx8Q.jpg,winesensed:157065056,,157065056,e9d29640cfebd3953f757c3c,ok,/mnt/SSD/workspace/wine/data/winesensed_embedding/crops/e9/e9d29640cfebd3953f757c3c.jpg,8fdb3e5753532d984db1c28ec06db1f456fc26996b8d45462cb6a715f702bac0,024a8fd053dcde6ae5f3e982be05c3100f50b5d3c10438580b98d442fcb1076a,"[41, 0, 424, 637]",0.83154296875,383,637,winesensed:157065056,59,val
/mnt/SSD/workspace/wine/data/WineSensed/chunk_001/output_images/chunk_001/-2CUFNFBQtaBE5rERl3ngw.jpg,winesensed,-2CUFNFBQtaBE5rERl3ngw.jpg,winesensed:157739188,,157739188,27d9d241c6d618333faeee65,ok,/mnt/SSD/workspace/wine/data/winesensed_embedding/crops/27/27d9d241c6d618333faeee65.jpg,4c339a3fb218a75fced6bff0798b5ebab75a54917ac1de45974905cdf1c9ed29,a7a1b010478d7e139510a9829da2b42b0442fedcfd2b44685af6dc238e82ab2a,"[93, 0, 370, 616]",0.39599609375,277,616,winesensed:157739188,60,train
/mnt/SSD/workspace/wine/data/WineSensed/chunk_001/output_images/chunk_001/4NnKVCQTRK2uFofb_Lpf6A.jpg,winesensed,4NnKVCQTRK2uFofb_Lpf6A.jpg,winesensed:157739188,,157739188,4305318db252d33443837454,ok,/mnt/SSD/workspace/wine/data/winesensed_embedding/crops/43/4305318db252d33443837454.jpg,4701baa3ffe62137525ac06b69a31a16d252932bfb1a17c811b0e43602f0b651,ed5e774d71aa3664195ce791b974c65ae77ba625aac5a126225d5ee58d7eb725,"[58, 3, 430, 640]",0.299560546875,372,637,winesensed:157739188,60,train
/mnt/SSD/workspace/wine/data/WineSensed/chunk_001/output_images/chunk_001/4yszre4nQUil1MMebNmBZw.jpg,winesensed,4yszre4nQUil1MMebNmBZw.jpg,winesensed:157739188,,157739188,5d37496e41bf6a93a4f239c9,ok,/mnt/SSD/workspace/wine/data/winesensed_embedding/crops/5d/5d37496e41bf6a93a4f239c9.jpg,b4ce75d76db56616d2730789b191c343189c18d9016267d226b502f0469b0a0b,792c25ecde9a83dee04e33d9e45a3b8f9ee0ac4f2d14558e4f7c544c8dcd5131,"[82, 0, 401, 640]",0.595703125,319,640,winesensed:157739188,60,train
/mnt/SSD/workspace/wine/data/WineSensed/chunk_001/output_images/chunk_001/0NuVaYH8RJGVn3oTiPJYTw.jpg,winesensed,0NuVaYH8RJGVn3oTiPJYTw.jpg,winesensed:157739188,,157739188,850c8a5243e0cb9ed0ba9ac3,ok,/mnt/SSD/workspace/wine/data/winesensed_embedding/crops/85/850c8a5243e0cb9ed0ba9ac3.jpg,ce2b1d5773d3706ddf862be08043a4ed03fd24f9da213ebd1b3ef60426e913d4,7fef343bfc60311836594a2b275a1daf4e891aa3ba985666d4d16a564d244102,"[83, 0, 359, 640]",0.8173828125,276,640,winesensed:157739188,60,train
/mnt/SSD/workspace/wine/data/WineSensed/chunk_001/output_images/chunk_001/16aeIgOuTy-EHFvyLeyM4w.jpg,winesensed,16aeIgOuTy-EHFvyLeyM4w.jpg,winesensed:157739188,,157739188,864146f70e30c87f8788c3ac,ok,/mnt/SSD/workspace/wine/data/winesensed_embedding/crops/86/864146f70e30c87f8788c3ac.jpg,5d7e6d710f1b17ea4bec46e1e4a9da5761ee10f70f99104d3db056e03431f9e6,8774c07691919b043df2cdd42d6c3336c7e5071c675ef9c790dd9dc66eb8f0d0,"[24, 2, 412, 640]",0.32763671875,388,638,winesensed:157739188,60,train
/mnt/SSD/workspace/wine/data/WineSensed/chunk_001/output_images/chunk_001/4oYd1xHURuKj9bSgEfqopA.jpg,winesensed,4oYd1xHURuKj9bSgEfqopA.jpg,winesensed:157739188,,157739188,8c99f8528a31b17d8d37fc93,ok,/mnt/SSD/workspace/wine/data/winesensed_embedding/crops/8c/8c99f8528a31b17d8d37fc93.jpg,577cc7bcace5877a3ff2713f821e4c3830efee755686676d062605857d06140c,e3fc768807f08542167867b14ce7c71d4041a2fb576e9f106efd36433f871b67,"[110, 0, 373, 640]",0.798828125,263,640,winesensed:157739188,60,train
/mnt/SSD/workspace/wine/data/WineSensed/chunk_001/output_images/chunk_001/0-tbwHYXTnCIczSLgeS_Hw.jpg,winesensed,0-tbwHYXTnCIczSLgeS_Hw.jpg,winesensed:157739188,,157739188,9d36c8e71c0f4443ee1b3ee6,ok,/mnt/SSD/workspace/wine/data/winesensed_embedding/crops/9d/9d36c8e71c0f4443ee1b3ee6.jpg,157a50a39ded8666235e5a827fa5002998bee7da042cf1f6274695995be5f151,57ebc4f6dfab931cbae02457f76a25fe3f08a0bf121cd01c40c943b405e3182f,"[68, 16, 329, 637]",0.282470703125,261,621,winesensed:157739188,60,train
/mnt/SSD/workspace/wine/data/WineSensed/chunk_001/output_images/chunk_001/0yxd6FEDQg27ABc5Mk96wg.jpg,winesensed,0yxd6FEDQg27ABc5Mk96wg.jpg,winesensed:157739188,,157739188,a106db94b7891800c8d4e296,ok,/mnt/SSD/workspace/wine/data/winesensed_embedding/crops/a1/a106db94b7891800c8d4e296.jpg,ffa351f02b0d84bced139cee2ba826b7cdeb6f13f2b0d5b29d26d3123ec02e98,a787c28a8ebe07a97b315e909b16e2df22036e48c033ac1e35478fb781948ab9,"[106, 6, 396, 640]",0.4853515625,290,634,winesensed:157739188,60,train
/mnt/SSD/workspace/wine/data/WineSensed/chunk_001/output_images/chunk_001/2dPESeT7Sn2gxClo8HZ3rA.jpg,winesensed,2dPESeT7Sn2gxClo8HZ3rA.jpg,winesensed:157739188,,157739188,a4ff128aa62b43750ec0db72,ok,/mnt/SSD/workspace/wine/data/winesensed_embedding/crops/a4/a4ff128aa62b43750ec0db72.jpg,a70859542ceb507031b50f72c16bae90ccfcbf1f1ce2313d71d38c175173c46f,dbc9de5c1e29e764183a9664a6f1830d8f2819b4baf77f50f94c2a44f2898e4b,"[80, 4, 339, 640]",0.5283203125,259,636,winesensed:157739188,60,train
/mnt/SSD/workspace/wine/data/WineSensed/chunk_001/output_images/chunk_001/0Q-C69fjRlOniEGGA7Gayw.jpg,winesensed,0Q-C69fjRlOniEGGA7Gayw.jpg,winesensed:157739188,,157739188,b7befbbcda6b17826dd9a0d2,ok,/mnt/SSD/workspace/wine/data/winesensed_embedding/crops/b7/b7befbbcda6b17826dd9a0d2.jpg,295530fd6e370c4b426a1480d6f72e0cc2d4fe9c17e1c7759e325cd7a061dead,d278617a5faaeaa261055f23b26f7c09a325b2ad3dbf995077f0bbc79c312646,"[89, 0, 398, 640]",0.5419921875,309,640,winesensed:157739188,60,train
/mnt/SSD/workspace/wine/data/WineSensed/chunk_001/output_images/chunk_001/33IK1_x3SJWkgrnl331phA.jpg,winesensed,33IK1_x3SJWkgrnl331phA.jpg,winesensed:157739188,,157739188,c9ac3fec1323d1f00e09f4f8,ok,/mnt/SSD/workspace/wine/data/winesensed_embedding/crops/c9/c9ac3fec1323d1f00e09f4f8.jpg,80ac8fb83744c1a6f753ff4bce0ae9a018d3e7ecbf115abf8654618bc8a78c3f,649a6d6d42e050c231c1cf2bd1ff77290f98297b22160ca381ea2142be635a5c,"[56, 0, 392, 640]",0.5107421875,336,640,winesensed:157739188,60,train
/mnt/SSD/workspace/wine/data/WineSensed/chunk_001/output_images/chunk_001/2YM9Cmp4Rb2gLvMBi1TaLw.jpg,winesensed,2YM9Cmp4Rb2gLvMBi1TaLw.jpg,winesensed:157739188,,157739188,fb39fbc9885401e1e0006c27,ok,/mnt/SSD/workspace/wine/data/winesensed_embedding/crops/fb/fb39fbc9885401e1e0006c27.jpg,45c188815e3c47d3e69ee8135c88574a518eaeb28f1d3ff53c0dad278d4aeaab,49c20c52f029f168355248693bb0112da4c3265371f81fc22b68eff64433b6a2,"[108, 0, 387, 636]",0.3974609375,279,636,winesensed:157739188,60,train
/mnt/SSD/workspace/wine/data/WineSensed/chunk_001/output_images/chunk_001/0LkUiha1QYSDsCDFrhK7MA.jpg,winesensed,0LkUiha1QYSDsCDFrhK7MA.jpg,winesensed:159381531,,159381531,00ed676badbd7203e52ed41a,ok,/mnt/SSD/workspace/wine/data/winesensed_embedding/crops/00/00ed676badbd7203e52ed41a.jpg,2d952fde20f0157fd633c64882b04a82ebd1f13f365da10ef30f46585b5cc182,35bec947e953825c34e61e7fe220b5b4a17584d63f854b8d2e53af97c939d0fd,"[74, 10, 398, 634]",0.382080078125,324,624,winesensed:159381531,61,train
/mnt/SSD/workspace/wine/data/WineSensed/chunk_001/output_images/chunk_001/4nXrkX7mQ_eqBTHgcRRsxA.jpg,winesensed,4nXrkX7mQ_eqBTHgcRRsxA.jpg,winesensed:159381531,,159381531,0e7da08a0f22f3bf7616ad7c,ok,/mnt/SSD/workspace/wine/data/winesensed_embedding/crops/0e/0e7da08a0f22f3bf7616ad7c.jpg,aae2fcee60aa3ac557b9e1d115764f625801374c7c2d572fcfe0a9129ef281a1,3623a5ec9375d0ede69bfbd50b6315d3cefb3ead4b9c4fc3073a9e08e747efc6,"[123, 1, 362, 640]",0.87255859375,239,639,winesensed:159381531,61,train
/mnt/SSD/workspace/wine/data/WineSensed/chunk_002/output_images/chunk_002/73Y_af85RWSAhvuZ1khbAQ.jpg,winesensed,73Y_af85RWSAhvuZ1khbAQ.jpg,winesensed:159381531,,159381531,20f8b1df686994b1aea85790,ok,/mnt/SSD/workspace/wine/data/winesensed_embedding/crops/20/20f8b1df686994b1aea85790.jpg,663b7f36954aa7cfcaee3d56601419c4fe06f1f4654bbf00cf5683e2ffd0c33a,58615fe294215819f99ba489c05cfe5289251001c5904dc4ac917044faaff03e,"[76, 3, 365, 640]",0.59912109375,289,637,winesensed:159381531,61,train
/mnt/SSD/workspace/wine/data/WineSensed/chunk_001/output_images/chunk_001/0e0-UmebT6qcM-aWMGBpHw.jpg,winesensed,0e0-UmebT6qcM-aWMGBpHw.jpg,winesensed:159381531,,159381531,34e5ea01f7999a40e006bb93,ok,/mnt/SSD/workspace/wine/data/winesensed_embedding/crops/34/34e5ea01f7999a40e006bb93.jpg,6b8fc0e9dd2ce15d64bb3305a4883d66a74f9f44aa1389735fb718098e5f7fa1,ffbf697fa5f1b9a6565f865ed93aa482b8b8d5f77aa1fafc0082ca9738edab62,"[105, 13, 396, 639]",0.3271484375,291,626,winesensed:159381531,61,train
/mnt/SSD/workspace/wine/data/WineSensed/chunk_002/output_images/chunk_002/7nisQFMiTkqQhdyiuDLj9w.jpg,winesensed,7nisQFMiTkqQhdyiuDLj9w.jpg,winesensed:159381531,,159381531,3a2749a69ef08ec73e04b548,ok,/mnt/SSD/workspace/wine/data/winesensed_embedding/crops/3a/3a2749a69ef08ec73e04b548.jpg,d09b939a8a2695d7c8f160ca7619f6a4382a53e523ca51a1ef495ff5e111cc3b,970e5965833cbb05457ac04dd77c4c3dc189bf8dbe2f0dbba7aaaf05b460992e,"[78, 0, 328, 640]",0.421630859375,250,640,winesensed:159381531,61,train
/mnt/SSD/workspace/wine/data/WineSensed/chunk_002/output_images/chunk_002/7esvkAacTESK0nPAiu-JCw.jpg,winesensed,7esvkAacTESK0nPAiu-JCw.jpg,winesensed:159381531,,159381531,49d4dfbc5e83a401675ae996,ok,/mnt/SSD/workspace/wine/data/winesensed_embedding/crops/49/49d4dfbc5e83a401675ae996.jpg,026d615dd47b1d0b140632c1089ab6912def4816d07f0e8e52ee31a42b14439a,b5be4afd00cfc4690671cd0f5f5eb7fc2dce6785873869a35b5383dd1a50b057,"[52, 1, 328, 639]",0.29833984375,276,638,winesensed:159381531,61,train
/mnt/SSD/workspace/wine/data/WineSensed/chunk_001/output_images/chunk_001/47c0fhOFRiWOuYhb3pB_sA.jpg,winesensed,47c0fhOFRiWOuYhb3pB_sA.jpg,winesensed:159381531,,159381531,56a0697a5b904ddb7c5dc474,ok,/mnt/SSD/workspace/wine/data/winesensed_embedding/crops/56/56a0697a5b904ddb7c5dc474.jpg,a6bc8861645efb7eb10eb4cd925191eec8d1974d3b303897b3ce6c7efc5c0780,98d6a5ef96e7db60aef11a2ac673226ebcc18fcf3cd2699e3a5dd60700b7d1be,"[141, 0, 371, 640]",0.5205078125,230,640,winesensed:159381531,61,train
/mnt/SSD/workspace/wine/data/WineSensed/chunk_002/output_images/chunk_002/7ewm2aD8RWGaZ9OmUGZZFw.jpg,winesensed,7ewm2aD8RWGaZ9OmUGZZFw.jpg,winesensed:159381531,,159381531,81e0463f5d827651f45d7e07,ok,/mnt/SSD/workspace/wine/data/winesensed_embedding/crops/81/81e0463f5d827651f45d7e07.jpg,31e6395949e03c1cc43ad3384f05968e8532c5ecb910cafa60b23fede053f8cf,403a42f8701fd14a41f00f547f63eed8832b6140348ebbe521563b48a51ace8b,"[327, 0, 479, 635]",0.4130859375,152,635,winesensed:159381531,61,train
/mnt/SSD/workspace/wine/data/WineSensed/chunk_002/output_images/chunk_002/8Yl4BvzaTsqA6KCc47Ec4g.jpg,winesensed,8Yl4BvzaTsqA6KCc47Ec4g.jpg,winesensed:159381531,,159381531,8d95d19df05a9144dba7a780,ok,/mnt/SSD/workspace/wine/data/winesensed_embedding/crops/8d/8d95d19df05a9144dba7a780.jpg,f6aa4d04f72ce57e490f76bdb562451111cadde7f9d711eaba0efacfeb5de0c1,0adba986fde5d4644e993be790b91e498dfe7686416067abfbb7fc6c14b6700f,"[151, 1, 388, 640]",0.853515625,237,639,winesensed:159381531,61,train
/mnt/SSD/workspace/wine/data/WineSensed/chunk_002/output_images/chunk_002/7DVU0nIYRM6dVx4KpL5eww.jpg,winesensed,7DVU0nIYRM6dVx4KpL5eww.jpg,winesensed:159381531,,159381531,c72a66290471770bf11c5fb6,ok,/mnt/SSD/workspace/wine/data/winesensed_embedding/crops/c7/c72a66290471770bf11c5fb6.jpg,470866529742266062c2819af658d85d6380e3260e6aefbde5894017adcd8aee,894f5030ea836661515bc58e704231277b99a94350948f13d3e5352bbe0bf6bd,"[81, 0, 354, 640]",0.80078125,273,640,winesensed:159381531,61,train
/mnt/SSD/workspace/wine/data/WineSensed/chunk_001/output_images/chunk_001/0ar6Jx8IRrSDCUUZ8_JRIg.jpg,winesensed,0ar6Jx8IRrSDCUUZ8_JRIg.jpg,winesensed:159381531,,159381531,d099c249a0ba0581cc26f0ce,ok,/mnt/SSD/workspace/wine/data/winesensed_embedding/crops/d0/d099c249a0ba0581cc26f0ce.jpg,68d2a79652d24051dd6061eb3bb18594da7dd38eefb4ad15d46703fdb2df2cc5,b519773fba26fb489309143de3795ba12a83a43842a0dfa433dc0ad1f8b87b9c,"[84, 0, 349, 639]",0.442626953125,265,639,winesensed:159381531,61,train
/mnt/SSD/workspace/wine/data/WineSensed/chunk_001/output_images/chunk_001/2s7QmD-XTbi_X6P-JHWCzQ.jpg,winesensed,2s7QmD-XTbi_X6P-JHWCzQ.jpg,winesensed:159381531,,159381531,da25629ed949caf5e8220439,ok,/mnt/SSD/workspace/wine/data/winesensed_embedding/crops/da/da25629ed949caf5e8220439.jpg,614cad76cf83ef7107812d1604969ccc49d484670bc0f9d82e2b517029260f37,b20f9e30ed40ea72c5989c995d4939ae76649640184bcb3123df852fe1d7f916,"[75, 0, 360, 640]",0.765625,285,640,winesensed:159381531,61,train
/mnt/SSD/workspace/wine/data/WineSensed/chunk_002/output_images/chunk_002/5Wt-Lwl_TfaJMhnKbkcanQ.jpg,winesensed,5Wt-Lwl_TfaJMhnKbkcanQ.jpg,winesensed:15946126,,15946126,16ceab492c3899098a3935fe,ok,/mnt/SSD/workspace/wine/data/winesensed_embedding/crops/16/16ceab492c3899098a3935fe.jpg,483ede7a60087c0bc78341ff1acc4c921cffa98df981252c3b5e0b6a3e5fe10a,9ecff9bf90788a5f79d625dafabf2275a2553896aa81b2ffd7d184287123751c,"[23, 4, 434, 623]",0.2978515625,411,619,winesensed:15946126,62,train
/mnt/SSD/workspace/wine/data/WineSensed/chunk_001/output_images/chunk_001/21zKKT8HSbmy_ODGudnZug.jpg,winesensed,21zKKT8HSbmy_ODGudnZug.jpg,winesensed:15946126,,15946126,24497ca0be867c2bf7cd2dfe,ok,/mnt/SSD/workspace/wine/data/winesensed_embedding/crops/24/24497ca0be867c2bf7cd2dfe.jpg,73451ef139146b1b5d6fbf6c3ddaee4a13895a7145ffceb1cb3be8e3ecf2f057,61afb5ff32b65310152ff9f2d3ebb034b4a94338098567ab587909b247688aff,"[152, 0, 325, 558]",0.5341796875,173,558,winesensed:15946126,62,train
/mnt/SSD/workspace/wine/data/WineSensed/chunk_001/output_images/chunk_001/0Dbwwur6Sw2Jo5RMsV6jmw.jpg,winesensed,0Dbwwur6Sw2Jo5RMsV6jmw.jpg,winesensed:15946126,,15946126,4426a992a2223e222d541ec3,ok,/mnt/SSD/workspace/wine/data/winesensed_embedding/crops/44/4426a992a2223e222d541ec3.jpg,882c00748621a8403f86479380a6ca7144dd92f54297e93065fcc3a1ae35cce0,66a4fb13f128bfe0288763661a0a811295501dd3e30291a539e8af90306b070f,"[10, 2, 474, 618]",0.36376953125,464,616,winesensed:15946126,62,train
/mnt/SSD/workspace/wine/data/WineSensed/chunk_001/output_images/chunk_001/2BQu2XRgTkWCgJ_JWpwOkw.jpg,winesensed,2BQu2XRgTkWCgJ_JWpwOkw.jpg,winesensed:15946126,,15946126,4e3826767a97276000322f8e,ok,/mnt/SSD/workspace/wine/data/winesensed_embedding/crops/4e/4e3826767a97276000322f8e.jpg,1f63ba2ef3057f1a42870adef971d4f79effee11d4043bd3cde9fa1f45b5ea46,83ba6a9c7d2b8c78615b8cbac6d81643dcba29fafd6b00f43227e3e5f7c1635f,"[37, 0, 423, 634]",0.419677734375,386,634,winesensed:15946126,62,train
/mnt/SSD/workspace/wine/data/WineSensed/chunk_001/output_images/chunk_001/0-D-vmUUQe2gxa2r3gW1Tw.jpg,winesensed,0-D-vmUUQe2gxa2r3gW1Tw.jpg,winesensed:15946126,,15946126,66f0427ac1be06f224689679,ok,/mnt/SSD/workspace/wine/data/winesensed_embedding/crops/66/66f0427ac1be06f224689679.jpg,14737d63d22a4832c7e71a2005f46cd75faf9f438a1542c722afa7101570e08b,c8775a4d79acc36a707c2cafc368043e7c10cb2c51a493430d6f4af81867156f,"[354, 0, 480, 602]",0.626953125,126,602,winesensed:15946126,62,train
/mnt/SSD/workspace/wine/data/WineSensed/chunk_001/output_images/chunk_001/0ZJr20_rR4K1SrvbEdeunQ.jpg,winesensed,0ZJr20_rR4K1SrvbEdeunQ.jpg,winesensed:15946126,,15946126,6f3afbb48c2669164ffd8784,ok,/mnt/SSD/workspace/wine/data/winesensed_embedding/crops/6f/6f3afbb48c2669164ffd8784.jpg,e22a28f5336ba36205630272740c109a5252162f01b2e0c66319f4c6b810cb91,e75f0763818c6c262997ff4069ba5383d51663b02250796cf9c5ae9586ae488a,"[360, 0, 480, 631]",0.67822265625,120,631,winesensed:15946126,62,train
/mnt/SSD/workspace/wine/data/WineSensed/chunk_001/output_images/chunk_001/38rgKgnCRka0HfUxj6yXnA.jpg,winesensed,38rgKgnCRka0HfUxj6yXnA.jpg,winesensed:15946126,,15946126,7083c1959150a3129173362b,ok,/mnt/SSD/workspace/wine/data/winesensed_embedding/crops/70/7083c1959150a3129173362b.jpg,b7a95f8c58c57e505045b3476b05550eddab76d17c69d70aa82b0c192c4afaf9,11907170f39282c56feda0c3b8f05aca3aa99b4bac660b2c256d979b640eb3e6,"[39, 0, 428, 640]",0.63623046875,389,640,winesensed:15946126,62,train
/mnt/SSD/workspace/wine/data/WineSensed/chunk_001/output_images/chunk_001/1-fdbg4WTAWky0i40qbTwA.jpg,winesensed,1-fdbg4WTAWky0i40qbTwA.jpg,winesensed:15946126,,15946126,7cc189e833f00a7f5ee87c49,ok,/mnt/SSD/workspace/wine/data/winesensed_embedding/crops/7c/7cc189e833f00a7f5ee87c49.jpg,02d52f3ba20bfb4dad923fa9249a25749bc2547865b154f749c5f7d0aa5bd067,e0340a56b172757702a775be3df2c75d9a6ae8c7fdac4d7e48b668fbf2944292,"[187, 3, 453, 628]",0.5537109375,266,625,winesensed:15946126,62,train
/mnt/SSD/workspace/wine/data/WineSensed/chunk_001/output_images/chunk_001/2E0dBHwzShq1bDNfrSSCYQ.jpg,winesensed,2E0dBHwzShq1bDNfrSSCYQ.jpg,winesensed:15946126,,15946126,7ccf1582d6ae47461beac9fc,ok,/mnt/SSD/workspace/wine/data/winesensed_embedding/crops/7c/7ccf1582d6ae47461beac9fc.jpg,b556a6de93350c7bd27150b46b938cff934cf0b8e6c62738714cc09a62140531,0685a0e4f6498d69f93f665649fe020daf152be949a9625586852fd44341e0cd,"[0, 2, 463, 618]",0.3984375,463,616,winesensed:15946126,62,train
/mnt/SSD/workspace/wine/data/WineSensed/chunk_002/output_images/chunk_002/5ZaXKqEeSW2YWN_acY2cNQ.jpg,winesensed,5ZaXKqEeSW2YWN_acY2cNQ.jpg,winesensed:15946126,,15946126,ab097584617a704a1ab4ee27,ok,/mnt/SSD/workspace/wine/data/winesensed_embedding/crops/ab/ab097584617a704a1ab4ee27.jpg,4525458233b4e5411d9abfe80520d05878f16b460f409c4bca8cc97983377246,e6854c5a653af292aa66337097cf1b4082b8eeb58053e2c57f8cecbaf7f504f7,"[0, 0, 441, 627]",0.373046875,441,627,winesensed:15946126,62,train
/mnt/SSD/workspace/wine/data/WineSensed/chunk_001/output_images/chunk_001/3aO4oTcLQ1a9MT7QcGdcTA.jpg,winesensed,3aO4oTcLQ1a9MT7QcGdcTA.jpg,winesensed:15946126,,15946126,de2201feab29213f66fa5554,ok,/mnt/SSD/workspace/wine/data/winesensed_embedding/crops/de/de2201feab29213f66fa5554.jpg,e1ed08fc468fbc82ffe50707e312588ac46eef38f085d379861f0299951820db,ac58baa46e2e457ae04eb11901a5ad7557ab34bc2f9efd5c485a5088b050a6af,"[44, 0, 407, 615]",0.47265625,363,615,winesensed:15946126,62,train
/mnt/SSD/workspace/wine/data/WineSensed/chunk_001/output_images/chunk_001/2wo7OrlCTUK2eCnHf9Illg.jpg,winesensed,2wo7OrlCTUK2eCnHf9Illg.jpg,winesensed:15946126,,15946126,e60ca2baecf953e9f386a844,ok,/mnt/SSD/workspace/wine/data/winesensed_embedding/crops/e6/e60ca2baecf953e9f386a844.jpg,82fecabf7e8221396d7df2d84e6fd6e2393e66187a00a9d99fae6354778f810f,e120726655ad1cd04805203cdb41df93b91e3479778fa35df3a83c227ccba733,"[0, 0, 470, 632]",0.272705078125,470,632,winesensed:15946126,62,train
/mnt/SSD/workspace/wine/data/WineSensed/chunk_001/output_images/chunk_001/4ohYNmxPTvSEKpxvdc82mQ.jpg,winesensed,4ohYNmxPTvSEKpxvdc82mQ.jpg,winesensed:159498249,,159498249,01a28a8ebe9173346ef3f607,ok,/mnt/SSD/workspace/wine/data/winesensed_embedding/crops/01/01a28a8ebe9173346ef3f607.jpg,a995f1d04407a359df9130196f82fc67b581ad9df3dae7444938d290bced5c7f,242f301db3dc23117ad29edc0d90c947ed4d63574489316812b6a18691c57825,"[43, 15, 435, 623]",0.607421875,392,608,winesensed:159498249,63,train
/mnt/SSD/workspace/wine/data/WineSensed/chunk_002/output_images/chunk_002/5MHYuXKuRiKLLGZQfOeC0Q.jpg,winesensed,5MHYuXKuRiKLLGZQfOeC0Q.jpg,winesensed:159498249,,159498249,1d5f24b038809a928030363c,ok,/mnt/SSD/workspace/wine/data/winesensed_embedding/crops/1d/1d5f24b038809a928030363c.jpg,363352f0fe619abca723a8167e39ce9b6cf6996b879671eebbf27b98bca39d8f,7247d7070e067d2c8ecffd03cada175bdcc762ea3feb598f30b754160fd3c1cd,"[41, 37, 420, 610]",0.38818359375,379,573,winesensed:159498249,63,train
/mnt/SSD/workspace/wine/data/WineSensed/chunk_001/output_images/chunk_001/1H6TYtkIRsynkDVFKqIyZA.jpg,winesensed,1H6TYtkIRsynkDVFKqIyZA.jpg,winesensed:159498249,,159498249,26514a6a97340d6f94e28475,ok,/mnt/SSD/workspace/wine/data/winesensed_embedding/crops/26/26514a6a97340d6f94e28475.jpg,84c5deac09a23ef87f7816d1bb05f7c7307ccaf77f6941ff5e49ae73f4bfd3bf,e79de6bc63c856ec501a65e7cbaa34305f2886f378768203930b02aa1ae93e1f,"[71, 0, 425, 572]",0.25732421875,354,572,winesensed:159498249,63,train
/mnt/SSD/workspace/wine/data/WineSensed/chunk_001/output_images/chunk_001/0A32pFV7T-OPrGFMefXt_A.jpg,winesensed,0A32pFV7T-OPrGFMefXt_A.jpg,winesensed:159498249,,159498249,3c656e0d2e006db4a9d34db0,ok,/mnt/SSD/workspace/wine/data/winesensed_embedding/crops/3c/3c656e0d2e006db4a9d34db0.jpg,99d6810712bc0bfe19a0a492516899782d66dec7e255609beb844fddee826068,ccb984e6083d4a64c85ec7ec1334acee2a479d7d69355eb2bc1634c816074ab5,"[74, 0, 384, 633]",0.5068359375,310,633,winesensed:159498249,63,train
/mnt/SSD/workspace/wine/data/WineSensed/chunk_001/output_images/chunk_001/2xsoaK03RfeVurSjI5xB6w.jpg,winesensed,2xsoaK03RfeVurSjI5xB6w.jpg,winesensed:159498249,,159498249,3f6f0ffbd60fb88ef6c5d08f,ok,/mnt/SSD/workspace/wine/data/winesensed_embedding/crops/3f/3f6f0ffbd60fb88ef6c5d08f.jpg,f6c68e29e8e8f020c899f53e123ad1d1ee8fd2cf67664b71c6e9b8ff976f5e6a,5d5dc23776adf81b7d69be6e82ba402256d05f07fdc3eb69642b0af5500aebe6,"[60, 44, 404, 633]",0.445556640625,344,589,winesensed:159498249,63,train
/mnt/SSD/workspace/wine/data/WineSensed/chunk_001/output_images/chunk_001/4G6aVlEmRoqr2m804F8Ang.jpg,winesensed,4G6aVlEmRoqr2m804F8Ang.jpg,winesensed:159498249,,159498249,57592e0695575d29c67d238b,ok,/mnt/SSD/workspace/wine/data/winesensed_embedding/crops/57/57592e0695575d29c67d238b.jpg,11b6421e1e86abad43016bdd0c059b6280cf6b62fa2071645d42cf575e49c37e,670496604d5343d80c157ae415e6e9ed904779ec4c0bd1a7dc497f2e1b65fb10,"[16, 0, 411, 588]",0.443603515625,395,588,winesensed:159498249,63,train
/mnt/SSD/workspace/wine/data/WineSensed/chunk_001/output_images/chunk_001/2gQfbdlsRCSzUHGT2uZl3w.jpg,winesensed,2gQfbdlsRCSzUHGT2uZl3w.jpg,winesensed:159498249,,159498249,843f13bc6834adf5d0e128e7,ok,/mnt/SSD/workspace/wine/data/winesensed_embedding/crops/84/843f13bc6834adf5d0e128e7.jpg,adff7dc053bddf48ea6a45081335222f39f7cbd57e02e04edae6f255b6d4ecc4,2a668130221237e386a89045f8fa5dd0e375d32f4e4f383883b8ca103e80a503,"[90, 19, 386, 623]",0.3212890625,296,604,winesensed:159498249,63,train
/mnt/SSD/workspace/wine/data/WineSensed/chunk_001/output_images/chunk_001/2RN9WAhAQt-jY_7JfThTng.jpg,winesensed,2RN9WAhAQt-jY_7JfThTng.jpg,winesensed:159498249,,159498249,b05c8e977c439ba2b33521cb,ok,/mnt/SSD/workspace/wine/data/winesensed_embedding/crops/b0/b05c8e977c439ba2b33521cb.jpg,6f4f70276d86936c0b4798af00a0359953df04437c0ab7a525f4580cbee06600,ce771460e844148518c26457aafdccad599479112111a5f7ebdb86ef103672a3,"[46, 23, 425, 627]",0.7744140625,379,604,winesensed:159498249,63,train
/mnt/SSD/workspace/wine/data/WineSensed/chunk_001/output_images/chunk_001/2Sq8xTYwTkyD3w0fWqsClA.jpg,winesensed,2Sq8xTYwTkyD3w0fWqsClA.jpg,winesensed:159498249,,159498249,b3033619225a4513b98630b7,ok,/mnt/SSD/workspace/wine/data/winesensed_embedding/crops/b3/b3033619225a4513b98630b7.jpg,6320c6ff24e547362b49a383b2c3df07fe556d41343697e91eda4e9e17a1234b,7eb22de15617d7d14125b252ee479835f9ac1525ac7f8d94c5645a62195dbef8,"[139, 0, 387, 606]",0.88818359375,248,606,winesensed:159498249,63,train
/mnt/SSD/workspace/wine/data/WineSensed/chunk_001/output_images/chunk_001/2KKC7s1UQxK-k4hiGNOzdw.jpg,winesensed,2KKC7s1UQxK-k4hiGNOzdw.jpg,winesensed:159498249,,159498249,bff996fdaca05545d650fdaf,ok,/mnt/SSD/workspace/wine/data/winesensed_embedding/crops/bf/bff996fdaca05545d650fdaf.jpg,27c2197a6901659e1f97d6f669144fe905de20fc93e00ae5f6be7d09fabbc500,139546a8bd458eff1d70c17f609b6c370f30f65581dcd442f007e5dcde9a9309,"[67, 0, 443, 639]",0.29296875,376,639,winesensed:159498249,63,train
/mnt/SSD/workspace/wine/data/WineSensed/chunk_001/output_images/chunk_001/00q3NLXcRFqa6u2ZG90SuQ.jpg,winesensed,00q3NLXcRFqa6u2ZG90SuQ.jpg,winesensed:159498249,,159498249,e47796eca0b74c8161c4ebd1,ok,/mnt/SSD/workspace/wine/data/winesensed_embedding/crops/e4/e47796eca0b74c8161c4ebd1.jpg,cbede71edbf2a3898fb2f96b717e7632f3048528ee2ec181d6d1bf5e9488e6f1,13c32007c913959de6290ffaec145cb6fd876b942e200aab86e222fcb7f67f54,"[28, 6, 456, 623]",0.29150390625,428,617,winesensed:159498249,63,train
/mnt/SSD/workspace/wine/data/WineSensed/chunk_001/output_images/chunk_001/4qLs9xwbT5e5RkO0OTkLoQ.jpg,winesensed,4qLs9xwbT5e5RkO0OTkLoQ.jpg,winesensed:159498249,,159498249,ec10d268a4ce30f6a460e944,ok,/mnt/SSD/workspace/wine/data/winesensed_embedding/crops/ec/ec10d268a4ce30f6a460e944.jpg,706918e582914ef21e26a6fae539d703bb289986f684f8c57770ddc9a92493b7,9d3bd6f90b668d6f840a3672cf34f62964d77bac31567c96ea8ad087df622635,"[163, 0, 417, 629]",0.68017578125,254,629,winesensed:159498249,63,train
/mnt/SSD/workspace/wine/data/WineSensed/chunk_001/output_images/chunk_001/1I3u0BNcRzaCJq48_KVBJA.jpg,winesensed,1I3u0BNcRzaCJq48_KVBJA.jpg,winesensed:160136298,,160136298,1b9cf6a7589340f2a2462050,ok,/mnt/SSD/workspace/wine/data/winesensed_embedding/crops/1b/1b9cf6a7589340f2a2462050.jpg,f16f457cadcf981d449ed96ee53a7dd3f8a1a990d4253320ee5bbfa3d2c9fb59,e13bfeb6d5c01355fa97838365da4d2806b51f31dba619e2a57a3c14aafb80f0,"[349, 0, 480, 640]",0.257568359375,131,640,winesensed:160136298,64,train
/mnt/SSD/workspace/wine/data/WineSensed/chunk_001/output_images/chunk_001/1DyArV4RSoesK4XDiyfQfg.jpg,winesensed,1DyArV4RSoesK4XDiyfQfg.jpg,winesensed:160136298,,160136298,1cca64210b45b04871ea0c99,ok,/mnt/SSD/workspace/wine/data/winesensed_embedding/crops/1c/1cca64210b45b04871ea0c99.jpg,d7efcb1dd74a2ec28add95d2e4cffd9373d6aa967a74cdd69ef085cef1b948b0,703561dade6c0ca6c1d3cd76e5feb6df12ceb22420cb3e3b7294b9f79270f1e3,"[107, 0, 346, 638]",0.3349609375,239,638,winesensed:160136298,64,train
/mnt/SSD/workspace/wine/data/WineSensed/chunk_001/output_images/chunk_001/24Qu9c1ZQI6KoyInnNwPGw.jpg,winesensed,24Qu9c1ZQI6KoyInnNwPGw.jpg,winesensed:160136298,,160136298,2535e3eea196dfcc846f8a42,ok,/mnt/SSD/workspace/wine/data/winesensed_embedding/crops/25/2535e3eea196dfcc846f8a42.jpg,1f1b14612a597a187255047030dce3838243c67b95708027012325549e6d56b9,3e36d0c9e7f8cacea1f79f2af7c5d42e84ce0d3fb04d13053d09cca149c31f3f,"[103, 12, 352, 640]",0.3974609375,249,628,winesensed:160136298,64,train
/mnt/SSD/workspace/wine/data/WineSensed/chunk_001/output_images/chunk_001/4ej2SAMrTpGxxICb8XXRtQ.jpg,winesensed,4ej2SAMrTpGxxICb8XXRtQ.jpg,winesensed:160136298,,160136298,27a35aecfec4de6e30774e38,ok,/mnt/SSD/workspace/wine/data/winesensed_embedding/crops/27/27a35aecfec4de6e30774e38.jpg,c66eb25557ac934b5cd2ff1d6d6a13e0d4c7c2648921cf0978c6dd637d8e2430,b81869518b1c282d25e3933d19042ac0fa84ce6087b929aff89785261cb8b7f9,"[57, 5, 360, 634]",0.281005859375,303,629,winesensed:160136298,64,train
/mnt/SSD/workspace/wine/data/WineSensed/chunk_001/output_images/chunk_001/2RQaAl6cTpOiIXd7BsMFJQ.jpg,winesensed,2RQaAl6cTpOiIXd7BsMFJQ.jpg,winesensed:160136298,,160136298,6c4a53018780f04213587271,ok,/mnt/SSD/workspace/wine/data/winesensed_embedding/crops/6c/6c4a53018780f04213587271.jpg,910ba427236a6f0c50b4f055742f228fde3d57bf423d8e196c05147765924595,1a201c3a05ee2761a5e5ac8799d0821db4974b27d48af06b6da22678eb094ebb,"[139, 0, 347, 630]",0.8203125,208,630,winesensed:160136298,64,train
/mnt/SSD/workspace/wine/data/WineSensed/chunk_001/output_images/chunk_001/2IKTSWDZSz2kxFjnVgPgWQ.jpg,winesensed,2IKTSWDZSz2kxFjnVgPgWQ.jpg,winesensed:160136298,,160136298,7f1a1f30751a7a18f1dd6b66,ok,/mnt/SSD/workspace/wine/data/winesensed_embedding/crops/7f/7f1a1f30751a7a18f1dd6b66.jpg,6099d373647df622427d6d211b071e6145bdce65fe729d8ad8824e4e1478cdc4,034c5a96dfa4aae72130f09c01962e3bfe40f24c8bc3e606a5f05d4418249a11,"[149, 4, 322, 578]",0.36376953125,173,574,winesensed:160136298,64,train
/mnt/SSD/workspace/wine/data/WineSensed/chunk_001/output_images/chunk_001/54Y763uRQlW0loTthglCUA.jpg,winesensed,54Y763uRQlW0loTthglCUA.jpg,winesensed:160136298,,160136298,9cec077f3204281dfa03b8e4,ok,/mnt/SSD/workspace/wine/data/winesensed_embedding/crops/9c/9cec077f3204281dfa03b8e4.jpg,e5211e84d4857adee7c33b4fc1ee902e024a5ec34e6d6ace58e6df87b8415f2d,dc6285cd832e26783f169e339601297f86bf7072ffb6f3dfa479dedceff0596e,"[97, 0, 390, 636]",0.2705078125,293,636,winesensed:160136298,64,train
/mnt/SSD/workspace/wine/data/WineSensed/chunk_001/output_images/chunk_001/-Gn_bwIBQr-g1slGzD2sIw.jpg,winesensed,-Gn_bwIBQr-g1slGzD2sIw.jpg,winesensed:160136298,,160136298,be80cee6ba05f7e1deb608f9,ok,/mnt/SSD/workspace/wine/data/winesensed_embedding/crops/be/be80cee6ba05f7e1deb608f9.jpg,0c3de30965604d726c4d88257e5f31be9be33d371d0a4d490d2d07f908ef0df4,4f1fdfec6e45dae32c00bec86a99d10336160c7f929471dc0be10894b28be4da,"[0, 1, 92, 634]",0.264404296875,92,633,winesensed:160136298,64,train
/mnt/SSD/workspace/wine/data/WineSensed/chunk_001/output_images/chunk_001/1fHF4SXBQmKchTCAmsCdOw.jpg,winesensed,1fHF4SXBQmKchTCAmsCdOw.jpg,winesensed:160136298,,160136298,d1fed895aab6fe0be99143f5,ok,/mnt/SSD/workspace/wine/data/winesensed_embedding/crops/d1/d1fed895aab6fe0be99143f5.jpg,348d3514997a98abd9531281b423be46e9176d1d8fa45169cbeb244ce50b5dfd,659d3f2e9230eb5806e710980361e6d70876705b396d0d0123e7896f5b5ee0b7,"[149, 0, 377, 640]",0.759765625,228,640,winesensed:160136298,64,train
/mnt/SSD/workspace/wine/data/WineSensed/chunk_001/output_images/chunk_001/-v3JpxIMQIuYrmxbSxziHw.jpg,winesensed,-v3JpxIMQIuYrmxbSxziHw.jpg,winesensed:160136298,,160136298,e9957450c396bd6cc02116ec,ok,/mnt/SSD/workspace/wine/data/winesensed_embedding/crops/e9/e9957450c396bd6cc02116ec.jpg,10b16ea864409e6a7c9eb1af109d9c52bcd555b989d707b88b9dbcfb742f0ec3,e2495e93bd69cacceeb4a39a2aaf7dd46e167c8a40917ba01812547c958efdb9,"[123, 0, 355, 614]",0.33447265625,232,614,winesensed:160136298,64,train
/mnt/SSD/workspace/wine/data/WineSensed/chunk_001/output_images/chunk_001/-5mIFFlNSaOVOvLw64fu2Q.jpg,winesensed,-5mIFFlNSaOVOvLw64fu2Q.jpg,winesensed:160136298,,160136298,f90fe715a326bcab313f74f9,ok,/mnt/SSD/workspace/wine/data/winesensed_embedding/crops/f9/f90fe715a326bcab313f74f9.jpg,ad7c75ccf1e12c8828b95eae4ca4f5a100213ded2fc2536563481ad69aa76811,5cf813a81935375acd23c7bcd6bc7db46c14d95e9a7bbed4ccae32d3c995099f,"[86, 0, 368, 639]",0.57470703125,282,639,winesensed:160136298,64,train
/mnt/SSD/workspace/wine/data/WineSensed/chunk_001/output_images/chunk_001/0K2s0gYMTCW2Vu90HbZxRg.jpg,winesensed,0K2s0gYMTCW2Vu90HbZxRg.jpg,winesensed:160136298,,160136298,febf800400637b9ed68e2560,ok,/mnt/SSD/workspace/wine/data/winesensed_embedding/crops/fe/febf800400637b9ed68e2560.jpg,4d467b3a2e95fa0fe49bafabec24d83da146531c8fa8b61bdc2f00637356fee3,949031b90b4a8ee319cf92c53bb8a16259fb44c4977771d3ecf443cf537c632b,"[137, 0, 342, 598]",0.67578125,205,598,winesensed:160136298,64,train
/mnt/SSD/workspace/wine/data/WineSensed/chunk_001/output_images/chunk_001/4YZ5CAXeTIKkEVZYI1bqEg.jpg,winesensed,4YZ5CAXeTIKkEVZYI1bqEg.jpg,winesensed:160145589,,160145589,0a02791577240a6e7d1511ec,ok,/mnt/SSD/workspace/wine/data/winesensed_embedding/crops/0a/0a02791577240a6e7d1511ec.jpg,666bfb3faa8faef38bd9b023fb35ab1a38c7948e4dfecf8fee5b859301963f86,d3fe3257ac8d1d3961bcd1c8f33665c098374489cc51743bae4ee4c1b05834de,"[77, 0, 423, 606]",0.72314453125,346,606,winesensed:160145589,65,train
/mnt/SSD/workspace/wine/data/WineSensed/chunk_001/output_images/chunk_001/1Dcqf2kwTEm1F0DyYmNBdg.jpg,winesensed,1Dcqf2kwTEm1F0DyYmNBdg.jpg,winesensed:160145589,,160145589,0ff01de52649dcdfd5e34c16,ok,/mnt/SSD/workspace/wine/data/winesensed_embedding/crops/0f/0ff01de52649dcdfd5e34c16.jpg,722ca1244158358d013542633bfc386e58688a0fa88a0104e297b1c53bbd4245,e2b972fb9a8ce7d27be9760e2b439537f3bd76d3a0fd55f48162799eecc8e811,"[34, 0, 474, 637]",0.69775390625,440,637,winesensed:160145589,65,train
/mnt/SSD/workspace/wine/data/WineSensed/chunk_001/output_images/chunk_001/-yqkTYaEQhCfxkoAF7TCHw.jpg,winesensed,-yqkTYaEQhCfxkoAF7TCHw.jpg,winesensed:160145589,,160145589,2d17db1ae2043cb1ef8dfc6b,ok,/mnt/SSD/workspace/wine/data/winesensed_embedding/crops/2d/2d17db1ae2043cb1ef8dfc6b.jpg,ad41edafd491551fb8d303e90cac1fae74b78a353709dcf460081df5905f4492,47bdb40e682cf76cda33c952ad7e9fb388682ae107a4d5ae45890e74ab757a1e,"[82, 13, 403, 633]",0.3701171875,321,620,winesensed:160145589,65,train
/mnt/SSD/workspace/wine/data/WineSensed/chunk_001/output_images/chunk_001/3QsSgTsYTny4NEkM9l6wOg.jpg,winesensed,3QsSgTsYTny4NEkM9l6wOg.jpg,winesensed:160145589,,160145589,3d82b182f5f318e0ce41e71f,ok,/mnt/SSD/workspace/wine/data/winesensed_embedding/crops/3d/3d82b182f5f318e0ce41e71f.jpg,53b6187ac7e6c0eddb80e234486d7c1d187c06f630400661757d2ab0b2033987,057cb68e0b8f7a9f0bc9147e4bc02bff8f1018f9efb16a5d2860746b6dc0c897,"[98, 0, 380, 640]",0.62255859375,282,640,winesensed:160145589,65,train
/mnt/SSD/workspace/wine/data/WineSensed/chunk_001/output_images/chunk_001/4_2RhN_LThGDH4cwEu0rvw.jpg,winesensed,4_2RhN_LThGDH4cwEu0rvw.jpg,winesensed:160145589,,160145589,9093b90a501c245c8e93658e,ok,/mnt/SSD/workspace/wine/data/winesensed_embedding/crops/90/9093b90a501c245c8e93658e.jpg,56ab0a0c5026d88b099e5c9a4d1de8e35abafba569ed18e4524e7fed56573286,0da10d9c6e71c4eb5526e3e486fb4f0fa9affde279a7782427c2216d3a298ce7,"[74, 45, 416, 635]",0.274658203125,342,590,winesensed:160145589,65,train
/mnt/SSD/workspace/wine/data/WineSensed/chunk_001/output_images/chunk_001/41Kuq86BQnKKBr6raDNNyQ.jpg,winesensed,41Kuq86BQnKKBr6raDNNyQ.jpg,winesensed:160145589,,160145589,9d225bf4e16250fd40821902,ok,/mnt/SSD/workspace/wine/data/winesensed_embedding/crops/9d/9d225bf4e16250fd40821902.jpg,3485f7df6a924ce1ac5e07ff3f7ae21cd12152c3e69290bb8b0caf4e36f0a5cd,57d219de0e8cc676d3e6848209710182a358cdb4014dead0d1568ac7bb0b00bb,"[57, 0, 480, 623]",0.5009765625,423,623,winesensed:160145589,65,train
/mnt/SSD/workspace/wine/data/WineSensed/chunk_001/output_images/chunk_001/4iXz_sREQQepOxN4YN_9ig.jpg,winesensed,4iXz_sREQQepOxN4YN_9ig.jpg,winesensed:160145589,,160145589,b3b97226216fa0c5c5dc41da,ok,/mnt/SSD/workspace/wine/data/winesensed_embedding/crops/b3/b3b97226216fa0c5c5dc41da.jpg,d40ecb0a1a322c467685e35fe0690de4bdd7b32c8d52289b2527f782a86fd706,c48ddd18c9bca9423d22b07fed3a3b83a722bfd2bbe6b9df1d3a774ccbf76f2f,"[66, 1, 433, 640]",0.392333984375,367,639,winesensed:160145589,65,train
/mnt/SSD/workspace/wine/data/WineSensed/chunk_001/output_images/chunk_001/-2qEcmP4T2aVjQkbI6YS9g.jpg,winesensed,-2qEcmP4T2aVjQkbI6YS9g.jpg,winesensed:160145589,,160145589,c600eef0451a410cdce43452,ok,/mnt/SSD/workspace/wine/data/winesensed_embedding/crops/c6/c600eef0451a410cdce43452.jpg,000e17bb141332ae0073078ae2557a90ccccb2902081446dec8e27a0125bbf7c,88f6b53c4ec4c47e6d9bf5fac9b7e68ebec12c194c1971ec09425ca1ae868262,"[0, 0, 429, 640]",0.77685546875,429,640,winesensed:160145589,65,train
/mnt/SSD/workspace/wine/data/WineSensed/chunk_001/output_images/chunk_001/3H_OrB80TQqb6Ak8twa29Q.jpg,winesensed,3H_OrB80TQqb6Ak8twa29Q.jpg,winesensed:160145589,,160145589,e4041b9688b6d989c348e4a1,ok,/mnt/SSD/workspace/wine/data/winesensed_embedding/crops/e4/e4041b9688b6d989c348e4a1.jpg,5c4ea8d256643021d29dc8d3894b5ac53779c0804cbfa6bd293b9c4364c47a86,4124c432e1b810801cf64b83f27815a3b3dec912e942fd80c12cf7426b66cc14,"[15, 15, 472, 640]",0.28173828125,457,625,winesensed:160145589,65,train
/mnt/SSD/workspace/wine/data/WineSensed/chunk_001/output_images/chunk_001/1WWx71oDT-ehLnExmh2PTQ.jpg,winesensed,1WWx71oDT-ehLnExmh2PTQ.jpg,winesensed:160145589,,160145589,ec223b97e79c7a347a0e68fe,ok,/mnt/SSD/workspace/wine/data/winesensed_embedding/crops/ec/ec223b97e79c7a347a0e68fe.jpg,cd4019721c1cdfde240501b861c1ce177cb24136678e5a1120e6cb0b7564fad9,5978517ea0b5a2d47884f4cf177789f47a502b856a5c5c3fb7ae2ae4144aecb5,"[79, 1, 391, 611]",0.349609375,312,610,winesensed:160145589,65,train
/mnt/SSD/workspace/wine/data/WineSensed/chunk_001/output_images/chunk_001/4Q7oWFW2TDGxO_ER97uwiw.jpg,winesensed,4Q7oWFW2TDGxO_ER97uwiw.jpg,winesensed:160145589,,160145589,f65c971c81b865144b688bef,ok,/mnt/SSD/workspace/wine/data/winesensed_embedding/crops/f6/f65c971c81b865144b688bef.jpg,a35528d081c5c31de7bb5f6d7771e097c65f4e25a9af047b23c49a4dc0fcf368,87d207dc842d69f1240a98dd12243caaf0ea7e3b369f72949ed8fb58b8c33539,"[78, 0, 372, 636]",0.56689453125,294,636,winesensed:160145589,65,train
/mnt/SSD/workspace/wine/data/WineSensed/chunk_001/output_images/chunk_001/0Y-pM_DfTkStPmoXoyoNYQ.jpg,winesensed,0Y-pM_DfTkStPmoXoyoNYQ.jpg,winesensed:160145589,,160145589,fed1576a04d497c36a7b50ab,ok,/mnt/SSD/workspace/wine/data/winesensed_embedding/crops/fe/fed1576a04d497c36a7b50ab.jpg,4ed79ec5e02be7da72632160ed41e9d8dbd3d639e9ee4b4fff76c20be9986265,990bcb468fd5b8f21c26a1dbccbeba9f0dc9bf131e1feeaa9626ab5c2e9e222b,"[68, 11, 404, 603]",0.626953125,336,592,winesensed:160145589,65,train
/mnt/SSD/workspace/wine/data/WineSensed/chunk_001/output_images/chunk_001/4gkt-Eb9T1yxEdTS_uXtNw.jpg,winesensed,4gkt-Eb9T1yxEdTS_uXtNw.jpg,winesensed:160199878,,160199878,21ca22b13dd8e9872eed3f28,ok,/mnt/SSD/workspace/wine/data/winesensed_embedding/crops/21/21ca22b13dd8e9872eed3f28.jpg,1877a9a52343b3c7515aabb19236c2495f7178704fd607b23aedd570a99b4a94,5772adee5ae5ff59dc4b9f06c352d97900a6e74fed5881e8d9d058baa19e21c1,"[38, 1, 372, 637]",0.6513671875,334,636,winesensed:160199878,66,train
/mnt/SSD/workspace/wine/data/WineSensed/chunk_001/output_images/chunk_001/2PjUM-Y9QLSjPadEP63dTA.jpg,winesensed,2PjUM-Y9QLSjPadEP63dTA.jpg,winesensed:160199878,,160199878,27a6d304efdb008a20bd8707,ok,/mnt/SSD/workspace/wine/data/winesensed_embedding/crops/27/27a6d304efdb008a20bd8707.jpg,d52083ad8cf0592c997bb09634fb12a56aed0bac59b284c62463178b6e419b7b,7cd9d32a6bea385565ce94a989a2ab2199b6884bb0046be84194721fe6fea9f5,"[139, 0, 329, 640]",0.9052734375,190,640,winesensed:160199878,66,train
/mnt/SSD/workspace/wine/data/WineSensed/chunk_001/output_images/chunk_001/2kRQhSosSaa-L2t83aEj_Q.jpg,winesensed,2kRQhSosSaa-L2t83aEj_Q.jpg,winesensed:160199878,,160199878,293fd5e241248d9db36c9241,ok,/mnt/SSD/workspace/wine/data/winesensed_embedding/crops/29/293fd5e241248d9db36c9241.jpg,1ea58e5028ea6033e0eb059eef068c98344c017987ec0e964c394ffe9945e14e,cf9110c2c74967a52504ab869ae9227035358fda7ec09f9e62bb3b6142c59521,"[70, 0, 420, 623]",0.408203125,350,623,winesensed:160199878,66,train
/mnt/SSD/workspace/wine/data/WineSensed/chunk_002/output_images/chunk_002/6DpxVMupSi27MCT2ykS_Vw.jpg,winesensed,6DpxVMupSi27MCT2ykS_Vw.jpg,winesensed:160199878,,160199878,3d048b42542e8436365b2aa7,ok,/mnt/SSD/workspace/wine/data/winesensed_embedding/crops/3d/3d048b42542e8436365b2aa7.jpg,c80789ed8214cba743671f615ffae95db696edf64fb20723568ae9bd20ca8228,8cd56a2b5126c8517b6f94b446b13c7e97a6247c58e798b90a6213d0ecc8d5b0,"[87, 0, 403, 634]",0.76953125,316,634,winesensed:160199878,66,train
/mnt/SSD/workspace/wine/data/WineSensed/chunk_001/output_images/chunk_001/1j7h22M6TLCOA1gtLuaTNw.jpg,winesensed,1j7h22M6TLCOA1gtLuaTNw.jpg,winesensed:160199878,,160199878,5877289833d0a5db333de0cd,ok,/mnt/SSD/workspace/wine/data/winesensed_embedding/crops/58/5877289833d0a5db333de0cd.jpg,707cb97e2e20a68d4eaf7c5461b8608e15d43aba79543a0f71d93c4d6b75e743,3f9ee285b9ff12ae457b5a217e4f3589cc818aba7e150928545e70045082fa6b,"[69, 4, 394, 640]",0.3603515625,325,636,winesensed:160199878,66,train
/mnt/SSD/workspace/wine/data/WineSensed/chunk_001/output_images/chunk_001/0lLloOO1SsOVCSm3RUfNRQ.jpg,winesensed,0lLloOO1SsOVCSm3RUfNRQ.jpg,winesensed:160199878,,160199878,75ea95f62265bf87dec760b8,ok,/mnt/SSD/workspace/wine/data/winesensed_embedding/crops/75/75ea95f62265bf87dec760b8.jpg,52d713ea87482d22044af39d135d9aaae940b95456d27812b4ee6d2fee260df2,8bbf4256c26023a79734248b80993792b9299e2ed551bac0f260b3bcd93a12e6,"[73, 5, 394, 637]",0.57177734375,321,632,winesensed:160199878,66,train
/mnt/SSD/workspace/wine/data/WineSensed/chunk_002/output_images/chunk_002/7IkhY0rZSZm1onRdBuo9Zg.jpg,winesensed,7IkhY0rZSZm1onRdBuo9Zg.jpg,winesensed:160199878,,160199878,9ba695a70d5e00f0707e4bc7,ok,/mnt/SSD/workspace/wine/data/winesensed_embedding/crops/9b/9ba695a70d5e00f0707e4bc7.jpg,75ec2e927ad7d4c10f6a86232c775a52728c366aa0d693dbacce6c4f4aaec435,060756fc9004a0c08c9f00715a954bbef22901f108ab9989871dcdfc5d524012,"[59, 3, 406, 636]",0.39794921875,347,633,winesensed:160199878,66,train
/mnt/SSD/workspace/wine/data/WineSensed/chunk_002/output_images/chunk_002/8WxMJq2LQ0e0cZZ-ARbzzw.jpg,winesensed,8WxMJq2LQ0e0cZZ-ARbzzw.jpg,winesensed:160199878,,160199878,adb01adde1d69c9e3fbe9fe7,ok,/mnt/SSD/workspace/wine/data/winesensed_embedding/crops/ad/adb01adde1d69c9e3fbe9fe7.jpg,fc81e68e991ac920a4cd36263e268394e9d402c492df1bb65fa2843bf4030dcf,8f8135656e79f406802e43e0ea886a6ad60ee86cce4ca3d500431b42a6356135,"[121, 0, 390, 640]",0.505859375,269,640,winesensed:160199878,66,train
/mnt/SSD/workspace/wine/data/WineSensed/chunk_002/output_images/chunk_002/6ECPQMdVRWO3YGZjJb9WaA.jpg,winesensed,6ECPQMdVRWO3YGZjJb9WaA.jpg,winesensed:160199878,,160199878,cb2ae1f17a92779994f6c7b9,ok,/mnt/SSD/workspace/wine/data/winesensed_embedding/crops/cb/cb2ae1f17a92779994f6c7b9.jpg,230722243d5b062465754eba90dc8fcb7cfccd11c2fa37fd0c573ccaae620747,c707d5af0e2a7cc21bf50e36dc8e75fb66130557ded555fdc5d8572b2c2c086d,"[37, 4, 410, 640]",0.415771484375,373,636,winesensed:160199878,66,train
/mnt/SSD/workspace/wine/data/WineSensed/chunk_002/output_images/chunk_002/9KUeCAQ2S1mHXq9bmuG5xQ.jpg,winesensed,9KUeCAQ2S1mHXq9bmuG5xQ.jpg,winesensed:160199878,,160199878,d771f6dc167eabf934a0ce6c,ok,/mnt/SSD/workspace/wine/data/winesensed_embedding/crops/d7/d771f6dc167eabf934a0ce6c.jpg,2e20c56cb04526b74f6090bbc893c06ee35d0d4beb0c0fb65cc9da195c7f3180,b9d9a310d05d323b6c6c2a6c7ed8858ddd39df3ec07a698dcf93a69cfc2fdbd5,"[65, 0, 414, 611]",0.276611328125,349,611,winesensed:160199878,66,train
/mnt/SSD/workspace/wine/data/WineSensed/chunk_001/output_images/chunk_001/2JQpQyToTTC3wYHJJyR5qQ.jpg,winesensed,2JQpQyToTTC3wYHJJyR5qQ.jpg,winesensed:160199878,,160199878,e415d33cec74e6d1fb81e014,ok,/mnt/SSD/workspace/wine/data/winesensed_embedding/crops/e4/e415d33cec74e6d1fb81e014.jpg,c45c9e17f4a52f482d89c9c061aaa68772e9b60518012c0036615ce828da440f,a0bedba8b40ac4c2544b44c70d720292188bbaf642a9291f27b312c2f4083911,"[26, 0, 426, 640]",0.451416015625,400,640,winesensed:160199878,66,train
/mnt/SSD/workspace/wine/data/WineSensed/chunk_002/output_images/chunk_002/8FfzOai8Sf2aodD9HGnsvg.jpg,winesensed,8FfzOai8Sf2aodD9HGnsvg.jpg,winesensed:160199878,,160199878,f5eef3fd9819cd90254bd753,ok,/mnt/SSD/workspace/wine/data/winesensed_embedding/crops/f5/f5eef3fd9819cd90254bd753.jpg,ea46d132805cfab168b4f7cfc2a7858108e887275290a6bbe3c915f6b9ee3753,ae044633b3e902e64457a8f3a24674e9854a064953c707b07bfee862cf1cf01f,"[124, 1, 362, 622]",0.88427734375,238,621,winesensed:160199878,66,train
/mnt/SSD/workspace/wine/data/WineSensed/chunk_002/output_images/chunk_002/7v35qoORQW26QGtEpP_kEA.jpg,winesensed,7v35qoORQW26QGtEpP_kEA.jpg,winesensed:161375238,,161375238,0664a50183bea7c6723fa089,ok,/mnt/SSD/workspace/wine/data/winesensed_embedding/crops/06/0664a50183bea7c6723fa089.jpg,a24dfa5371c53997e373e92055ed79aef423c0eaf6cc421d84b03b2020b4f271,6cafb6d1882e282f7d5adf4a65070145770bd68c75d5ef9bc2a7d68a1dc68e02,"[85, 0, 409, 640]",0.8681640625,324,640,winesensed:161375238,67,train
/mnt/SSD/workspace/wine/data/WineSensed/chunk_001/output_images/chunk_001/2PDbU29cRNOq1uDDh_LGTg.jpg,winesensed,2PDbU29cRNOq1uDDh_LGTg.jpg,winesensed:161375238,,161375238,18d463a92d9dae704d31d8cd,ok,/mnt/SSD/workspace/wine/data/winesensed_embedding/crops/18/18d463a92d9dae704d31d8cd.jpg,8ac350d5d058dd123074831cc5077d581b3c0622f1ba1b69dec9d797ddab1653,9c9bb4096d564e1684a0decc8f77c62582dad1856af984808ee043dad7befb71,"[57, 0, 410, 640]",0.71484375,353,640,winesensed:161375238,67,train
/mnt/SSD/workspace/wine/data/WineSensed/chunk_002/output_images/chunk_002/6rBNa6NmRYehk73ZLDOqYA.jpg,winesensed,6rBNa6NmRYehk73ZLDOqYA.jpg,winesensed:161375238,,161375238,2494b7bbb0f5bfcef5e34be8,ok,/mnt/SSD/workspace/wine/data/winesensed_embedding/crops/24/2494b7bbb0f5bfcef5e34be8.jpg,3a2793002cb811b64dd482956c6cb109653ec149f317be66e2ff459843c5024c,dbd5590f6f156475b35c5d68fcb7a2ac318ae749b0600e1c5f8034848a5d2570,"[11, 0, 434, 622]",0.5400390625,423,622,winesensed:161375238,67,train
/mnt/SSD/workspace/wine/data/WineSensed/chunk_001/output_images/chunk_001/11LVPkKkRpiTAUoQAFKESQ.jpg,winesensed,11LVPkKkRpiTAUoQAFKESQ.jpg,winesensed:161375238,,161375238,25e70b406f484c9745246c8a,ok,/mnt/SSD/workspace/wine/data/winesensed_embedding/crops/25/25e70b406f484c9745246c8a.jpg,8ef604aa88336c9ad6b2a2143a1df9ef43599aee265cc91b7bd01289c315d4ff,322cf3fda7d9df60173dc30b61607a608465aa7eb922522c360b75a4fbbd08a8,"[39, 0, 467, 608]",0.5947265625,428,608,winesensed:161375238,67,train
/mnt/SSD/workspace/wine/data/WineSensed/chunk_002/output_images/chunk_002/6kwEvvflRjSdCiB3yCUTGQ.jpg,winesensed,6kwEvvflRjSdCiB3yCUTGQ.jpg,winesensed:161375238,,161375238,297d561e643df1d2e1000ea0,ok,/mnt/SSD/workspace/wine/data/winesensed_embedding/crops/29/297d561e643df1d2e1000ea0.jpg,560f9b3df56f5cabb35503c77008917cc159666eddc9be1845cea7ee8c412d24,fb394bb971dafc0291eada8b924ca9bbbea86c3809a8943fc5b40bdbf49b5013,"[40, 0, 417, 640]",0.6982421875,377,640,winesensed:161375238,67,train
/mnt/SSD/workspace/wine/data/WineSensed/chunk_002/output_images/chunk_002/9p15bVJXQ3KOZy1_DPQzsw.jpg,winesensed,9p15bVJXQ3KOZy1_DPQzsw.jpg,winesensed:161375238,,161375238,493c53937fa404227119708e,ok,/mnt/SSD/workspace/wine/data/winesensed_embedding/crops/49/493c53937fa404227119708e.jpg,fc7260ee38967ed1aec6d373b0a77e218e8a9da8ad0d9dd432dccdae4125b877,acc04c4fa91cdc5138d5a414c8aac6e9d7f25eb9557be5620bbc45b735a56f82,"[48, 0, 389, 637]",0.630859375,341,637,winesensed:161375238,67,train
/mnt/SSD/workspace/wine/data/WineSensed/chunk_001/output_images/chunk_001/4HkjuHtgSEyZ8zTN_wQ3nQ.jpg,winesensed,4HkjuHtgSEyZ8zTN_wQ3nQ.jpg,winesensed:161375238,,161375238,4cc27f88e34719dd359e6f4d,ok,/mnt/SSD/workspace/wine/data/winesensed_embedding/crops/4c/4cc27f88e34719dd359e6f4d.jpg,9542eee8eb2af17430d5159a2175f5c4d0e46758119e73f5b2ad48c3249ee8b1,a88a1b57e3a1b6a639b331e60f643437b35d22e8fe134a6e9533235ffaa55dfc,"[72, 0, 432, 640]",0.78076171875,360,640,winesensed:161375238,67,train
/mnt/SSD/workspace/wine/data/WineSensed/chunk_002/output_images/chunk_002/A7FeGPaHRqWdLrNFwVQyRA.jpg,winesensed,A7FeGPaHRqWdLrNFwVQyRA.jpg,winesensed:161375238,,161375238,84a55dfadb8385c26b35d060,ok,/mnt/SSD/workspace/wine/data/winesensed_embedding/crops/84/84a55dfadb8385c26b35d060.jpg,dc33d0aa8bf46f8d1e4e5ec164f236f59349e58b314b109109ff0302295c9844,c2323694a79f4aeaec0a8761d86fc38f465189bb274e1a25bc835f8f9f62b37d,"[95, 0, 420, 640]",0.703125,325,640,winesensed:161375238,67,train
/mnt/SSD/workspace/wine/data/WineSensed/chunk_001/output_images/chunk_001/1JXFy6wdRh2Swz-X0g9XPA.jpg,winesensed,1JXFy6wdRh2Swz-X0g9XPA.jpg,winesensed:161375238,,161375238,8dd0157fb3c5e789ae7a4065,ok,/mnt/SSD/workspace/wine/data/winesensed_embedding/crops/8d/8dd0157fb3c5e789ae7a4065.jpg,b828fb3e3902752a564023b950ec6756fe7060e4518eb7e4fdd431faecfea0dd,a4f3bd64eb6fe46d57898ac11cac08e525ffeb555060795d883a78d9b118cb64,"[74, 0, 397, 640]",0.7099609375,323,640,winesensed:161375238,67,train
/mnt/SSD/workspace/wine/data/WineSensed/chunk_001/output_images/chunk_001/1rTYRcm3SZyTcC6DbqSHKQ.jpg,winesensed,1rTYRcm3SZyTcC6DbqSHKQ.jpg,winesensed:161375238,,161375238,8f429d3d2684caa4bc6f2ad9,ok,/mnt/SSD/workspace/wine/data/winesensed_embedding/crops/8f/8f429d3d2684caa4bc6f2ad9.jpg,778aa4604d33e507c2c8cc7df8c32745daaf1a7bb922b0c98ea6329afc282e03,4a3bd5f404cd1481c33643bbb1060ca3f5ab0d6de74809209be05d2fc35d0bff,"[9, 0, 415, 629]",0.3486328125,406,629,winesensed:161375238,67,train
/mnt/SSD/workspace/wine/data/WineSensed/chunk_001/output_images/chunk_001/0ZLqvWK7S4SIRX9HI0kQBg.jpg,winesensed,0ZLqvWK7S4SIRX9HI0kQBg.jpg,winesensed:161375238,,161375238,a958d1cf9d6e4194427fd4a5,ok,/mnt/SSD/workspace/wine/data/winesensed_embedding/crops/a9/a958d1cf9d6e4194427fd4a5.jpg,58748736d2a62b937e386247d4dc34df06cb91c76aebaf9f16526f157bcf1ed6,85d596d8f8a4e50c955d1ddd567d0ad5a2bf1df467bb287819fe207e99129ba6,"[84, 0, 352, 640]",0.81982421875,268,640,winesensed:161375238,67,train
/mnt/SSD/workspace/wine/data/WineSensed/chunk_002/output_images/chunk_002/8n9YWkaeRgeHGb9e0Y97tw.jpg,winesensed,8n9YWkaeRgeHGb9e0Y97tw.jpg,winesensed:161375238,,161375238,fa9fbdbc90922a2d245891d4,ok,/mnt/SSD/workspace/wine/data/winesensed_embedding/crops/fa/fa9fbdbc90922a2d245891d4.jpg,b31cf2f4a961f8bdf52e06f7eede9f62c016cd77acb97093fb1396b537344621,7f1c7ef9b5c4d17c16d4130df0e9004d0d5e8d7fbbdbc0228de54c84a833d351,"[16, 8, 466, 629]",0.521484375,450,621,winesensed:161375238,67,train
/mnt/SSD/workspace/wine/data/WineSensed/chunk_001/output_images/chunk_001/-LM10QTQRCu4ag9OIo-Q3w.jpg,winesensed,-LM10QTQRCu4ag9OIo-Q3w.jpg,winesensed:162906933,,162906933,052e8c551edfd41919ec60ce,ok,/mnt/SSD/workspace/wine/data/winesensed_embedding/crops/05/052e8c551edfd41919ec60ce.jpg,1a0a204a2a111b50bf6f5778df4aa4269f520407e284ce15905eccdeb305e9b7,16d6df5f4ea3f2f1954e6ab44617b168c0f60d2428d75c2d685ff3b682dfebc9,"[74, 5, 480, 603]",0.478515625,406,598,winesensed:162906933,68,train
/mnt/SSD/workspace/wine/data/WineSensed/chunk_001/output_images/chunk_001/0EWFWv5VQYatoh4x-dClBg.jpg,winesensed,0EWFWv5VQYatoh4x-dClBg.jpg,winesensed:162906933,,162906933,16c76a72ec0acd181ab04685,ok,/mnt/SSD/workspace/wine/data/winesensed_embedding/crops/16/16c76a72ec0acd181ab04685.jpg,2dcd9ddfb1c612721678312b722350003ffa6a35d95783b6ef0480d2aadb45ac,366d9cd1ef256afc9ed7966c65523d5cdfcaaa7c657033aa751f9a7d97374b48,"[101, 0, 413, 639]",0.6884765625,312,639,winesensed:162906933,68,train
/mnt/SSD/workspace/wine/data/WineSensed/chunk_001/output_images/chunk_001/0WFIhimVTdqm5MfO13egRQ.jpg,winesensed,0WFIhimVTdqm5MfO13egRQ.jpg,winesensed:162906933,,162906933,1f7dcb6c897d4afebc300614,ok,/mnt/SSD/workspace/wine/data/winesensed_embedding/crops/1f/1f7dcb6c897d4afebc300614.jpg,499600ebe244e9282fc3e09032eeb495e62922418d0273b125e0449ac09e7862,65bed8b9c2cf05df2a4f437c05cfa6f3f159dbc06e531690fbc3338663c65c2a,"[65, 0, 330, 635]",0.6953125,265,635,winesensed:162906933,68,train
/mnt/SSD/workspace/wine/data/WineSensed/chunk_001/output_images/chunk_001/0VQsD3ilTxKU7lbFt4jeXw.jpg,winesensed,0VQsD3ilTxKU7lbFt4jeXw.jpg,winesensed:162906933,,162906933,509722182e27eb82e9730a36,ok,/mnt/SSD/workspace/wine/data/winesensed_embedding/crops/50/509722182e27eb82e9730a36.jpg,0e5d43ecbd7cef40323c634ce17e2b421bce056e3f842592c4497c22fc904397,4f2294d864632e461d713fcfd481d66c4f0519570366ea52573ef8269aebe3c1,"[60, 1, 404, 631]",0.267333984375,344,630,winesensed:162906933,68,train
/mnt/SSD/workspace/wine/data/WineSensed/chunk_001/output_images/chunk_001/13nbWowkSdWULEZJ4Di7jw.jpg,winesensed,13nbWowkSdWULEZJ4Di7jw.jpg,winesensed:162906933,,162906933,516d472636afbedc82d90b54,ok,/mnt/SSD/workspace/wine/data/winesensed_embedding/crops/51/516d472636afbedc82d90b54.jpg,1d6fbc6e10814cc4dec227ee687c0f0bf9ec1f4c7e342bcd4366f05f821fdcca,3b53d3fe0a79e9433bf61ef8a2df6f676215dbfbcf1a2f2d7241fb9d27fe09e2,"[162, 7, 480, 617]",0.30517578125,318,610,winesensed:162906933,68,train
/mnt/SSD/workspace/wine/data/WineSensed/chunk_001/output_images/chunk_001/-BUU9uvrQtKr_YYVbYiITg.jpg,winesensed,-BUU9uvrQtKr_YYVbYiITg.jpg,winesensed:162906933,,162906933,58ff66991c2470a22b68ed47,ok,/mnt/SSD/workspace/wine/data/winesensed_embedding/crops/58/58ff66991c2470a22b68ed47.jpg,23168c8818f96bd87f13fe28075065cd72c84f9f0be40fb8e4278b9fb8324784,364653add4d286bc0a87e153d00e59bac1a74d36f856b6aaa59a18b90b5b8d2d,"[96, 0, 480, 636]",0.419677734375,384,636,winesensed:162906933,68,train
/mnt/SSD/workspace/wine/data/WineSensed/chunk_001/output_images/chunk_001/0UYsIVYESMSTBgqPX8Md5Q.jpg,winesensed,0UYsIVYESMSTBgqPX8Md5Q.jpg,winesensed:162906933,,162906933,7037f7966d30ea7b68ce1bd0,ok,/mnt/SSD/workspace/wine/data/winesensed_embedding/crops/70/7037f7966d30ea7b68ce1bd0.jpg,e2a081381f238ce82e502517eb501a8a35eb1d377c956881bdd3a5bd32a597bc,01de07a7090984a8478dd3c7f47becd39065ed90de4fcd05860caa16d00f1a11,"[0, 0, 447, 629]",0.43408203125,447,629,winesensed:162906933,68,train
/mnt/SSD/workspace/wine/data/WineSensed/chunk_001/output_images/chunk_001/0UWb9gLyQcyCwug4cn-_hQ.jpg,winesensed,0UWb9gLyQcyCwug4cn-_hQ.jpg,winesensed:162906933,,162906933,9feec546c8beda95bd9eedc4,ok,/mnt/SSD/workspace/wine/data/winesensed_embedding/crops/9f/9feec546c8beda95bd9eedc4.jpg,5d93398e05b91963f6f3d6f65e90894b0c643b83c773b8cf35216a4ea348d264,f5e4be9d40b051d8fc23db764d3249aa96256075a667086fcb2b8d32d6a0620d,"[23, 0, 353, 630]",0.70068359375,330,630,winesensed:162906933,68,train
/mnt/SSD/workspace/wine/data/WineSensed/chunk_001/output_images/chunk_001/-r3JUCvtRT2s2SAER0nsBA.jpg,winesensed,-r3JUCvtRT2s2SAER0nsBA.jpg,winesensed:162906933,,162906933,bc926310627183d9c41a14e4,ok,/mnt/SSD/workspace/wine/data/winesensed_embedding/crops/bc/bc926310627183d9c41a14e4.jpg,fadf86169f6d88621064e4c535c50a85ae57007152264b857310572b41e40089,b4a36e7ae30ae802253e72fdfd795629cc5db7c02416b7624be738fa85b508d9,"[31, 8, 382, 621]",0.309814453125,351,613,winesensed:162906933,68,train
/mnt/SSD/workspace/wine/data/WineSensed/chunk_001/output_images/chunk_001/-IFODS-nS7akNNDJo9VqkQ.jpg,winesensed,-IFODS-nS7akNNDJo9VqkQ.jpg,winesensed:162906933,,162906933,d83eefdfae1fe202aea95e0a,ok,/mnt/SSD/workspace/wine/data/winesensed_embedding/crops/d8/d83eefdfae1fe202aea95e0a.jpg,5f1df972866639b661cf9257f7f0fc8a54f4a80f467aecf420dc869615254575,5b0445e567fbcbd194ee41b7be3759614158834deadd833adc402186f617722f,"[13, 0, 475, 587]",0.408203125,462,587,winesensed:162906933,68,train
/mnt/SSD/workspace/wine/data/WineSensed/chunk_001/output_images/chunk_001/02wB42ZCTqGI5G_tbrMi1A.jpg,winesensed,02wB42ZCTqGI5G_tbrMi1A.jpg,winesensed:162906933,,162906933,deab1998e51e71c35227ad30,ok,/mnt/SSD/workspace/wine/data/winesensed_embedding/crops/de/deab1998e51e71c35227ad30.jpg,71176ef69e8b2962207e29e247e447bf1dc997e0878bf41fcad211af6b3874f3,8830bcff16640c47d15529733da6100d738d37a809755135bfb439658475e787,"[232, 0, 373, 450]",0.630859375,141,450,winesensed:162906933,68,train
/mnt/SSD/workspace/wine/data/WineSensed/chunk_001/output_images/chunk_001/-02ahjAxQPq8btaHW8pjCA.jpg,winesensed,-02ahjAxQPq8btaHW8pjCA.jpg,winesensed:162906933,,162906933,f21ca601bf2d2aa118ab8fbd,ok,/mnt/SSD/workspace/wine/data/winesensed_embedding/crops/f2/f21ca601bf2d2aa118ab8fbd.jpg,45229f8cbf558d46660d98d3cfb21d9ed9f60d29ac14ec3364287054c6a8e0ec,910049cd1acb29ce36f54e320ef8b602489f3967b00c591b554f279318255322,"[68, 1, 471, 640]",0.30859375,403,639,winesensed:162906933,68,train
/mnt/SSD/workspace/wine/data/WineSensed/chunk_001/output_images/chunk_001/0l8SB7m4Rjafzqk_yQLojg.jpg,winesensed,0l8SB7m4Rjafzqk_yQLojg.jpg,winesensed:162913665,,162913665,05ff688e24412329239f4f99,ok,/mnt/SSD/workspace/wine/data/winesensed_embedding/crops/05/05ff688e24412329239f4f99.jpg,3b7ee22d3315a7acc0a436220b7cbb8773405339d1c3db3314f163c69fbb6054,808f379508e782344614af4f20a2e85dd6cb0d95c329409c4fcc964d732d2083,"[66, 0, 369, 640]",0.498046875,303,640,winesensed:162913665,69,train
/mnt/SSD/workspace/wine/data/WineSensed/chunk_001/output_images/chunk_001/1MnOhH06SYOFiRZs9ofonQ.jpg,winesensed,1MnOhH06SYOFiRZs9ofonQ.jpg,winesensed:162913665,,162913665,398f4cf035e731383a6efdbf,ok,/mnt/SSD/workspace/wine/data/winesensed_embedding/crops/39/398f4cf035e731383a6efdbf.jpg,9e7fa128340b291468ad598ab14314347d71fb90b09d71471ffebce5304d4ac1,dd78e81ace791d1b812bd9b88c8e8d6915efeed78c6d92ea1350d5a7fb1abaed,"[53, 0, 416, 637]",0.3984375,363,637,winesensed:162913665,69,train
/mnt/SSD/workspace/wine/data/WineSensed/chunk_001/output_images/chunk_001/0GLKd5GjSF2V5iURpi0XGQ.jpg,winesensed,0GLKd5GjSF2V5iURpi0XGQ.jpg,winesensed:162913665,,162913665,3c93196190cdfbf40568c54c,ok,/mnt/SSD/workspace/wine/data/winesensed_embedding/crops/3c/3c93196190cdfbf40568c54c.jpg,3152249b78d5e9a831f8a0853a3e9b7c4826dc95dc11c2b5d712c1712f991dd2,eab717418cc40dc11491c42d8e26317493d80a77fcc82819e7b2c1723386de64,"[99, 0, 338, 640]",0.83203125,239,640,winesensed:162913665,69,train
/mnt/SSD/workspace/wine/data/WineSensed/chunk_001/output_images/chunk_001/3VrLgds9R3Wb6yNYRGtvCg.jpg,winesensed,3VrLgds9R3Wb6yNYRGtvCg.jpg,winesensed:162913665,,162913665,3e778bc6c0e6227a90aaa48e,ok,/mnt/SSD/workspace/wine/data/winesensed_embedding/crops/3e/3e778bc6c0e6227a90aaa48e.jpg,3a0bba93f24ccc410486b41c2b6b561ecef4d40338df98b58f1879fb99b6f227,ebc2bd5737fef8f2f75f20f02136d2f2c917502c134cda692fabda273311966c,"[103, 0, 359, 640]",0.822265625,256,640,winesensed:162913665,69,train
/mnt/SSD/workspace/wine/data/WineSensed/chunk_001/output_images/chunk_001/2403iNxuSoWh7GIkdAn5Yw.jpg,winesensed,2403iNxuSoWh7GIkdAn5Yw.jpg,winesensed:162913665,,162913665,4e244234fc42d5188c4b1c10,ok,/mnt/SSD/workspace/wine/data/winesensed_embedding/crops/4e/4e244234fc42d5188c4b1c10.jpg,6af372c6834648225b306f1f5dfe96d357a449c5dbf4e409f048551037b26d83,97817a5155b862d8c137efec6078ba86760dd028de4fa0a17761a3163dac4927,"[143, 0, 406, 640]",0.72314453125,263,640,winesensed:162913665,69,train
/mnt/SSD/workspace/wine/data/WineSensed/chunk_001/output_images/chunk_001/051xmUmaTTe_IhFHvOPATg.jpg,winesensed,051xmUmaTTe_IhFHvOPATg.jpg,winesensed:162913665,,162913665,4f6761c835f451e2d52050a3,ok,/mnt/SSD/workspace/wine/data/winesensed_embedding/crops/4f/4f6761c835f451e2d52050a3.jpg,fa970c7b1fa7791846ec2fec01ed182b541064b3aae629bb208ab08de9c551c1,be02e3c2ab3cf623aa7ccea55cfbec3feb34d14ce8f018554f6c108f6892bf8d,"[111, 0, 381, 637]",0.3857421875,270,637,winesensed:162913665,69,train
/mnt/SSD/workspace/wine/data/WineSensed/chunk_002/output_images/chunk_002/748FeuabTPyLuJBDRIxmQw.jpg,winesensed,748FeuabTPyLuJBDRIxmQw.jpg,winesensed:162913665,,162913665,5440c0bfc95e444550687446,ok,/mnt/SSD/workspace/wine/data/winesensed_embedding/crops/54/5440c0bfc95e444550687446.jpg,83a90cf772e696b943a426d5f452e1e3023a45168e71d68e9570cf4f4bfdfdb6,b6d8937043020126eda8d10bd98ecf321302c27ac3ce6888088127d000b5a5f3,"[103, 0, 395, 640]",0.62255859375,292,640,winesensed:162913665,69,train
/mnt/SSD/workspace/wine/data/WineSensed/chunk_002/output_images/chunk_002/8PhRfh_NSfyJc5j6NyZSEg.jpg,winesensed,8PhRfh_NSfyJc5j6NyZSEg.jpg,winesensed:162913665,,162913665,7b2d58e7ec871a4eb350ff64,ok,/mnt/SSD/workspace/wine/data/winesensed_embedding/crops/7b/7b2d58e7ec871a4eb350ff64.jpg,e75aae41a50b7055ce6de35f511b033c774f06174796ff7f60b879cae9fffb6e,0443874678da1eb1ffc407b1697ebff740fe23d6a05230a304a5985cd565d50b,"[93, 0, 416, 637]",0.2509765625,323,637,winesensed:162913665,69,train
/mnt/SSD/workspace/wine/data/WineSensed/chunk_003/output_images/chunk_003/EQsY-jQ7T6Wf5O0upsl3dQ.jpg,winesensed,EQsY-jQ7T6Wf5O0upsl3dQ.jpg,winesensed:162913665,,162913665,81f16afd7952bd247549694a,ok,/mnt/SSD/workspace/wine/data/winesensed_embedding/crops/81/81f16afd7952bd247549694a.jpg,19d116f13a6632b66776441f51085e59eaf5eedc243a3c7d963a12d95a45401f,9758052e2c367e07e5aa821001f1c5bc1a7c06d05fcdb32207081cae9eeab164,"[65, 7, 384, 630]",0.342041015625,319,623,winesensed:162913665,69,train
/mnt/SSD/workspace/wine/data/WineSensed/chunk_001/output_images/chunk_001/2iKnx-kqRXORRfsNvOcZYA.jpg,winesensed,2iKnx-kqRXORRfsNvOcZYA.jpg,winesensed:162913665,,162913665,8d22fec2a9ca31a778bbb6ae,ok,/mnt/SSD/workspace/wine/data/winesensed_embedding/crops/8d/8d22fec2a9ca31a778bbb6ae.jpg,66afd072128f2221857725629839311d827f272f6355eedb2378680beda214cc,a9bfda0fab445abd515887d355fc0db7a77162444c7aa11f30b23166f486824f,"[104, 0, 388, 640]",0.27197265625,284,640,winesensed:162913665,69,train
/mnt/SSD/workspace/wine/data/WineSensed/chunk_001/output_images/chunk_001/-cP_LnORQnyNQczOpLZ-Fw.jpg,winesensed,-cP_LnORQnyNQczOpLZ-Fw.jpg,winesensed:162913665,,162913665,8d56f5dba6d9bcd4bddbc0ba,ok,/mnt/SSD/workspace/wine/data/winesensed_embedding/crops/8d/8d56f5dba6d9bcd4bddbc0ba.jpg,c3583f2efcc9f553fe0c1d51d72f79fcf615fc03ddf9b865aff886bd44fcf170,67237c901c898ed05bff1319ce0ecf15351a99bcbfbf0971b728c84141959b8c,"[82, 8, 337, 640]",0.440673828125,255,632,winesensed:162913665,69,train
/mnt/SSD/workspace/wine/data/WineSensed/chunk_001/output_images/chunk_001/1tqKG5EVT2O0hdcHKldPYw.jpg,winesensed,1tqKG5EVT2O0hdcHKldPYw.jpg,winesensed:162913665,,162913665,8eb3572ebc7a085010db9105,ok,/mnt/SSD/workspace/wine/data/winesensed_embedding/crops/8e/8eb3572ebc7a085010db9105.jpg,b770ccee462e5c3d345312c868d5632a3712327a4891513edc6166d628434bc9,ecb0016189b4483e5c8519559fd8ffd56cd7ab478c8ca73c4fff6e0077a6b5fd,"[133, 0, 385, 640]",0.67041015625,252,640,winesensed:162913665,69,train
/mnt/SSD/workspace/wine/data/WineSensed/chunk_001/output_images/chunk_001/-OGeLyWQTDm1lC2DLST0zQ.jpg,winesensed,-OGeLyWQTDm1lC2DLST0zQ.jpg,winesensed:164942605,,164942605,11a5fdd44cdecd4ff5be8ee1,ok,/mnt/SSD/workspace/wine/data/winesensed_embedding/crops/11/11a5fdd44cdecd4ff5be8ee1.jpg,9cbb04a3d862462d8847f772eafc30175eeb75e79750f54252ea92ef8ed1abe7,99497201a89d853066b451e60a8af45a9d4323e410bd12e13c8dd36f0c34f67a,"[80, 0, 434, 637]",0.337646484375,354,637,winesensed:164942605,70,train
/mnt/SSD/workspace/wine/data/WineSensed/chunk_001/output_images/chunk_001/1JjRY_gSSXiqvKU2uQwR1w.jpg,winesensed,1JjRY_gSSXiqvKU2uQwR1w.jpg,winesensed:164942605,,164942605,3e58a1d53399359946e21e22,ok,/mnt/SSD/workspace/wine/data/winesensed_embedding/crops/3e/3e58a1d53399359946e21e22.jpg,bd59ef64af6851c4fdef1eef44757bbccdee4a23bdb042e6742a797e315c6f3e,53de65a1c1e3c1b4b97f84fd25280ca322f8a94dfaa8c8fc8fbf62f9e64c19f4,"[131, 0, 347, 603]",0.82177734375,216,603,winesensed:164942605,70,train
/mnt/SSD/workspace/wine/data/WineSensed/chunk_001/output_images/chunk_001/-S-cpA34Rseogfru_oVOkw.jpg,winesensed,-S-cpA34Rseogfru_oVOkw.jpg,winesensed:164942605,,164942605,4423e15c964d852876f20139,ok,/mnt/SSD/workspace/wine/data/winesensed_embedding/crops/44/4423e15c964d852876f20139.jpg,755ca3f60faad09c3fa4b8c178cdff1b6aeca2703c1c09639afbc0c90a2b8591,9e7d464945ee3a4bedf31c9de5b87f69e3827d0306e626a921955f306fabb8d4,"[100, 3, 391, 640]",0.450439453125,291,637,winesensed:164942605,70,train
/mnt/SSD/workspace/wine/data/WineSensed/chunk_001/output_images/chunk_001/-ca1Tb64STKvpTkT7vJzPA.jpg,winesensed,-ca1Tb64STKvpTkT7vJzPA.jpg,winesensed:164942605,,164942605,5985041ccc53c4623f8dc0dc,ok,/mnt/SSD/workspace/wine/data/winesensed_embedding/crops/59/5985041ccc53c4623f8dc0dc.jpg,bdf4278852b7ced9a3b900714f418252af5ef0e85c7ff8b070ff97ba30ac08f1,5690433fd8903511412c26381167b3e334712ebd04ea32c1388f7fa8773fc17e,"[152, 0, 350, 639]",0.88330078125,198,639,winesensed:164942605,70,train
/mnt/SSD/workspace/wine/data/WineSensed/chunk_001/output_images/chunk_001/0jQPeauyQLeLo05gy2uZAA.jpg,winesensed,0jQPeauyQLeLo05gy2uZAA.jpg,winesensed:164942605,,164942605,5a04c04f7599ba7b0383f849,ok,/mnt/SSD/workspace/wine/data/winesensed_embedding/crops/5a/5a04c04f7599ba7b0383f849.jpg,f72fbb62926bd0b9fff03b7774288cb6fdaf4c6638e52f46043523413264ae5a,fab81bf30d101134414c38dcdad30f7fb99773dc38fa19dab8c4e4efc9015223,"[39, 0, 359, 633]",0.30859375,320,633,winesensed:164942605,70,train
/mnt/SSD/workspace/wine/data/WineSensed/chunk_001/output_images/chunk_001/1YKnrZbESbi43ks5cx4jVQ.jpg,winesensed,1YKnrZbESbi43ks5cx4jVQ.jpg,winesensed:164942605,,164942605,604fbf8d000a3010f835282e,ok,/mnt/SSD/workspace/wine/data/winesensed_embedding/crops/60/604fbf8d000a3010f835282e.jpg,d148712e2ac734dd0c2c98c8304ee734962dc54e7987b32cd966874e27d4962d,59c458b8fc73ceed3ebbc73a3e3408d7476a5bc4ae1175f5b9e38c9882b66439,"[86, 0, 425, 630]",0.56103515625,339,630,winesensed:164942605,70,train
/mnt/SSD/workspace/wine/data/WineSensed/chunk_001/output_images/chunk_001/1KY2eimLRci65b6UJMKt2g.jpg,winesensed,1KY2eimLRci65b6UJMKt2g.jpg,winesensed:164942605,,164942605,760a6b808546d62f4bdb4d16,ok,/mnt/SSD/workspace/wine/data/winesensed_embedding/crops/76/760a6b808546d62f4bdb4d16.jpg,07d7041acb74dc91c28d52929c1f3326e5f635b9679155bed69c703797de3a45,4c1c13c9539df2eade72f2edcadc7ed4e496d96784a20527f2d2388c6df69ce4,"[72, 2, 410, 623]",0.29541015625,338,621,winesensed:164942605,70,train
/mnt/SSD/workspace/wine/data/WineSensed/chunk_001/output_images/chunk_001/-SewnDmxQH6Mywq31SeWFw.jpg,winesensed,-SewnDmxQH6Mywq31SeWFw.jpg,winesensed:164942605,,164942605,8b1b3d6b1960814d5bdbe201,ok,/mnt/SSD/workspace/wine/data/winesensed_embedding/crops/8b/8b1b3d6b1960814d5bdbe201.jpg,9d56fb9ffbfe94ef4347ba8077c97622da7c5b5b3a2c9b1364542c840e9b4b5a,573ab60fee57fb19330812dc1d72a7c8a5e1e70744cd40c87858d3124d36633c,"[80, 0, 343, 640]",0.7216796875,263,640,winesensed:164942605,70,train
/mnt/SSD/workspace/wine/data/WineSensed/chunk_001/output_images/chunk_001/0EsSrW1jTJCRVWcJQtQa-w.jpg,winesensed,0EsSrW1jTJCRVWcJQtQa-w.jpg,winesensed:164942605,,164942605,95cc5cdb909a9d7d1a65b837,ok,/mnt/SSD/workspace/wine/data/winesensed_embedding/crops/95/95cc5cdb909a9d7d1a65b837.jpg,695fc3e8ecc202dd34547ce1cf62919fd0db1e72c5057f176e7cd1fc05ed9ced,a1b09978860ee76a74b25f122a0555cb7c248cbacbe3c71d9ae871d28a814703,"[81, 42, 227, 595]",0.8876953125,146,553,winesensed:164942605,70,train
/mnt/SSD/workspace/wine/data/WineSensed/chunk_001/output_images/chunk_001/0A5Ah2KxQguoUSxJpGX7mg.jpg,winesensed,0A5Ah2KxQguoUSxJpGX7mg.jpg,winesensed:164942605,,164942605,aa213a058986814ef6461290,ok,/mnt/SSD/workspace/wine/data/winesensed_embedding/crops/aa/aa213a058986814ef6461290.jpg,e6258b3933eec8ddf9cafa7076d3ce117cf4722782ed6c2220af4a8f6e290566,b710c0f6a0c7623f4429f95b9371861150e1ecd07d5be171af06a200f88f9b98,"[0, 0, 83, 623]",0.329345703125,83,623,winesensed:164942605,70,train
/mnt/SSD/workspace/wine/data/WineSensed/chunk_001/output_images/chunk_001/1KU-TtOkQ_WQiwrkKff3PA.jpg,winesensed,1KU-TtOkQ_WQiwrkKff3PA.jpg,winesensed:164942605,,164942605,ad4d7144708ed3d6d07e5f53,ok,/mnt/SSD/workspace/wine/data/winesensed_embedding/crops/ad/ad4d7144708ed3d6d07e5f53.jpg,8910f155952282ae6082634eba1255e4c388f996f878cfa323d79cf9455b35b4,d11422ff420a9b7113ede84f97e3b2fd639dca5202d034c7a992dbd27e927713,"[89, 0, 364, 632]",0.414794921875,275,632,winesensed:164942605,70,train
/mnt/SSD/workspace/wine/data/WineSensed/chunk_001/output_images/chunk_001/012ct36s56gbx.jpg,winesensed,012ct36s56gbx.jpg,winesensed:164942605,,164942605,e74b99eb50f3e4f3430c4b5f,ok,/mnt/SSD/workspace/wine/data/winesensed_embedding/crops/e7/e74b99eb50f3e4f3430c4b5f.jpg,3b12ba163d66acea3cc238577bf94ef30977cbaf7fb1cfb1cf7cc6e25f0b3869,84cdf42f29d4cfe96fee80ee2a2f9fa5837d4151f306518f6be5c71ec0546b80,"[182, 70, 314, 561]",0.94384765625,132,491,winesensed:164942605,70,train
/mnt/SSD/workspace/wine/data/WineSensed/chunk_001/output_images/chunk_001/1ZsB5ZKGQRKJOHYXt0T4NQ.jpg,winesensed,1ZsB5ZKGQRKJOHYXt0T4NQ.jpg,winesensed:164942645,,164942645,034ae14ea03c5f3d03f0e477,ok,/mnt/SSD/workspace/wine/data/winesensed_embedding/crops/03/034ae14ea03c5f3d03f0e477.jpg,08ecc8f1899929d1957eef05185641387911f26e8e42dcb4f1b2eb8e8d0166a2,41e11ce439fb1fbf6d46512b79760307fb6f3a38d5fa073bf69382961a547cee,"[85, 0, 414, 598]",0.4091796875,329,598,winesensed:164942645,71,test
/mnt/SSD/workspace/wine/data/WineSensed/chunk_003/output_images/chunk_003/CnN3e43sSWidRPcs6Dv87g.jpg,winesensed,CnN3e43sSWidRPcs6Dv87g.jpg,winesensed:164942645,,164942645,0b69fd7a3bc9e9d2e6cd7b99,ok,/mnt/SSD/workspace/wine/data/winesensed_embedding/crops/0b/0b69fd7a3bc9e9d2e6cd7b99.jpg,86784352481200aaf6a379a1dbfbac5a2092fb3649e270b4d2b9f08419568648,ce5acc039c9bf635f12ab740ca6d0fd903b848c5c2284468462cfddd0539f08c,"[87, 0, 411, 565]",0.79296875,324,565,winesensed:164942645,71,test
/mnt/SSD/workspace/wine/data/WineSensed/chunk_002/output_images/chunk_002/97fTsHkSTI6yPI4xvAVa_w.jpg,winesensed,97fTsHkSTI6yPI4xvAVa_w.jpg,winesensed:164942645,,164942645,28fcc871091a5f313cef7588,ok,/mnt/SSD/workspace/wine/data/winesensed_embedding/crops/28/28fcc871091a5f313cef7588.jpg,7376e183c9c07db30a4bb299cabe9e8cfbbad91468d008d796cd7720abbe99a3,836bff94020251652c4471cbcd0df34d43c0b3b7157bdab0cf9a2efc4593f591,"[61, 3, 392, 602]",0.67041015625,331,599,winesensed:164942645,71,test
/mnt/SSD/workspace/wine/data/WineSensed/chunk_002/output_images/chunk_002/9QmOoDWcSnO16e2QVDgwIQ.jpg,winesensed,9QmOoDWcSnO16e2QVDgwIQ.jpg,winesensed:164942645,,164942645,31011db7d8af0021834aee93,ok,/mnt/SSD/workspace/wine/data/winesensed_embedding/crops/31/31011db7d8af0021834aee93.jpg,5ac8e6557b7ce2bfbdad92dee1fd8383369696142da64235272c0acb5df16719,336e6f1f79ace5a242ffec52338567d0265e9857a5d541ca15847438df19c986,"[85, 0, 431, 460]",0.53125,346,460,winesensed:164942645,71,test
/mnt/SSD/workspace/wine/data/WineSensed/chunk_002/output_images/chunk_002/61New8YZQM6kxAU8mV4ZTA.jpg,winesensed,61New8YZQM6kxAU8mV4ZTA.jpg,winesensed:164942645,,164942645,457ab4d59d3275ee426e6a86,ok,/mnt/SSD/workspace/wine/data/winesensed_embedding/crops/45/457ab4d59d3275ee426e6a86.jpg,d41d633500e83df9701afe0614c07ed04a14d0b16a93e7168ece768458d2c93d,214bc67f53b64033b81e06f4da09cb02c162dad94f83e51841c22e486970fe0c,"[43, 1, 435, 481]",0.301513671875,392,480,winesensed:164942645,71,test
/mnt/SSD/workspace/wine/data/WineSensed/chunk_001/output_images/chunk_001/4_gdQknITiKCbmUuX9ttPg.jpg,winesensed,4_gdQknITiKCbmUuX9ttPg.jpg,winesensed:164942645,,164942645,4728405e3b050e7f293a9d1f,ok,/mnt/SSD/workspace/wine/data/winesensed_embedding/crops/47/4728405e3b050e7f293a9d1f.jpg,0e26eabd75d0947f4abf4a9eab4700a96cf419184957f1229914cb5c613eaf4c,7504a84b356a3189550b0f5249f292e9f1d2e7611741148a2396eedf5a759140,"[145, 0, 328, 569]",0.79248046875,183,569,winesensed:164942645,71,test
/mnt/SSD/workspace/wine/data/WineSensed/chunk_001/output_images/chunk_001/5GJpRbjJSUOqSq6WxIiR8A.jpg,winesensed,5GJpRbjJSUOqSq6WxIiR8A.jpg,winesensed:164942645,,164942645,4adb294810022748eb33b417,ok,/mnt/SSD/workspace/wine/data/winesensed_embedding/crops/4a/4adb294810022748eb33b417.jpg,c09377053034dc98254fc9b4331bd246bc02b0a3bb10f64ade1bd94fa180325f,736aaa94ea27ad9a30dd6db10218c53da23b6435804d076778707b7f9a2b4577,"[34, 0, 359, 595]",0.330322265625,325,595,winesensed:164942645,71,test
/mnt/SSD/workspace/wine/data/WineSensed/chunk_001/output_images/chunk_001/-8STkG8BR7qx6GqmDrHkPg.jpg,winesensed,-8STkG8BR7qx6GqmDrHkPg.jpg,winesensed:164942645,,164942645,580abb95d060ce23416ff991,ok,/mnt/SSD/workspace/wine/data/winesensed_embedding/crops/58/580abb95d060ce23416ff991.jpg,c00098e1e43c9c14591f87a29e78e9ac81bcffe134692ee8436131f48e5a7847,b00beee4331b0997417e7a45f446b734d0f9edf5fcfe38a66047c18ad093e506,"[0, 0, 480, 619]",0.362548828125,480,619,winesensed:164942645,71,test
/mnt/SSD/workspace/wine/data/WineSensed/chunk_002/output_images/chunk_002/6XevgnRaTqiysBX0L0zwHQ.jpg,winesensed,6XevgnRaTqiysBX0L0zwHQ.jpg,winesensed:164942645,,164942645,5e1c714b0b754847f4b08953,ok,/mnt/SSD/workspace/wine/data/winesensed_embedding/crops/5e/5e1c714b0b754847f4b08953.jpg,0ce608796b4f0efc110e2cdcc61b3006553804cb9dc6a2d1a3ca93b6b3520397,c3e8ae344adb3309c0d99e5a5c71db01a323181e8003bf0777cb95ca9aa10d9f,"[93, 0, 388, 606]",0.6884765625,295,606,winesensed:164942645,71,test
/mnt/SSD/workspace/wine/data/WineSensed/chunk_002/output_images/chunk_002/6R_P1p8US-uG7WXd7GcsPg.jpg,winesensed,6R_P1p8US-uG7WXd7GcsPg.jpg,winesensed:164942645,,164942645,a8c6199dae1b31d600b14ba4,ok,/mnt/SSD/workspace/wine/data/winesensed_embedding/crops/a8/a8c6199dae1b31d600b14ba4.jpg,9c3d3ad331676d4bdfd66d4bddb15bd74b6df663338ccc2e752eb9c30ebd76bc,98f02b2998d4b594aefca1dcb56cb7204cd13ca504595652b7e42e6e03465e5a,"[50, 0, 464, 576]",0.304443359375,414,576,winesensed:164942645,71,test
/mnt/SSD/workspace/wine/data/WineSensed/chunk_002/output_images/chunk_002/BOM5SOnWS0aYN1CtI_UydA.jpg,winesensed,BOM5SOnWS0aYN1CtI_UydA.jpg,winesensed:164942645,,164942645,fc25dd60ad81f2a356fd5f04,ok,/mnt/SSD/workspace/wine/data/winesensed_embedding/crops/fc/fc25dd60ad81f2a356fd5f04.jpg,2055a296a9e0ea4ba54ee1e0e565cc3a73f77968be484cb60b828eb4e690101b,7712c59b552868d33ce8c3f6ff78f34c347d043f0d578f9b0390dbe911813d40,"[44, 0, 442, 637]",0.71923828125,398,637,winesensed:164942645,71,test
/mnt/SSD/workspace/wine/data/WineSensed/chunk_001/output_images/chunk_001/0WNweje_RSWZBA-M0qzVVQ.jpg,winesensed,0WNweje_RSWZBA-M0qzVVQ.jpg,winesensed:164942645,,164942645,fcceb7a7008259d8ed180cf1,ok,/mnt/SSD/workspace/wine/data/winesensed_embedding/crops/fc/fcceb7a7008259d8ed180cf1.jpg,929e348f466c13b61f9577268091ada7eb23abd21184c501393fba853e9ce7a8,de4ebcef693bc3c630cc9fd972c2e2b64697b134bd7a3a0db6ceab610d3fe363,"[98, 0, 419, 569]",0.544921875,321,569,winesensed:164942645,71,test
/mnt/SSD/workspace/wine/data/WineSensed/chunk_003/output_images/chunk_003/Cu2NyGEiTvO5zph_Mffk4w.jpg,winesensed,Cu2NyGEiTvO5zph_Mffk4w.jpg,winesensed:164942767,,164942767,1097fc54d3795caec614c653,ok,/mnt/SSD/workspace/wine/data/winesensed_embedding/crops/10/1097fc54d3795caec614c653.jpg,c5766c8d894d3321ff35a0ec8e6f6140f05b9ff7f6cb2c7ebb9dd5aec1485615,909e1b9c6122119465d22e0ba9921744d0313fdaeb40586f5f31a843ec3f8160,"[67, 0, 357, 581]",0.56494140625,290,581,winesensed:164942767,72,train
/mnt/SSD/workspace/wine/data/WineSensed/chunk_001/output_images/chunk_001/-d2kijHxTSOxV4B1quNIkQ.jpg,winesensed,-d2kijHxTSOxV4B1quNIkQ.jpg,winesensed:164942767,,164942767,30fd90ef75cb30904784d9dd,ok,/mnt/SSD/workspace/wine/data/winesensed_embedding/crops/30/30fd90ef75cb30904784d9dd.jpg,cd18b8efd0fd566c987b79eeaaf742aa142a9f63807475e7ab2fb8df5ecc6927,c0a232757b630f48cc1215a46dc0fafeb245704c6b5d64e17bf606e6e765db3f,"[0, 0, 442, 584]",0.303955078125,442,584,winesensed:164942767,72,train
/mnt/SSD/workspace/wine/data/WineSensed/chunk_001/output_images/chunk_001/3IU9SIfcRHKHri1zQ6ZgoQ.jpg,winesensed,3IU9SIfcRHKHri1zQ6ZgoQ.jpg,winesensed:164942767,,164942767,3adad7bcc3cf3f0febb6436b,ok,/mnt/SSD/workspace/wine/data/winesensed_embedding/crops/3a/3adad7bcc3cf3f0febb6436b.jpg,807d068f9d5b4739d9d443d3fde75cb9080b32ad63b5881ee443c66a626d927e,17611fd271b154e56e33597f52d5a5ab71d20284b5ecd50f51ae9227313d266f,"[0, 0, 415, 630]",0.415771484375,415,630,winesensed:164942767,72,train
/mnt/SSD/workspace/wine/data/WineSensed/chunk_001/output_images/chunk_001/-TgTsm7FRiGzU_Wcq9XCmw.jpg,winesensed,-TgTsm7FRiGzU_Wcq9XCmw.jpg,winesensed:164942767,,164942767,50a5e02dc78a47ea41ce7aeb,ok,/mnt/SSD/workspace/wine/data/winesensed_embedding/crops/50/50a5e02dc78a47ea41ce7aeb.jpg,ebf2f0e1675618f7ac92fc35ac184fffc9872161293e5c716de6c765314aa889,bca26207039ef86d19bb0d388b54bb079a23c6ea720eec7ddab12d3f56bf6831,"[262, 36, 435, 623]",0.521484375,173,587,winesensed:164942767,72,train
/mnt/SSD/workspace/wine/data/WineSensed/chunk_002/output_images/chunk_002/5bEOCcP-SY6lrX4z3wN0lA.jpg,winesensed,5bEOCcP-SY6lrX4z3wN0lA.jpg,winesensed:164942767,,164942767,595ef716d81230c1a6256861,ok,/mnt/SSD/workspace/wine/data/winesensed_embedding/crops/59/595ef716d81230c1a6256861.jpg,1ad771b5e9a9c211861c7bab394e02987e7e2602c9eb7dfea4e71a33767e304f,c80b9196128ecd29a997b6a9881fe6dc750864892932117535a535fa2f885294,"[49, 4, 213, 531]",0.63525390625,164,527,winesensed:164942767,72,train
/mnt/SSD/workspace/wine/data/WineSensed/chunk_002/output_images/chunk_002/7BBY4KeoTVS2KEYz8rnjJQ.jpg,winesensed,7BBY4KeoTVS2KEYz8rnjJQ.jpg,winesensed:164942767,,164942767,62e44d40d94674059bd50067,ok,/mnt/SSD/workspace/wine/data/winesensed_embedding/crops/62/62e44d40d94674059bd50067.jpg,21a9231c6e886e96a3dabd09c80b95c36f235efa1405bf8ae2f59ada928a8548,3cd1dd5b97de52c9ed0daaef24263b92f89362119b56ef10b7706708757eda64,"[7, 5, 478, 611]",0.377197265625,471,606,winesensed:164942767,72,train
/mnt/SSD/workspace/wine/data/WineSensed/chunk_001/output_images/chunk_001/1XVxMzQUS-aHWNQq70ThnA.jpg,winesensed,1XVxMzQUS-aHWNQq70ThnA.jpg,winesensed:164942767,,164942767,a970ef254200bafd7686c036,ok,/mnt/SSD/workspace/wine/data/winesensed_embedding/crops/a9/a970ef254200bafd7686c036.jpg,8673716523a05e1efc892ca68aa01abbe1ea1390428448c689c342d4e1d4ba39,7ef0c1dc743399366a60242baa9aef16d12c74be194f2b3798f3337ef80c1d00,"[87, 0, 367, 633]",0.73046875,280,633,winesensed:164942767,72,train
/mnt/SSD/workspace/wine/data/WineSensed/chunk_001/output_images/chunk_001/3t5pUpKURN6UMIj0TT2oIA.jpg,winesensed,3t5pUpKURN6UMIj0TT2oIA.jpg,winesensed:164942767,,164942767,b98ddca2b284017c5a01b2b5,ok,/mnt/SSD/workspace/wine/data/winesensed_embedding/crops/b9/b98ddca2b284017c5a01b2b5.jpg,d44b1b8537ce946a58ea49827f9dcb937efb764aaddf5243865a4866b78fced0,1ee2320f3470137a7955be49781c9b0dd8b24283e463ee635610f561b04e119b,"[55, 0, 382, 587]",0.8818359375,327,587,winesensed:164942767,72,train
/mnt/SSD/workspace/wine/data/WineSensed/chunk_001/output_images/chunk_001/36PevSDHQvKm6gZipBgMdQ.jpg,winesensed,36PevSDHQvKm6gZipBgMdQ.jpg,winesensed:164942767,,164942767,c8846fb661e76862abb0bfa3,ok,/mnt/SSD/workspace/wine/data/winesensed_embedding/crops/c8/c8846fb661e76862abb0bfa3.jpg,63dd6995050ba8de88427aa30dad00caab7666a10dcfc10401c76bab27d422bf,15dc0fdae8bcff6f2616ba5ae68bed613530acdce082cf5bf63625683016c66a,"[0, 7, 434, 629]",0.30908203125,434,622,winesensed:164942767,72,train
/mnt/SSD/workspace/wine/data/WineSensed/chunk_001/output_images/chunk_001/-PJ4O23FS4GLyuvoe7uWVA.jpg,winesensed,-PJ4O23FS4GLyuvoe7uWVA.jpg,winesensed:164942767,,164942767,d89b320e613d0c79d645bb27,ok,/mnt/SSD/workspace/wine/data/winesensed_embedding/crops/d8/d89b320e613d0c79d645bb27.jpg,5e4672b8110a451eee6f067c0c4927770b65068cbbf174a0f927b01dc2f4c2eb,2a39369fbe7710c4da5399dc96f0d9309a70007bea557e2a03514c426b9bf2dd,"[42, 11, 376, 586]",0.454345703125,334,575,winesensed:164942767,72,train
/mnt/SSD/workspace/wine/data/WineSensed/chunk_002/output_images/chunk_002/65e8VwgmQMiej3Nrb_pi5g.jpg,winesensed,65e8VwgmQMiej3Nrb_pi5g.jpg,winesensed:164942767,,164942767,dd352916fe4fb2c09c00954e,ok,/mnt/SSD/workspace/wine/data/winesensed_embedding/crops/dd/dd352916fe4fb2c09c00954e.jpg,7c4449d872daf7972d6c3c4989e8acf97b15b5675cd0ef2727501c7cdbaafc26,d3e06852c7c78c99caf3181d36ccd93f43cddae9007481412eeea71bd23740c1,"[0, 0, 454, 562]",0.402587890625,454,562,winesensed:164942767,72,train
/mnt/SSD/workspace/wine/data/WineSensed/chunk_002/output_images/chunk_002/8v55u_GNQOaEdPd4fN__jQ.jpg,winesensed,8v55u_GNQOaEdPd4fN__jQ.jpg,winesensed:164942767,,164942767,e37255ff129595f8702f25fb,ok,/mnt/SSD/workspace/wine/data/winesensed_embedding/crops/e3/e37255ff129595f8702f25fb.jpg,e6738bf2cd95e34206f28c5585397390f1164c27dbd759b00a87f48c29145573,0173c9f085b4841cb9f92f688f7246c0864f8bdfda7b13884d41caea043920d6,"[120, 13, 365, 638]",0.5458984375,245,625,winesensed:164942767,72,train
/mnt/SSD/workspace/wine/data/WineSensed/chunk_001/output_images/chunk_001/-TXBmqnjRQmHGWKOw0KlBA.jpg,winesensed,-TXBmqnjRQmHGWKOw0KlBA.jpg,winesensed:164942778,,164942778,04266c3fd975df4495441073,ok,/mnt/SSD/workspace/wine/data/winesensed_embedding/crops/04/04266c3fd975df4495441073.jpg,285bc2496537808c417eca2aaf9c9a47aa7300cfaae4a893b3e44a4abc19602a,42832c9e915ad858997b4e9c02eca2aa42d2a8bff0951caa7dbfd246e6d7e8a4,"[48, 0, 457, 623]",0.5146484375,409,623,winesensed:164942778,73,train
/mnt/SSD/workspace/wine/data/WineSensed/chunk_003/output_images/chunk_003/Fk2_Ak5YRYWquJLTmwf9TQ.jpg,winesensed,Fk2_Ak5YRYWquJLTmwf9TQ.jpg,winesensed:164942778,,164942778,07ca5ed53db332bb236d46c4,ok,/mnt/SSD/workspace/wine/data/winesensed_embedding/crops/07/07ca5ed53db332bb236d46c4.jpg,186080a4b6b166f8d879abc1c47b4c75198c62a10fcefdf50ba2b5958f3bdcf7,04f0ad1f75f1e78e7385cac12e616439bb4d672821efae7ef92837e8430e427a,"[27, 0, 441, 640]",0.71240234375,414,640,winesensed:164942778,73,train
/mnt/SSD/workspace/wine/data/WineSensed/chunk_003/output_images/chunk_003/CoouOH7iR5i_qqxrcESF7w.jpg,winesensed,CoouOH7iR5i_qqxrcESF7w.jpg,winesensed:164942778,,164942778,2454ab253546a6ad35b97285,ok,/mnt/SSD/workspace/wine/data/winesensed_embedding/crops/24/2454ab253546a6ad35b97285.jpg,7df9cfafbd228f4cd368cf79f7f028e4b71e3c25e470f036ea5e2b2be2b3aa09,52c131a937ddfe85100d84a5de17ba28ae8d8d97801cc39561f8d61048a5bc58,"[16, 0, 437, 615]",0.5166015625,421,615,winesensed:164942778,73,train
/mnt/SSD/workspace/wine/data/WineSensed/chunk_002/output_images/chunk_002/5MiS-IJ7S32KioRd7aoxZw.jpg,winesensed,5MiS-IJ7S32KioRd7aoxZw.jpg,winesensed:164942778,,164942778,352080b01fa9e3356c3b5631,ok,/mnt/SSD/workspace/wine/data/winesensed_embedding/crops/35/352080b01fa9e3356c3b5631.jpg,e53b53ce11a49124581085120d1ee1a9868aa130151b061e2e18d73c4fc037dc,b90a2472209a519ba6bd44dc7dd01f93bd667f4f62dec5fff3cb9bfc76f64416,"[75, 0, 480, 624]",0.6611328125,405,624,winesensed:164942778,73,train
/mnt/SSD/workspace/wine/data/WineSensed/chunk_003/output_images/chunk_003/DEw3sUueRkSUpe9o1nA9oQ.jpg,winesensed,DEw3sUueRkSUpe9o1nA9oQ.jpg,winesensed:164942778,,164942778,3a83804440a0b52a05021569,ok,/mnt/SSD/workspace/wine/data/winesensed_embedding/crops/3a/3a83804440a0b52a05021569.jpg,9a949cc582a6bc90cee6da8f73261d3bba2362035d502c8bde48557e84c87a27,216839dcc54b6fadded893f321addad4753c8ff4adde929ba3d6ace674c78d4e,"[43, 0, 435, 542]",0.611328125,392,542,winesensed:164942778,73,train
/mnt/SSD/workspace/wine/data/WineSensed/chunk_002/output_images/chunk_002/6Y0M-QnsSdmtqPRDgEam0g.jpg,winesensed,6Y0M-QnsSdmtqPRDgEam0g.jpg,winesensed:164942778,,164942778,7248fb89c489c1c589549a68,ok,/mnt/SSD/workspace/wine/data/winesensed_embedding/crops/72/7248fb89c489c1c589549a68.jpg,11d18f0abfc770fbe9e808b807368fc3e7d94f2c70baa07b4eecb44a3e96af63,c2fef1e9b0619022cbc1a4172f84233164389f5b6b0273e4ce1383ee1bc40cdf,"[50, 0, 412, 638]",0.81103515625,362,638,winesensed:164942778,73,train
/mnt/SSD/workspace/wine/data/WineSensed/chunk_002/output_images/chunk_002/AHs6-LxwQRSg8cQYaYZ1jA.jpg,winesensed,AHs6-LxwQRSg8cQYaYZ1jA.jpg,winesensed:164942778,,164942778,a0e52965947ed6c71deaabb6,ok,/mnt/SSD/workspace/wine/data/winesensed_embedding/crops/a0/a0e52965947ed6c71deaabb6.jpg,f3e146dd0e816989b5377590ecf34c06fb4bca27f587fa74dba813e409b3e3b6,3c680714ac28b4ade72865fb2f94fa85243de4e8cf0fab3d1fada24a2a09ae80,"[50, 0, 422, 640]",0.65380859375,372,640,winesensed:164942778,73,train
/mnt/SSD/workspace/wine/data/WineSensed/chunk_002/output_images/chunk_002/6NO9oL_3TRy18-o0c-dyMA.jpg,winesensed,6NO9oL_3TRy18-o0c-dyMA.jpg,winesensed:164942778,,164942778,b657100111145b6864aa6965,ok,/mnt/SSD/workspace/wine/data/winesensed_embedding/crops/b6/b657100111145b6864aa6965.jpg,f399499e42e9c8041fe94359b278191b3425900836596b1e0477c2687e9d56b8,0d6beb9ab3650850410f183fbcb7db8f4f1673edb4ef46b8fdb6fc4527048cad,"[21, 3, 456, 622]",0.3701171875,435,619,winesensed:164942778,73,train
/mnt/SSD/workspace/wine/data/WineSensed/chunk_002/output_images/chunk_002/7JFJSiZ7TFKZbxKGgOEDBA.jpg,winesensed,7JFJSiZ7TFKZbxKGgOEDBA.jpg,winesensed:164942778,,164942778,c294dfbb11fd13dc8e124a9f,ok,/mnt/SSD/workspace/wine/data/winesensed_embedding/crops/c2/c294dfbb11fd13dc8e124a9f.jpg,d17d205b01d187fa7f16de73198c158185b1586cb792b408166dd3c6ab40d42c,67350942fa3a63a32a5400c712e994c9ba311374dec331c243db5854f03f5dcf,"[17, 0, 477, 612]",0.38525390625,460,612,winesensed:164942778,73,train
/mnt/SSD/workspace/wine/data/WineSensed/chunk_001/output_images/chunk_001/3QLZveNXRVWPI_6V-g__mQ.jpg,winesensed,3QLZveNXRVWPI_6V-g__mQ.jpg,winesensed:164942778,,164942778,e25bdc8d13a7e11a70d049c8,ok,/mnt/SSD/workspace/wine/data/winesensed_embedding/crops/e2/e25bdc8d13a7e11a70d049c8.jpg,ef1f9e989caf328d12bf1aef2e286fcaf3458866f3a6bc04200a1cf3b6ba2078,8e02162894daeab13647488c02419628dffaac6fa573aaebeeea169e860f9501,"[0, 1, 440, 630]",0.259033203125,440,629,winesensed:164942778,73,train
/mnt/SSD/workspace/wine/data/WineSensed/chunk_002/output_images/chunk_002/BZfo-XNiQqynGm3OYcbvIA.jpg,winesensed,BZfo-XNiQqynGm3OYcbvIA.jpg,winesensed:164942778,,164942778,f17046d97632e6428c24dd14,ok,/mnt/SSD/workspace/wine/data/winesensed_embedding/crops/f1/f17046d97632e6428c24dd14.jpg,03d006d1e6bb66b1c09a36b634f2a7f15d363b9c245662a4d01a0455248fcf83,26167454278377292c7f5878aba057e59af4598a712ddbd9dbee55836844a311,"[69, 0, 367, 522]",0.8056640625,298,522,winesensed:164942778,73,train
/mnt/SSD/workspace/wine/data/WineSensed/chunk_001/output_images/chunk_001/3HFY2U7oRBmcmJ01hE0nQQ.jpg,winesensed,3HFY2U7oRBmcmJ01hE0nQQ.jpg,winesensed:164942778,,164942778,fcd6a3819d214d1d94cd910b,ok,/mnt/SSD/workspace/wine/data/winesensed_embedding/crops/fc/fcd6a3819d214d1d94cd910b.jpg,bf61a6cdf49445e1637a479ed322865c5d7ae59e35f8cf77ac3d169605f37998,56ae6b0d873cf0567c2e6f0735dababa6609ab9dfec2facccc23c3ee19248979,"[8, 0, 449, 504]",0.60498046875,441,504,winesensed:164942778,73,train
/mnt/SSD/workspace/wine/data/WineSensed/chunk_001/output_images/chunk_001/44oaloUATF2Xs0tEfKVjqQ.jpg,winesensed,44oaloUATF2Xs0tEfKVjqQ.jpg,winesensed:20161520,,20161520,0d5989b99735b33561a5ed09,ok,/mnt/SSD/workspace/wine/data/winesensed_embedding/crops/0d/0d5989b99735b33561a5ed09.jpg,4476452c93f7196cbd53e4808d4f95e0999d457447ed3ad3c64f875208e62260,384cfe9843ef69b74f5a4ddb4aac73c6b8e8f28ec8d9113e71dc8d2d59057a3d,"[54, 0, 369, 640]",0.3447265625,315,640,winesensed:20161520,74,train
/mnt/SSD/workspace/wine/data/WineSensed/chunk_001/output_images/chunk_001/1laF0wohRPuJIOzZMjesQQ.jpg,winesensed,1laF0wohRPuJIOzZMjesQQ.jpg,winesensed:20161520,,20161520,20b918eb04a95ecd9df0a8b2,ok,/mnt/SSD/workspace/wine/data/winesensed_embedding/crops/20/20b918eb04a95ecd9df0a8b2.jpg,1bed56423f5ca884db42268bae7450fc4e51f7311128a0518a57f705e3cac787,56753d2bb4e9c32740fac81a724fba7e03aaa67165739ecc7ec0999812b31d4d,"[122, 2, 325, 592]",0.79248046875,203,590,winesensed:20161520,74,train
/mnt/SSD/workspace/wine/data/WineSensed/chunk_001/output_images/chunk_001/2gzPcsVcTwGED-hFjojTEA.jpg,winesensed,2gzPcsVcTwGED-hFjojTEA.jpg,winesensed:20161520,,20161520,3e7df3650103c0e280c8a2ed,ok,/mnt/SSD/workspace/wine/data/winesensed_embedding/crops/3e/3e7df3650103c0e280c8a2ed.jpg,ffb073c81c670a810e1092258491e4bd607d42c19f689dbad5a7fcfe4eb232dc,458832c8cb95e71f4c39e290b8e0387477ba01c2ce27a097bc9d786c165cb4a3,"[93, 1, 399, 637]",0.274658203125,306,636,winesensed:20161520,74,train
/mnt/SSD/workspace/wine/data/WineSensed/chunk_001/output_images/chunk_001/-ijE3DdnRMOPCLv4ezJamw.jpg,winesensed,-ijE3DdnRMOPCLv4ezJamw.jpg,winesensed:20161520,,20161520,590ab590c2719a640a7b5919,ok,/mnt/SSD/workspace/wine/data/winesensed_embedding/crops/59/590ab590c2719a640a7b5919.jpg,965662b37fa9db9a7a8567f6c56949dad78a84419e94f815f5c279daed815dc3,aa42c12147f36bed134ae7493feae32b01c4b281f5a8d6f931b412d19abbee71,"[106, 0, 393, 635]",0.25341796875,287,635,winesensed:20161520,74,train
/mnt/SSD/workspace/wine/data/WineSensed/chunk_001/output_images/chunk_001/0PZSedo5SnSd1s-EXtFoug.jpg,winesensed,0PZSedo5SnSd1s-EXtFoug.jpg,winesensed:20161520,,20161520,5ce4bbe52d023a493819ce18,ok,/mnt/SSD/workspace/wine/data/winesensed_embedding/crops/5c/5ce4bbe52d023a493819ce18.jpg,95e260125e9d065d7b49868f1d0267cfeae723eddbeaaf8fa26d8fc9c31f5d4c,e7f9b77295f77d0cd66e81677ec9f11310c5374cdd4149a17b44b8ec2dd8bb45,"[247, 0, 477, 630]",0.69287109375,230,630,winesensed:20161520,74,train
/mnt/SSD/workspace/wine/data/WineSensed/chunk_002/output_images/chunk_002/64qLSU7PQ3e29SrWdqoD9w.jpg,winesensed,64qLSU7PQ3e29SrWdqoD9w.jpg,winesensed:20161520,,20161520,5f6305a877a200159ee2f630,ok,/mnt/SSD/workspace/wine/data/winesensed_embedding/crops/5f/5f6305a877a200159ee2f630.jpg,abed2ab69237d44c2bfa29bbd41bdc6a2e7d5108c022dae77e0b52692c5ca5eb,94c47f340f270d5b463ccce4b1c9d074793873604bb4e79bb9d88ed9e4fde81a,"[133, 0, 387, 640]",0.88037109375,254,640,winesensed:20161520,74,train
/mnt/SSD/workspace/wine/data/WineSensed/chunk_001/output_images/chunk_001/4cKaHUXXSeKKONsqVQG1WA.jpg,winesensed,4cKaHUXXSeKKONsqVQG1WA.jpg,winesensed:20161520,,20161520,7ab357c8de7ace3cab61868a,ok,/mnt/SSD/workspace/wine/data/winesensed_embedding/crops/7a/7ab357c8de7ace3cab61868a.jpg,a278a310012e991c7595b8194d33e809e542bbcd6096356930fda832c332eeda,2368a08d35842b7074e682b66a62a8efac5c19690cfe5f0c81bd3e1378ae05e2,"[50, 0, 399, 632]",0.436767578125,349,632,winesensed:20161520,74,train
/mnt/SSD/workspace/wine/data/WineSensed/chunk_001/output_images/chunk_001/-6bF5wxyS9yeEFv3vGYI2g.jpg,winesensed,-6bF5wxyS9yeEFv3vGYI2g.jpg,winesensed:20161520,,20161520,9cfac6ddbc4ba9c818b649a6,ok,/mnt/SSD/workspace/wine/data/winesensed_embedding/crops/9c/9cfac6ddbc4ba9c818b649a6.jpg,e5718cb9033268b45f9f9446be74cf10054a4caf5ffe87464f149e3417208f8d,a07f4720cdcd1fae0385de09f91c1f74159bc5ffd875dff78b3810381582869a,"[117, 30, 391, 639]",0.4853515625,274,609,winesensed:20161520,74,train
/mnt/SSD/workspace/wine/data/WineSensed/chunk_001/output_images/chunk_001/4qbHMAlRSf28K0ZzslmAcg.jpg,winesensed,4qbHMAlRSf28K0ZzslmAcg.jpg,winesensed:20161520,,20161520,ad5b1fe41026be0c92f66649,ok,/mnt/SSD/workspace/wine/data/winesensed_embedding/crops/ad/ad5b1fe41026be0c92f66649.jpg,414a29b08c32294b3c7c8618c2d73b7a6cea46186f9d38d7d2a4e3d76aaeccfa,9d77b079c450ffaa47f469b6446f78e8b24492bcbbc4fcb423a6eed08b4ce216,"[81, 1, 356, 640]",0.35400390625,275,639,winesensed:20161520,74,train
/mnt/SSD/workspace/wine/data/WineSensed/chunk_001/output_images/chunk_001/-jG0hbW6TIaziJUha1WDZA.jpg,winesensed,-jG0hbW6TIaziJUha1WDZA.jpg,winesensed:20161520,,20161520,eda746dfbb5dd3e295a19767,ok,/mnt/SSD/workspace/wine/data/winesensed_embedding/crops/ed/eda746dfbb5dd3e295a19767.jpg,1b8c4d0bed4e69642a28ba17eb88f99e3b883d812dcf1661defcca568e2281c7,d73c9d53647d7040f2ad7429c6a47132a55533e070dcfab16b6c81a540946f5a,"[52, 35, 401, 631]",0.2744140625,349,596,winesensed:20161520,74,train
/mnt/SSD/workspace/wine/data/WineSensed/chunk_001/output_images/chunk_001/1xkE2uLHRtG3WfzRyESNqw.jpg,winesensed,1xkE2uLHRtG3WfzRyESNqw.jpg,winesensed:20161520,,20161520,eea7b77fccc829539a2c187f,ok,/mnt/SSD/workspace/wine/data/winesensed_embedding/crops/ee/eea7b77fccc829539a2c187f.jpg,a6fc95bce72b3c85e73515543f65008934339fb698d75540bd720089034c6728,e0972bc4f854c9dd05a759661c5dbf659d01dae46dfae50bec1bd74fab4d0a2e,"[78, 0, 359, 638]",0.337646484375,281,638,winesensed:20161520,74,train
/mnt/SSD/workspace/wine/data/WineSensed/chunk_002/output_images/chunk_002/5Xmvtk0UQEuuBQGWt85xUw.jpg,winesensed,5Xmvtk0UQEuuBQGWt85xUw.jpg,winesensed:20161520,,20161520,f16f907aa29cd3946f0ee120,ok,/mnt/SSD/workspace/wine/data/winesensed_embedding/crops/f1/f16f907aa29cd3946f0ee120.jpg,47c85646526b263d0f2cf2593b5d3b14155e33d1e306c83641ea323031c33659,e5b0966c31e385a28600bc6e530838914d926fd41913c629ed8d73ee388df925,"[76, 31, 412, 627]",0.420654296875,336,596,winesensed:20161520,74,train
/mnt/SSD/workspace/wine/data/WineSensed/chunk_001/output_images/chunk_001/-nI_8xRdQ8adEkthqG1iZQ.jpg,winesensed,-nI_8xRdQ8adEkthqG1iZQ.jpg,winesensed:2160447,,2160447,155ea53fd8da57767732721c,ok,/mnt/SSD/workspace/wine/data/winesensed_embedding/crops/15/155ea53fd8da57767732721c.jpg,9f3c55db5fa42a5279e20ac22dbe1960c95cf4ce5b531ada011f5e3a54eceba5,31210606550f21f3f2ea45b7785badf1be1eab8d992f0ab125953152de523a97,"[55, 0, 380, 639]",0.6103515625,325,639,winesensed:2160447,75,train
/mnt/SSD/workspace/wine/data/WineSensed/chunk_002/output_images/chunk_002/9xtXHDcMTkqbtFxHZZFbTg.jpg,winesensed,9xtXHDcMTkqbtFxHZZFbTg.jpg,winesensed:2160447,,2160447,177653873a49e7672d0045ef,ok,/mnt/SSD/workspace/wine/data/winesensed_embedding/crops/17/177653873a49e7672d0045ef.jpg,bdc9c4c7842172f8702abf1fa2997733bf8e7c53094d9a35dd6d23d1950de3e1,aa3f2919cd89de73eb80f4d955790680132e34ea01893173a09989afb2591a55,"[130, 19, 383, 638]",0.59912109375,253,619,winesensed:2160447,75,train
/mnt/SSD/workspace/wine/data/WineSensed/chunk_001/output_images/chunk_001/4FRWTz6uQeewD4iN8qN0Eg.jpg,winesensed,4FRWTz6uQeewD4iN8qN0Eg.jpg,winesensed:2160447,,2160447,43f70cd6ae10f084a86d72d6,ok,/mnt/SSD/workspace/wine/data/winesensed_embedding/crops/43/43f70cd6ae10f084a86d72d6.jpg,2eac3b4690414b1df952d1bfc528f326af56c971b6952e335c457321e44cf355,c7dc165516a984815c72d55c5ba1a2c38261bda3e370bfa45a293a91ddffb822,"[73, 0, 472, 630]",0.304931640625,399,630,winesensed:2160447,75,train
/mnt/SSD/workspace/wine/data/WineSensed/chunk_001/output_images/chunk_001/4rZ5q2f7SwS0N_dLCCcIPQ.jpg,winesensed,4rZ5q2f7SwS0N_dLCCcIPQ.jpg,winesensed:2160447,,2160447,5d24e95dffc7f52711791ad1,ok,/mnt/SSD/workspace/wine/data/winesensed_embedding/crops/5d/5d24e95dffc7f52711791ad1.jpg,6441f36116b0811ae1dd427e023dee74ac976f76cf57b99d712617e44cb63ac8,7a49457fe997fc2ac69aeef717c74d15dda42709fcb05049f3770c32d21939ef,"[111, 0, 351, 640]",0.391845703125,240,640,winesensed:2160447,75,train
/mnt/SSD/workspace/wine/data/WineSensed/chunk_001/output_images/chunk_001/0Y1SW2qcQAaPdrSvXq_JrA.jpg,winesensed,0Y1SW2qcQAaPdrSvXq_JrA.jpg,winesensed:2160447,,2160447,683f37bc682cc7a12d70132e,ok,/mnt/SSD/workspace/wine/data/winesensed_embedding/crops/68/683f37bc682cc7a12d70132e.jpg,10c1431c274bc18f44d9724a199f7606ed69741ac1b8e5f46c45543d26fbff28,a701b02e5b7731204d5fccfd3c587cef54097053d64ad22d0adb7f99354c1be3,"[9, 5, 451, 631]",0.392333984375,442,626,winesensed:2160447,75,train
/mnt/SSD/workspace/wine/data/WineSensed/chunk_002/output_images/chunk_002/7vu67uPPTSWqjpVHN5VaNw.jpg,winesensed,7vu67uPPTSWqjpVHN5VaNw.jpg,winesensed:2160447,,2160447,6d645f97a9ab0bb5d08bab2f,ok,/mnt/SSD/workspace/wine/data/winesensed_embedding/crops/6d/6d645f97a9ab0bb5d08bab2f.jpg,9f9112f27b12746d8bededea2040a9de65fd67b9aecf563360d9ed74763adcd0,dc3c8f3b0195e1b5b0ec25d7020590ea00c5b51911ff5fe521bdd6515e3668f4,"[161, 0, 364, 636]",0.8486328125,203,636,winesensed:2160447,75,train
/mnt/SSD/workspace/wine/data/WineSensed/chunk_001/output_images/chunk_001/2s8VQr5MTX6CGCX5GGlwHg.jpg,winesensed,2s8VQr5MTX6CGCX5GGlwHg.jpg,winesensed:2160447,,2160447,7910b13100df0360d0069aee,ok,/mnt/SSD/workspace/wine/data/winesensed_embedding/crops/79/7910b13100df0360d0069aee.jpg,dd48253b560fd4160b09cb633ecd68db7556013d6ac493dea3fbe0df1dcb73e8,cb0840f824a8b159190e1fb535446a0456e77b4314e56bd759e22cb8686cfd12,"[34, 0, 389, 629]",0.521484375,355,629,winesensed:2160447,75,train
/mnt/SSD/workspace/wine/data/WineSensed/chunk_003/output_images/chunk_003/EM2L4sGsRGua5uZmkiaQ-w.jpg,winesensed,EM2L4sGsRGua5uZmkiaQ-w.jpg,winesensed:2160447,,2160447,9351bece309c7be24e3f45c2,ok,/mnt/SSD/workspace/wine/data/winesensed_embedding/crops/93/9351bece309c7be24e3f45c2.jpg,5160ebbe6c807b97d2392c652366b201f35622e3c99168e0a3323cc66f10c509,7e21241a2abae96760ca3c2e58c42ba592126496746d36808e28b08de48593be,"[96, 0, 349, 640]",0.79931640625,253,640,winesensed:2160447,75,train
/mnt/SSD/workspace/wine/data/WineSensed/chunk_001/output_images/chunk_001/-y01uwzKT5m5LYv9Ie-X_w.jpg,winesensed,-y01uwzKT5m5LYv9Ie-X_w.jpg,winesensed:2160447,,2160447,a15e5eb5f466ad965c6f44cd,ok,/mnt/SSD/workspace/wine/data/winesensed_embedding/crops/a1/a15e5eb5f466ad965c6f44cd.jpg,3204466d39949871009acc4020a251e4f9039932ad2a726bf9bc8950a6f8ad1f,bcdb98ec924934e6854c62eafb1adf59a84801f543c589434294ab8baefd617c,"[124, 0, 461, 636]",0.48828125,337,636,winesensed:2160447,75,train
/mnt/SSD/workspace/wine/data/WineSensed/chunk_002/output_images/chunk_002/8obYQF24TLuDf2ZfRn32eA.jpg,winesensed,8obYQF24TLuDf2ZfRn32eA.jpg,winesensed:2160447,,2160447,da95d4291f2d74f023a14ec7,ok,/mnt/SSD/workspace/wine/data/winesensed_embedding/crops/da/da95d4291f2d74f023a14ec7.jpg,3f232338957dda755d1eee7cf5836b57fdcb6f6fdeb2a82068dda623f2722f54,a17acba6aaa96d2a7bf993a6432a879de59b177250c669b1d21c0f0f4fe51e67,"[165, 0, 338, 562]",0.66015625,173,562,winesensed:2160447,75,train
/mnt/SSD/workspace/wine/data/WineSensed/chunk_003/output_images/chunk_003/ClfGubauSQ2OQ7tgH-RSrQ.jpg,winesensed,ClfGubauSQ2OQ7tgH-RSrQ.jpg,winesensed:2160447,,2160447,efe85641576ca0a5b5ac7284,ok,/mnt/SSD/workspace/wine/data/winesensed_embedding/crops/ef/efe85641576ca0a5b5ac7284.jpg,7cd4c9a72033a2ca3bf0720a1c7b6c4a74e5d0893f8b6505a4b0b50ebae90ce6,6505d19134994788dc0ea5901ab4467931333cef161321dbc38a11b9e8ffc902,"[27, 0, 445, 631]",0.389892578125,418,631,winesensed:2160447,75,train
/mnt/SSD/workspace/wine/data/WineSensed/chunk_002/output_images/chunk_002/7WUJ7F2eR22z4D1ryHCb9g.jpg,winesensed,7WUJ7F2eR22z4D1ryHCb9g.jpg,winesensed:2160447,,2160447,f9f645861f4344319fbfb01a,ok,/mnt/SSD/workspace/wine/data/winesensed_embedding/crops/f9/f9f645861f4344319fbfb01a.jpg,f2d910f58acf621959ba5b0ab0ee0186083a39aaeac3254caf03eef82f0e3742,11c982b948e6991e1c456fd8a94c58f642f3ba67ca6ec2ce6cd9e88e750ca684,"[76, 0, 389, 621]",0.48046875,313,621,winesensed:2160447,75,train
/mnt/SSD/workspace/wine/data/WineSensed/chunk_002/output_images/chunk_002/BVc-FONGQoqxEoIov0cx7A.jpg,winesensed,BVc-FONGQoqxEoIov0cx7A.jpg,winesensed:37968677,,37968677,3794ca4ad06a116127260565,ok,/mnt/SSD/workspace/wine/data/winesensed_embedding/crops/37/3794ca4ad06a116127260565.jpg,b227b01d9f073778d2ef48980da4c13a43c7ed78b7ddc3aae1bbb8bee952a50a,0f3399c24188a00dbacbca7a984cfc5156f3a81fbaf7bb6cb2d967dbeb9d9f43,"[56, 0, 435, 559]",0.56005859375,379,559,winesensed:37968677,76,train
/mnt/SSD/workspace/wine/data/WineSensed/chunk_001/output_images/chunk_001/3fTP19YHQqe_LmIgU3U5Gw.jpg,winesensed,3fTP19YHQqe_LmIgU3U5Gw.jpg,winesensed:37968677,,37968677,4939035830803bbd31fade93,ok,/mnt/SSD/workspace/wine/data/winesensed_embedding/crops/49/4939035830803bbd31fade93.jpg,23772da0723bf17f8a7a5852fb10a9f577e4e1a5fa6bb6727744dd93a0ce2675,68014c01cd0de9214617e5f74e05588d64bad1dd0afbfc457ef007815bb508af,"[68, 0, 363, 534]",0.38623046875,295,534,winesensed:37968677,76,train
/mnt/SSD/workspace/wine/data/WineSensed/chunk_002/output_images/chunk_002/9fFHZD_RTkS_FZwdGJRUXw.jpg,winesensed,9fFHZD_RTkS_FZwdGJRUXw.jpg,winesensed:37968677,,37968677,4d221750346f6faeb185c1af,ok,/mnt/SSD/workspace/wine/data/winesensed_embedding/crops/4d/4d221750346f6faeb185c1af.jpg,425328241372760c38e9904f1f43fbef812e5f9911f6b8a8669eb58484c4bfb6,7953dd0e638a7b5530d4068615886f8736f42347ccf4f116fbd9e268e8484de6,"[38, 1, 467, 581]",0.43212890625,429,580,winesensed:37968677,76,train
/mnt/SSD/workspace/wine/data/WineSensed/chunk_002/output_images/chunk_002/7U8z0JtCS6K87okJcjg9RQ.jpg,winesensed,7U8z0JtCS6K87okJcjg9RQ.jpg,winesensed:37968677,,37968677,593fe4c5627326a6249092b4,ok,/mnt/SSD/workspace/wine/data/winesensed_embedding/crops/59/593fe4c5627326a6249092b4.jpg,0109e54feca0ff7f7d1a550aff6dba2f9c3b2a917db4587d4e0dbbc25004ada6,eed2e1147583db166013a56817b1836e0844ca3cfc52d67ba949e8ff838e8e4e,"[13, 10, 480, 619]",0.2724609375,467,609,winesensed:37968677,76,train
/mnt/SSD/workspace/wine/data/WineSensed/chunk_001/output_images/chunk_001/4--flzX_TAS5QSlgKWH2iA.jpg,winesensed,4--flzX_TAS5QSlgKWH2iA.jpg,winesensed:37968677,,37968677,87be320ef8211625ccf30530,ok,/mnt/SSD/workspace/wine/data/winesensed_embedding/crops/87/87be320ef8211625ccf30530.jpg,fc3faa989c53815131988c5476e885e077d1dc22f2285ba5d59e76d118295bf9,9ab067c7603cd3b42090839250e065b04da3b203bf56f44760566bcb45812dec,"[51, 0, 421, 637]",0.447509765625,370,637,winesensed:37968677,76,train
/mnt/SSD/workspace/wine/data/WineSensed/chunk_001/output_images/chunk_001/3MIaJAgARAeYytCPq-1Osg.jpg,winesensed,3MIaJAgARAeYytCPq-1Osg.jpg,winesensed:37968677,,37968677,8bdc50c6ad892f2a488c96bd,ok,/mnt/SSD/workspace/wine/data/winesensed_embedding/crops/8b/8bdc50c6ad892f2a488c96bd.jpg,f252dba365741f135ec9b3b2507c4c629026f0464c1b1b0720bf547d9020fdd3,e8f68f1664bd2dabed74ad0ae58738fd55ff1b099f0bb66848c45b6e7465f2dc,"[3, 2, 438, 558]",0.72802734375,435,556,winesensed:37968677,76,train
/mnt/SSD/workspace/wine/data/WineSensed/chunk_001/output_images/chunk_001/1OBZgsRgQ2ilOLwKxF36qA.jpg,winesensed,1OBZgsRgQ2ilOLwKxF36qA.jpg,winesensed:37968677,,37968677,b37385cf33c7096996afbae0,ok,/mnt/SSD/workspace/wine/data/winesensed_embedding/crops/b3/b37385cf33c7096996afbae0.jpg,b5dc57cd88d054e4a235c115101beda74a96bedc511506d7bced6f2d47b84b6b,5d7025c2bf69d0628b117d7d276ffa0c067b8ea4f2f710e9c218570d4c3fe98a,"[54, 0, 408, 620]",0.67919921875,354,620,winesensed:37968677,76,train
/mnt/SSD/workspace/wine/data/WineSensed/chunk_002/output_images/chunk_002/7UbE1l5JSqKGjXEikWSaIw.jpg,winesensed,7UbE1l5JSqKGjXEikWSaIw.jpg,winesensed:37968677,,37968677,b81cb9062ab13b75b19a0e38,ok,/mnt/SSD/workspace/wine/data/winesensed_embedding/crops/b8/b81cb9062ab13b75b19a0e38.jpg,16cf4642c9be7b768be3d4cddaa7bbae0d36e334f7797cb4a8bccca177893cf1,a6ec3d4adb2a7a7abd8261757a0cd18da443df31578627a7701aba63572b932c,"[35, 6, 465, 581]",0.366943359375,430,575,winesensed:37968677,76,train
/mnt/SSD/workspace/wine/data/WineSensed/chunk_003/output_images/chunk_003/Bzv_OzU0TTO76x_RRMtXEw.jpg,winesensed,Bzv_OzU0TTO76x_RRMtXEw.jpg,winesensed:37968677,,37968677,dc36b1d6a7f079c1aa249ebc,ok,/mnt/SSD/workspace/wine/data/winesensed_embedding/crops/dc/dc36b1d6a7f079c1aa249ebc.jpg,71364d72a832465ea1fd219a7f03a34478a071101c51cc445a1021a06184b997,793fdafe032ccc7f28ae752a70357c292b93f5455d93c08b97752f4261bffb38,"[30, 36, 477, 620]",0.264404296875,447,584,winesensed:37968677,76,train
/mnt/SSD/workspace/wine/data/WineSensed/chunk_001/output_images/chunk_001/2_9bFxpfQUKerIyyIvzcQw.jpg,winesensed,2_9bFxpfQUKerIyyIvzcQw.jpg,winesensed:37968677,,37968677,e7710201610dfdd4c3d8e24b,ok,/mnt/SSD/workspace/wine/data/winesensed_embedding/crops/e7/e7710201610dfdd4c3d8e24b.jpg,9f58e683c1c4151fbbc4232bae497e1e1bf057104ca49a150caa4886d4deb4c9,650d68506978c0b521cb6004aa5ad73124a0fd5021bc4c4c0775c95c43c6cb9c,"[99, 0, 386, 603]",0.83154296875,287,603,winesensed:37968677,76,train
/mnt/SSD/workspace/wine/data/WineSensed/chunk_001/output_images/chunk_001/-JyNpDbrRuGdsAvWgMyVgg.jpg,winesensed,-JyNpDbrRuGdsAvWgMyVgg.jpg,winesensed:37968677,,37968677,eb9af665bd27428cfd30927d,ok,/mnt/SSD/workspace/wine/data/winesensed_embedding/crops/eb/eb9af665bd27428cfd30927d.jpg,438484e17516ac724550e79d54f8dde2713adb4dc4fb1cd9165d356810ae1ce1,155d055beed02305cfd9d8872d4fb15e00db7bf6632673f9db81d0a9db0c7b28,"[8, 2, 452, 627]",0.4873046875,444,625,winesensed:37968677,76,train
/mnt/SSD/workspace/wine/data/WineSensed/chunk_002/output_images/chunk_002/ATK7E0hyRry6YMc6lG36rA.jpg,winesensed,ATK7E0hyRry6YMc6lG36rA.jpg,winesensed:37968677,,37968677,fec30d86beb0b58ab1b4df08,ok,/mnt/SSD/workspace/wine/data/winesensed_embedding/crops/fe/fec30d86beb0b58ab1b4df08.jpg,3e52cd5f30589b9dae19f434afa4cc42549eb215dda90a8011fd9fb2083a7dd7,9cd41ad633ba3da98db55d2338baadea3d7765840e6673eeee11b3e0e2418f5c,"[91, 3, 405, 640]",0.703125,314,637,winesensed:37968677,76,train
/mnt/SSD/workspace/wine/data/WineSensed/chunk_002/output_images/chunk_002/6RN-4FHlSSun5faR1TuGyQ.jpg,winesensed,6RN-4FHlSSun5faR1TuGyQ.jpg,winesensed:3978071,,3978071,28336b1884c972ea1eb47283,ok,/mnt/SSD/workspace/wine/data/winesensed_embedding/crops/28/28336b1884c972ea1eb47283.jpg,51923c7b9c9562a2f68e5fe263870170a97c74667eda8bd122fe34e390730ae9,e1e13aac96a58c5c0eb775cf06472f406702437bff209b99049f0efc44d9766d,"[100, 1, 425, 640]",0.79736328125,325,639,winesensed:3978071,77,train
/mnt/SSD/workspace/wine/data/WineSensed/chunk_001/output_images/chunk_001/3Wab8ygNSjuC6ZrjG1S5Ug.jpg,winesensed,3Wab8ygNSjuC6ZrjG1S5Ug.jpg,winesensed:3978071,,3978071,43543d4f4c3c9d1822606cb7,ok,/mnt/SSD/workspace/wine/data/winesensed_embedding/crops/43/43543d4f4c3c9d1822606cb7.jpg,2d71e871f3df7d1904035437048a13efa2347fd1e1336181f5f9237bb8e6c49d,0aa3b4a46f8f38796c7657227e83c6102b0027bb8511fc720e7fcb4951295f9a,"[104, 0, 427, 636]",0.6943359375,323,636,winesensed:3978071,77,train
/mnt/SSD/workspace/wine/data/WineSensed/chunk_002/output_images/chunk_002/80uGbXqbSLe1RWPJhX7OuA.jpg,winesensed,80uGbXqbSLe1RWPJhX7OuA.jpg,winesensed:3978071,,3978071,4eb1ea645caf891a39b2f2a6,ok,/mnt/SSD/workspace/wine/data/winesensed_embedding/crops/4e/4eb1ea645caf891a39b2f2a6.jpg,65f841e540232760abe9d26ef0c13a5ee32c51db319901c5dd8916cbab75135b,b22edd5f6c786c2005e238aa67dc23dbaec755bc2f3786f950200bfa6c198912,"[99, 0, 402, 639]",0.66015625,303,639,winesensed:3978071,77,train
/mnt/SSD/workspace/wine/data/WineSensed/chunk_002/output_images/chunk_002/9aE6detrSs2pgG1qI2v8sg.jpg,winesensed,9aE6detrSs2pgG1qI2v8sg.jpg,winesensed:3978071,,3978071,6ac1e0d97e1d2ecbed792f77,ok,/mnt/SSD/workspace/wine/data/winesensed_embedding/crops/6a/6ac1e0d97e1d2ecbed792f77.jpg,8f9825d486062cb157f27cc240b73db3283efae2a5e49d45bfd922f9d70dccdc,ed75c3fe49b470ad44ae1fd537869c45bd61db86bb93c21904dfb74c5e3d4247,"[61, 1, 436, 634]",0.4765625,375,633,winesensed:3978071,77,train
/mnt/SSD/workspace/wine/data/WineSensed/chunk_002/output_images/chunk_002/8MAJobRSQz6JwHxbzwmwzQ.jpg,winesensed,8MAJobRSQz6JwHxbzwmwzQ.jpg,winesensed:3978071,,3978071,7461b80a7fa95a45ca30d801,ok,/mnt/SSD/workspace/wine/data/winesensed_embedding/crops/74/7461b80a7fa95a45ca30d801.jpg,96ee43551a71ae68c4a8e8d538143153ad4f12d8df393162cda4a01294ce0e77,82f504f1fa759964b4cee1373386835b59fdd9b7fafb4d75605e6f9eae98c115,"[79, 0, 389, 632]",0.6982421875,310,632,winesensed:3978071,77,train
/mnt/SSD/workspace/wine/data/WineSensed/chunk_001/output_images/chunk_001/0TZRqGc1R6OvH1yTDuHl1A.jpg,winesensed,0TZRqGc1R6OvH1yTDuHl1A.jpg,winesensed:3978071,,3978071,aa8ed6e38622daee4ace7e13,ok,/mnt/SSD/workspace/wine/data/winesensed_embedding/crops/aa/aa8ed6e38622daee4ace7e13.jpg,34a1465dcc9100cddd9d11cf4acd4a2a6259b0d0b3aeca31ce2f7c6329f18f11,55a898d9f34b80dec36d58668aeb748301fd0add146fac51ca0a51c6d4e72295,"[115, 1, 381, 640]",0.70556640625,266,639,winesensed:3978071,77,train
/mnt/SSD/workspace/wine/data/WineSensed/chunk_001/output_images/chunk_001/2LS-dXw_TCqkxWvF5g4u_w.jpg,winesensed,2LS-dXw_TCqkxWvF5g4u_w.jpg,winesensed:3978071,,3978071,bd095030e6fe1bc8b0e836b1,ok,/mnt/SSD/workspace/wine/data/winesensed_embedding/crops/bd/bd095030e6fe1bc8b0e836b1.jpg,375aa1784d28f91ed7ae5c33a21efaef95c83916557b4a46ce0f8efdc75656b4,c6538e2d89c8b163c88df65eb2246b6478005b2d0727ca1f2c0da4072fdfe634,"[186, 0, 452, 632]",0.86767578125,266,632,winesensed:3978071,77,train
/mnt/SSD/workspace/wine/data/WineSensed/chunk_001/output_images/chunk_001/3cbGkZTfTIa9T7nEicbHdQ.jpg,winesensed,3cbGkZTfTIa9T7nEicbHdQ.jpg,winesensed:3978071,,3978071,be88a4ec1125792acba84072,ok,/mnt/SSD/workspace/wine/data/winesensed_embedding/crops/be/be88a4ec1125792acba84072.jpg,749b5a907a20094f3ac4603e30cb5798b8d474e88c718368a4611d7b714f4369,e4c9939de59c44e39f9a121a4c7296c795aae9276af9f9f43d74a827ad58d80a,"[0, 0, 416, 637]",0.320068359375,416,637,winesensed:3978071,77,train
/mnt/SSD/workspace/wine/data/WineSensed/chunk_001/output_images/chunk_001/0QytBuEBRtqaiGmgSDuJGA.jpg,winesensed,0QytBuEBRtqaiGmgSDuJGA.jpg,winesensed:3978071,,3978071,c1ecc6bdff07d8426626cb87,ok,/mnt/SSD/workspace/wine/data/winesensed_embedding/crops/c1/c1ecc6bdff07d8426626cb87.jpg,105ab3c1e3d11d83a813dfbd772dec572f000c424ed1cfe33212e8ec5e63b7bf,3072dbecfe66664c2ce90b4a75ed594d3e87439adb1ba24337a313cff88889f3,"[34, 2, 452, 587]",0.333251953125,418,585,winesensed:3978071,77,train
/mnt/SSD/workspace/wine/data/WineSensed/chunk_002/output_images/chunk_002/917f4ktBRticYg6WUXWtQw.jpg,winesensed,917f4ktBRticYg6WUXWtQw.jpg,winesensed:3978071,,3978071,d65fa0c2edc7cc94c4f07638,ok,/mnt/SSD/workspace/wine/data/winesensed_embedding/crops/d6/d65fa0c2edc7cc94c4f07638.jpg,88d1263c9d597af424c66ab62835a90c4227eaee4577fe384ec749acbb6a8f14,11e5b91ab5c6db4f8bef505438bbfbedfdad758fa0c21fb8676cce539edfa616,"[64, 0, 409, 623]",0.51953125,345,623,winesensed:3978071,77,train
/mnt/SSD/workspace/wine/data/WineSensed/chunk_001/output_images/chunk_001/1XEqbs_uSuePI1foVip8MA.jpg,winesensed,1XEqbs_uSuePI1foVip8MA.jpg,winesensed:3978071,,3978071,ed02cccdd0c859f79aba1197,ok,/mnt/SSD/workspace/wine/data/winesensed_embedding/crops/ed/ed02cccdd0c859f79aba1197.jpg,d73bf4b4cb89bd8eec2a04a6ed8049d3f74c850a973e86d37d690a79462ab070,da69dec5d9b81b4515bc6c05c933d809aa1fb63b05fa059bc04aaca2cd142f84,"[111, 2, 378, 633]",0.71484375,267,631,winesensed:3978071,77,train
/mnt/SSD/workspace/wine/data/WineSensed/chunk_001/output_images/chunk_001/1SqcjKIdQh-h7TupiMendw.jpg,winesensed,1SqcjKIdQh-h7TupiMendw.jpg,winesensed:3978071,,3978071,fb4b930f97d22f2ce2ab8a57,ok,/mnt/SSD/workspace/wine/data/winesensed_embedding/crops/fb/fb4b930f97d22f2ce2ab8a57.jpg,4bd02d9ffa550324b2301c3eed85ca95d6f6b870ffb973da8aac87d9d6e0c7c5,64a08f89861f102f5b15631ffa59c58df1a30ca696daed9f12ca7104c7dfd238,"[89, 0, 391, 638]",0.7724609375,302,638,winesensed:3978071,77,train
/mnt/SSD/workspace/wine/data/WineSensed/chunk_001/output_images/chunk_001/360u5GGNTgCIyNldsh_CyA.jpg,winesensed,360u5GGNTgCIyNldsh_CyA.jpg,winesensed:4005062,,4005062,3a11438237b1580641a1712c,ok,/mnt/SSD/workspace/wine/data/winesensed_embedding/crops/3a/3a11438237b1580641a1712c.jpg,b672872af1a3842a7c3cbc238c04fc2cc3d5bc3ecfaa4a6346f0bd0e228c0134,0cbe87d2b3f53d30825c6750480d73a078adae9abc39c6194543ac303fbb7078,"[40, 0, 480, 640]",0.693359375,440,640,winesensed:4005062,78,train
/mnt/SSD/workspace/wine/data/WineSensed/chunk_001/output_images/chunk_001/0Ak2vAHpSC2Z5Fg4EGLO4g.jpg,winesensed,0Ak2vAHpSC2Z5Fg4EGLO4g.jpg,winesensed:4005062,,4005062,433b9b1f538a2bf904ac58d3,ok,/mnt/SSD/workspace/wine/data/winesensed_embedding/crops/43/433b9b1f538a2bf904ac58d3.jpg,a3cbc985ed4ffebda5af929aa2ccb6f2292e9f2b31225372eb36d645cd53ea34,121c65cdfee8903877c970ccd333bc53d67707529b09ab998f3acfff724e250e,"[18, 3, 447, 632]",0.322509765625,429,629,winesensed:4005062,78,train
/mnt/SSD/workspace/wine/data/WineSensed/chunk_001/output_images/chunk_001/4INCp6WMQsqz-m_bm7CVNg.jpg,winesensed,4INCp6WMQsqz-m_bm7CVNg.jpg,winesensed:4005062,,4005062,51a7648921fe1faf6cb8adf4,ok,/mnt/SSD/workspace/wine/data/winesensed_embedding/crops/51/51a7648921fe1faf6cb8adf4.jpg,e62cb2b8b95d5b82927affd0825944a4ff345ba18bf754a3b6595ccd0a4d080d,89f5adf3a4b44a8cf69e7e128a272dbceed9b1c42f741aeb8adf47b0ab67d7b3,"[16, 0, 443, 640]",0.55712890625,427,640,winesensed:4005062,78,train
/mnt/SSD/workspace/wine/data/WineSensed/chunk_001/output_images/chunk_001/0WjIWl6FSJuceOnSKgmI3Q.jpg,winesensed,0WjIWl6FSJuceOnSKgmI3Q.jpg,winesensed:4005062,,4005062,6deab9729242af3b2a703e74,ok,/mnt/SSD/workspace/wine/data/winesensed_embedding/crops/6d/6deab9729242af3b2a703e74.jpg,2ff905e60c9f36ffce274373e4e644808bd0e85f4b6e67d0f1b0b9af886d272a,d138b7dc90443fa348c7ef01e6cf94869e4855992c4ed8e4787769d76bf8967f,"[36, 12, 403, 612]",0.2568359375,367,600,winesensed:4005062,78,train
/mnt/SSD/workspace/wine/data/WineSensed/chunk_002/output_images/chunk_002/7f56n3sxTTuO9ILKjEa_Tg.jpg,winesensed,7f56n3sxTTuO9ILKjEa_Tg.jpg,winesensed:4005062,,4005062,71908ad02e1b871911aa22b9,ok,/mnt/SSD/workspace/wine/data/winesensed_embedding/crops/71/71908ad02e1b871911aa22b9.jpg,c8f23f530bbd2c47b0f954db2f70cc384e5d6a93f69e95f4d00abff4b37e7bb8,ce307c3874a29a845582fd2d87b6a3edbf19c51825d76ef04b29e3adc9b5190c,"[83, 0, 407, 639]",0.75,324,639,winesensed:4005062,78,train
/mnt/SSD/workspace/wine/data/WineSensed/chunk_003/output_images/chunk_003/Ec7rBPKYR-q-lCjkY-1AcQ.jpg,winesensed,Ec7rBPKYR-q-lCjkY-1AcQ.jpg,winesensed:4005062,,4005062,89fc909b9b43558cdee56bf5,ok,/mnt/SSD/workspace/wine/data/winesensed_embedding/crops/89/89fc909b9b43558cdee56bf5.jpg,e8a0bb4c4a56e41f5acacaeb785e4879b8e080d14a820c3dd59630f099311610,a53c12e790e30ef8704d7f6de61f634b33018b79c616ba580a122548eff8590b,"[0, 2, 85, 625]",0.544921875,85,623,winesensed:4005062,78,train
/mnt/SSD/workspace/wine/data/WineSensed/chunk_002/output_images/chunk_002/8vWBmzzJQiShqMH7u_FLHA.jpg,winesensed,8vWBmzzJQiShqMH7u_FLHA.jpg,winesensed:4005062,,4005062,a6ba4a21f8aa2f7619cd849c,ok,/mnt/SSD/workspace/wine/data/winesensed_embedding/crops/a6/a6ba4a21f8aa2f7619cd849c.jpg,bbf614d1b947bd976dccaf3632a440e0036aaf0ae5238d75bf66909c48f30901,a4f4eea84afde0e8cd1edb0c6c2ceccd6d5b55cec10f63f33532fe2b98ae22b0,"[16, 0, 402, 640]",0.75927734375,386,640,winesensed:4005062,78,train
/mnt/SSD/workspace/wine/data/WineSensed/chunk_001/output_images/chunk_001/4PtBVy58R2KhpHXAnL6JaA.jpg,winesensed,4PtBVy58R2KhpHXAnL6JaA.jpg,winesensed:4005062,,4005062,af446962452ed842057c16ad,ok,/mnt/SSD/workspace/wine/data/winesensed_embedding/crops/af/af446962452ed842057c16ad.jpg,c6cc712fb4bf6ff7c7572c17ad3d90154c512ede4deb816d231032040e732401,14bdbdb6a4b61d2f9cf934e6db8f7598790cec29662216fbadbb220598c4943f,"[97, 4, 394, 638]",0.450439453125,297,634,winesensed:4005062,78,train
/mnt/SSD/workspace/wine/data/WineSensed/chunk_002/output_images/chunk_002/ACN5xeeWTZurVB705jz-vQ.jpg,winesensed,ACN5xeeWTZurVB705jz-vQ.jpg,winesensed:4005062,,4005062,e2a0d6f7d370b33a61844426,ok,/mnt/SSD/workspace/wine/data/winesensed_embedding/crops/e2/e2a0d6f7d370b33a61844426.jpg,80a6c8a7991235f9b200c53abd170430f8a3eb29782e9b9d660546e3564545b6,5e34f64f8b07da5aa215be94688d4de6ac4f2825e15709fe3172cf956cb3669d,"[67, 0, 350, 640]",0.77392578125,283,640,winesensed:4005062,78,train
/mnt/SSD/workspace/wine/data/WineSensed/chunk_001/output_images/chunk_001/1UVwzEspSwe-xGxg7MXx1Q.jpg,winesensed,1UVwzEspSwe-xGxg7MXx1Q.jpg,winesensed:4005062,,4005062,e895735f34128a42b6ab82e8,ok,/mnt/SSD/workspace/wine/data/winesensed_embedding/crops/e8/e895735f34128a42b6ab82e8.jpg,170ecf0000e03ebde1bfb0a38cbe8aa8f8f2b2c9409f90b7734343b7735f940c,9f05e0902098db00c1214a03a6ef18d9c2831af3182bc68523816f20ac78a46e,"[0, 2, 471, 616]",0.34814453125,471,614,winesensed:4005062,78,train
/mnt/SSD/workspace/wine/data/WineSensed/chunk_001/output_images/chunk_001/2pC4lnxhRJe-181Ldoeq_g.jpg,winesensed,2pC4lnxhRJe-181Ldoeq_g.jpg,winesensed:4005062,,4005062,e9191a50edcad2b2577f32b8,ok,/mnt/SSD/workspace/wine/data/winesensed_embedding/crops/e9/e9191a50edcad2b2577f32b8.jpg,05776c5eb4d293b36729fb166ca06f60987fca2a31cfb5ef3f9176a97f281ab9,40ec14a960aa94c529d7a9ae105ba7df8c5d32e477478477837f352a3b0d9b72,"[17, 2, 467, 622]",0.515625,450,620,winesensed:4005062,78,train
/mnt/SSD/workspace/wine/data/WineSensed/chunk_002/output_images/chunk_002/5Q5SIOnFRWSfunQec5Towg.jpg,winesensed,5Q5SIOnFRWSfunQec5Towg.jpg,winesensed:4005062,,4005062,ee6a6393a7af4a7eb2a4c2e4,ok,/mnt/SSD/workspace/wine/data/winesensed_embedding/crops/ee/ee6a6393a7af4a7eb2a4c2e4.jpg,e0d12224547a726dcbeed302042241604e6486c6b392fc7a832bb328b9dd62e7,458fd5bc8e7a05ff37ae6faf2687ff8705ae23299cf0f004f40b238a8e9cc46c,"[34, 0, 440, 628]",0.35009765625,406,628,winesensed:4005062,78,train
/mnt/SSD/workspace/wine/data/WineSensed/chunk_001/output_images/chunk_001/4HCr3sKDRPWCJXju4dDRzw.jpg,winesensed,4HCr3sKDRPWCJXju4dDRzw.jpg,winesensed:4039883,,4039883,039e26078ee7767d98185f1f,ok,/mnt/SSD/workspace/wine/data/winesensed_embedding/crops/03/039e26078ee7767d98185f1f.jpg,5e74490b457ddcb673ee5af07661840b734412e5a42ee286c6e904b478b6516d,adc679b2b2040b57466349255e556b54c8fb9dc6e72fd13a4ecad8a5d4c151c7,"[93, 3, 385, 640]",0.5166015625,292,637,winesensed:4039883,79,train
/mnt/SSD/workspace/wine/data/WineSensed/chunk_001/output_images/chunk_001/3EQxTqYBTb6fSfPv4xW94w.jpg,winesensed,3EQxTqYBTb6fSfPv4xW94w.jpg,winesensed:4039883,,4039883,0b03ca25b99a55899c76c29f,ok,/mnt/SSD/workspace/wine/data/winesensed_embedding/crops/0b/0b03ca25b99a55899c76c29f.jpg,34fadff32070120f5f856cf5befa0654df4b3a4ad74d4147c7282b7a4b416ee3,b9d1baf8b713a6e02921e816915dbd96ddd5a44515680ee05e853ae0315bebb0,"[42, 0, 431, 640]",0.56494140625,389,640,winesensed:4039883,79,train
/mnt/SSD/workspace/wine/data/WineSensed/chunk_001/output_images/chunk_001/1ZWjR2HbQE6auXlRNFJgJw.jpg,winesensed,1ZWjR2HbQE6auXlRNFJgJw.jpg,winesensed:4039883,,4039883,0b0d903cfcacaeade8706798,ok,/mnt/SSD/workspace/wine/data/winesensed_embedding/crops/0b/0b0d903cfcacaeade8706798.jpg,da0de6ab19826120e2444977f9efc2c58175bbb07c2f066cb958bed949b66f37,a88a6385220b1b9ef94f3407ba1450aad3b48e9a7dfbee971743cd38c637f15e,"[113, 2, 391, 640]",0.71630859375,278,638,winesensed:4039883,79,train
/mnt/SSD/workspace/wine/data/WineSensed/chunk_001/output_images/chunk_001/-_WvtNaXR7-4PYL-JlPStQ.jpg,winesensed,-_WvtNaXR7-4PYL-JlPStQ.jpg,winesensed:4039883,,4039883,211ba4028738ca9ef0d2920b,ok,/mnt/SSD/workspace/wine/data/winesensed_embedding/crops/21/211ba4028738ca9ef0d2920b.jpg,1b116120d3329919342733ab924cfe93173748f4656fe19971568b9c23922b69,2607edeb773bb79e7804649d05d930d9dcb489bbd486d48bbdae891d58fb1ea3,"[30, 0, 422, 640]",0.7138671875,392,640,winesensed:4039883,79,train
/mnt/SSD/workspace/wine/data/WineSensed/chunk_001/output_images/chunk_001/2DT6kUBmTq6fBS-mpvO9lw.jpg,winesensed,2DT6kUBmTq6fBS-mpvO9lw.jpg,winesensed:4039883,,4039883,21825f424b2f35f004a94c6a,ok,/mnt/SSD/workspace/wine/data/winesensed_embedding/crops/21/21825f424b2f35f004a94c6a.jpg,80b8c929a03757333b00cfc06fc4c294fa3705c540c54c57adf23768692131ac,29b51fd928e2e9a2c351369fccd9e27f8dc81cce73f95f6998ae5a0c75251cff,"[117, 1, 436, 639]",0.5234375,319,638,winesensed:4039883,79,train
/mnt/SSD/workspace/wine/data/WineSensed/chunk_001/output_images/chunk_001/0P_njIdNRpGIML5eiwUU6Q.jpg,winesensed,0P_njIdNRpGIML5eiwUU6Q.jpg,winesensed:4039883,,4039883,34d1918911048199f79339d8,ok,/mnt/SSD/workspace/wine/data/winesensed_embedding/crops/34/34d1918911048199f79339d8.jpg,920ca3c9de15f253f6e8a1ef9f6506511080afbf979cc622a87751906f85e083,37c2a44170a7f6c34841392855b7c3d0a3c6d02ee1df3aebce53bd93e7a1969f,"[83, 0, 410, 640]",0.8388671875,327,640,winesensed:4039883,79,train
/mnt/SSD/workspace/wine/data/WineSensed/chunk_001/output_images/chunk_001/3draK-ybT3mpCrO8PUcTSw.jpg,winesensed,3draK-ybT3mpCrO8PUcTSw.jpg,winesensed:4039883,,4039883,5d4e79797d95ec577a285110,ok,/mnt/SSD/workspace/wine/data/winesensed_embedding/crops/5d/5d4e79797d95ec577a285110.jpg,e206445a676aa28b02b013ff2b0bb0aec8f14d5fc1a2bd071bd414d16a459b17,6a71fe390ca4556cdc480dfd6aa9af27a6ccc7da00d3cbb30d9af072e6f3aa95,"[77, 1, 446, 639]",0.75,369,638,winesensed:4039883,79,train
/mnt/SSD/workspace/wine/data/WineSensed/chunk_001/output_images/chunk_001/0sUgUuSHQj62E3aXLwGNYA.jpg,winesensed,0sUgUuSHQj62E3aXLwGNYA.jpg,winesensed:4039883,,4039883,6aff9894bda275d53d5b1d39,ok,/mnt/SSD/workspace/wine/data/winesensed_embedding/crops/6a/6aff9894bda275d53d5b1d39.jpg,ff0144badb8ccd98891c71e956d5b5bea5dbefa84de611b67efb1d6917ccdd2c,0d20e79ef116fd55f83983f71611a8c42bf725a89cc3e5e23a7f0a83adffb83a,"[41, 4, 381, 640]",0.68994140625,340,636,winesensed:4039883,79,train
/mnt/SSD/workspace/wine/data/WineSensed/chunk_001/output_images/chunk_001/19b0AEIYTIWax7jG-J6ZIA.jpg,winesensed,19b0AEIYTIWax7jG-J6ZIA.jpg,winesensed:4039883,,4039883,9023dea2bace32ae61f22d34,ok,/mnt/SSD/workspace/wine/data/winesensed_embedding/crops/90/9023dea2bace32ae61f22d34.jpg,de28891078cb3c0ca856e90c2d17926b9b53307eb3df2d7b3878befd38753e7e,b342c4c5e20849f167e967e60c729bee438fe4cc75d2b30e8847521c3ae07d3f,"[121, 0, 385, 640]",0.7265625,264,640,winesensed:4039883,79,train
/mnt/SSD/workspace/wine/data/WineSensed/chunk_001/output_images/chunk_001/-Wpe2AS5TW-ttfWUSXle5A.jpg,winesensed,-Wpe2AS5TW-ttfWUSXle5A.jpg,winesensed:4039883,,4039883,91e4fd7a2c53fd9bb2f8b78e,ok,/mnt/SSD/workspace/wine/data/winesensed_embedding/crops/91/91e4fd7a2c53fd9bb2f8b78e.jpg,62a560433886108d894082267bdb12a9dd6cbaa53cdb8f4a536fddf48b87836a,51b1f26db91917bdced013e4f1292cceacfed7d63cba264c8c2bb752893483e7,"[70, 1, 433, 636]",0.7333984375,363,635,winesensed:4039883,79,train
/mnt/SSD/workspace/wine/data/WineSensed/chunk_001/output_images/chunk_001/46g-lwdMRgazDXtANPF5yQ.jpg,winesensed,46g-lwdMRgazDXtANPF5yQ.jpg,winesensed:4039883,,4039883,db915e795274d935112a99da,ok,/mnt/SSD/workspace/wine/data/winesensed_embedding/crops/db/db915e795274d935112a99da.jpg,1352ad6879ef020932867830f5087c7a3d175f1695092724e5946a4e7279d9cf,289b281dcde7c0021aebdbf188a4fbe68ad9ed5e45bb5dd387a670d69edaf2fb,"[31, 3, 436, 640]",0.3486328125,405,637,winesensed:4039883,79,train
/mnt/SSD/workspace/wine/data/WineSensed/chunk_001/output_images/chunk_001/-_hZqx4IRn2ux9seFPJtNw.jpg,winesensed,-_hZqx4IRn2ux9seFPJtNw.jpg,winesensed:4039883,,4039883,ec5260a62057407cba8bed45,ok,/mnt/SSD/workspace/wine/data/winesensed_embedding/crops/ec/ec5260a62057407cba8bed45.jpg,cb242805daad14472df3efcda158a4b34cee8a63c42afe494d5668ad46b5961f,ccf16c59a0858173bee4f88177da8428d4dd264a9b559c52fe6a1d2d6d64bebf,"[66, 0, 443, 636]",0.7041015625,377,636,winesensed:4039883,79,train
/mnt/SSD/workspace/wine/data/WineSensed/chunk_001/output_images/chunk_001/3UDW68QQSZW-Ml4UU5DTtg.jpg,winesensed,3UDW68QQSZW-Ml4UU5DTtg.jpg,winesensed:4301031,,4301031,02b72bf6857cfd64925615be,ok,/mnt/SSD/workspace/wine/data/winesensed_embedding/crops/02/02b72bf6857cfd64925615be.jpg,53dae74d27edeee08892de398f26d8f07623ef7e0dd186d2eee6bd9d3787f04c,7aa3aa0c18fae15e8a168be21fc6447de505c5c6a00a34fa29d4e40ec472f768,"[51, 0, 453, 634]",0.6943359375,402,634,winesensed:4301031,80,train
/mnt/SSD/workspace/wine/data/WineSensed/chunk_001/output_images/chunk_001/1B5EN-VZScaEUgoZoTm6dQ.jpg,winesensed,1B5EN-VZScaEUgoZoTm6dQ.jpg,winesensed:4301031,,4301031,0aef4230f15088e8fd495d96,ok,/mnt/SSD/workspace/wine/data/winesensed_embedding/crops/0a/0aef4230f15088e8fd495d96.jpg,969f8cab6a3794b8fcc70246ac6c916f0aa0050776fd28b5505b8de674105841,a36251689ad1b0c657ab1da116197263fd6c0e95cd237776a0927a1ffe4dcbca,"[54, 0, 395, 635]",0.64501953125,341,635,winesensed:4301031,80,train
/mnt/SSD/workspace/wine/data/WineSensed/chunk_001/output_images/chunk_001/1hRodMuyToCLjejTkmNWIw.jpg,winesensed,1hRodMuyToCLjejTkmNWIw.jpg,winesensed:4301031,,4301031,2012f9bfc9ef089c795b6d17,ok,/mnt/SSD/workspace/wine/data/winesensed_embedding/crops/20/2012f9bfc9ef089c795b6d17.jpg,b0d8c38f073390ed109317faa61f6ead2848b44f79b55087d27e6d9e4bcee668,700ab5e5b746554a48a26bb5f5fa1531359adfae5ce5a768351a09199354fce7,"[414, 0, 479, 418]",0.313232421875,65,418,winesensed:4301031,80,train
/mnt/SSD/workspace/wine/data/WineSensed/chunk_001/output_images/chunk_001/1WTH0SacSo--OTdmELkssA.jpg,winesensed,1WTH0SacSo--OTdmELkssA.jpg,winesensed:4301031,,4301031,654658137c530258bccbae54,ok,/mnt/SSD/workspace/wine/data/winesensed_embedding/crops/65/654658137c530258bccbae54.jpg,e87a21a1763d789590fe753a9e49e2ddeb4dcae8fd4defdabe2c2ac816fa60d3,782c3645e08a47a6ceb6bf46bf0e281cecda6729d4a593557257887f10d4feea,"[88, 1, 373, 636]",0.818359375,285,635,winesensed:4301031,80,train
/mnt/SSD/workspace/wine/data/WineSensed/chunk_001/output_images/chunk_001/2Kli2nrfSrC1WbcjQrILiA.jpg,winesensed,2Kli2nrfSrC1WbcjQrILiA.jpg,winesensed:4301031,,4301031,6975914bed0cb15b8d2d9a8f,ok,/mnt/SSD/workspace/wine/data/winesensed_embedding/crops/69/6975914bed0cb15b8d2d9a8f.jpg,c0a636ec57ae35c519a1050a1834afd97c93f72b875f9761e5fc61c9e87b60b4,90ebe22602929142cb3ba4857f7a2faa39155611421862edcfc0e60d220bb086,"[28, 0, 480, 637]",0.6376953125,452,637,winesensed:4301031,80,train
/mnt/SSD/workspace/wine/data/WineSensed/chunk_001/output_images/chunk_001/27t85V7eSWybUo3GeYT6Zw.jpg,winesensed,27t85V7eSWybUo3GeYT6Zw.jpg,winesensed:4301031,,4301031,9f7bf88268b8bf2f92a7d8d9,ok,/mnt/SSD/workspace/wine/data/winesensed_embedding/crops/9f/9f7bf88268b8bf2f92a7d8d9.jpg,a4667da7327d73b6bd700cdc1f3eac005ebd9a7b7a22419eddd9ebaea0258c80,7f7d4414ab5024e907a31d00f286ac2bc533db2a6e3fd465634e820666480dc5,"[71, 0, 399, 640]",0.7578125,328,640,winesensed:4301031,80,train
/mnt/SSD/workspace/wine/data/WineSensed/chunk_001/output_images/chunk_001/2J_IhFaOQ0u_U1bCuybyag.jpg,winesensed,2J_IhFaOQ0u_U1bCuybyag.jpg,winesensed:4301031,,4301031,a47e2ea03d46886ad4b105c2,ok,/mnt/SSD/workspace/wine/data/winesensed_embedding/crops/a4/a47e2ea03d46886ad4b105c2.jpg,6bd97b28db898efb73b2dce48ccb9f824c841f6dd24e6b7efe5ec272aad33468,1ffd64c626eef644c9bf2d9c6d0842747885e54c59f88d59efffdfb948b56672,"[34, 0, 465, 634]",0.5068359375,431,634,winesensed:4301031,80,train
/mnt/SSD/workspace/wine/data/WineSensed/chunk_001/output_images/chunk_001/1HtoDIg3RuWqvWFLgvPpkg.jpg,winesensed,1HtoDIg3RuWqvWFLgvPpkg.jpg,winesensed:4301031,,4301031,a5a077fed1a094a8aebdf92c,ok,/mnt/SSD/workspace/wine/data/winesensed_embedding/crops/a5/a5a077fed1a094a8aebdf92c.jpg,f20e45498b777cafe0597e2b12e89f143d18fea82cb8e3663a51ac998b3543f6,1538a776d5aea4d28fc703c5abcf96037892ef09d2f3301feb3d06ef1d6f4820,"[78, 0, 384, 638]",0.5537109375,306,638,winesensed:4301031,80,train
/mnt/SSD/workspace/wine/data/WineSensed/chunk_001/output_images/chunk_001/2dXUPL0UQYGmjVZP84gXaQ.jpg,winesensed,2dXUPL0UQYGmjVZP84gXaQ.jpg,winesensed:4301031,,4301031,c7970cade3a4c2ad9f4abc0e,ok,/mnt/SSD/workspace/wine/data/winesensed_embedding/crops/c7/c7970cade3a4c2ad9f4abc0e.jpg,4993661c7a0c9fecf26511dee62d0e4f4db2ac7c3725b0203987eec21e0f6f93,be3e204ed1e0027274dcd30abe73951156beb055e46a422d2320b2b226cefbcb,"[0, 4, 430, 635]",0.60498046875,430,631,winesensed:4301031,80,train
/mnt/SSD/workspace/wine/data/WineSensed/chunk_001/output_images/chunk_001/162_jL_XTHaqF894zHUJkg.jpg,winesensed,162_jL_XTHaqF894zHUJkg.jpg,winesensed:4301031,,4301031,dc6ca58874bdfa3345c2d180,ok,/mnt/SSD/workspace/wine/data/winesensed_embedding/crops/dc/dc6ca58874bdfa3345c2d180.jpg,5098461b227668d81d7eb972abae7d301bc7e180eacd7ac792765ca54d8ea382,a7af4d335ac8136780f59a6e588f1bfa73d6bca538d92e1d102f8b195d412db8,"[38, 0, 411, 640]",0.75048828125,373,640,winesensed:4301031,80,train
/mnt/SSD/workspace/wine/data/WineSensed/chunk_001/output_images/chunk_001/2AaYqBkkReep-Jx0SuHd-g.jpg,winesensed,2AaYqBkkReep-Jx0SuHd-g.jpg,winesensed:4301031,,4301031,e7722ff93e2e963bcfb880c7,ok,/mnt/SSD/workspace/wine/data/winesensed_embedding/crops/e7/e7722ff93e2e963bcfb880c7.jpg,d9edadb8cd3757147eec15bd34a8f98a1c95f45cc8d0e3910035719428727c57,9ad88d4a7e32a802d650aea1efa2c0f10cb994a3a0aa29a1c3b9c21dbf86de5f,"[44, 0, 461, 635]",0.60498046875,417,635,winesensed:4301031,80,train
/mnt/SSD/workspace/wine/data/WineSensed/chunk_001/output_images/chunk_001/2SDeVi6vRrG-0sQxJLtx0g.jpg,winesensed,2SDeVi6vRrG-0sQxJLtx0g.jpg,winesensed:4301031,,4301031,f7598251e66c78d3d211d683,ok,/mnt/SSD/workspace/wine/data/winesensed_embedding/crops/f7/f7598251e66c78d3d211d683.jpg,19efcaffdfc16d3ad22580862f49a591b66116c810f8ec26fd5fdcf69caf98db,ea2f72e90c6450050dc12b45b3e3f856beccc6959913c996337fd64b778f74dd,"[63, 0, 428, 640]",0.6953125,365,640,winesensed:4301031,80,train
/mnt/SSD/workspace/wine/data/WineSensed/chunk_002/output_images/chunk_002/6ZrjXVUrRd2ZZbgjOiqLSg.jpg,winesensed,6ZrjXVUrRd2ZZbgjOiqLSg.jpg,winesensed:4334852,,4334852,270ff101423d69987f6929e6,ok,/mnt/SSD/workspace/wine/data/winesensed_embedding/crops/27/270ff101423d69987f6929e6.jpg,c806e1c0e6b8bdbee29cdfb8e0854107a3555987a97c4a4fbcfb203716f94993,3693215e9872e1b23ed4712c8aa4ca76f4647fbcb4c4c3211815f4eded461666,"[103, 3, 407, 631]",0.67822265625,304,628,winesensed:4334852,81,train
/mnt/SSD/workspace/wine/data/WineSensed/chunk_003/output_images/chunk_003/CgAK2gSgQe2wcZ4iu2OQDg.jpg,winesensed,CgAK2gSgQe2wcZ4iu2OQDg.jpg,winesensed:4334852,,4334852,34b350dc420924c10be795e9,ok,/mnt/SSD/workspace/wine/data/winesensed_embedding/crops/34/34b350dc420924c10be795e9.jpg,6a3d60809ef443611f3dced6231ddf5c32b028db2b7a5660ce607988dbc1125c,1a0a6ecf6121a116091e928513190c5e594ed3ec215fea3dc4f339300c65ec41,"[80, 18, 398, 634]",0.5546875,318,616,winesensed:4334852,81,train
/mnt/SSD/workspace/wine/data/WineSensed/chunk_002/output_images/chunk_002/5jzJ6MYLQLG4_ibWSi9jbA.jpg,winesensed,5jzJ6MYLQLG4_ibWSi9jbA.jpg,winesensed:4334852,,4334852,38d122fdf98092fc19cf28cb,ok,/mnt/SSD/workspace/wine/data/winesensed_embedding/crops/38/38d122fdf98092fc19cf28cb.jpg,47e4965eccbd2deda37fc408098c4cb8ed19758b83190661bc5b72128c4983f4,9bd7978952d71385fe6ea851a7bef1be6fcd13f615728a216dd24b11d43e5849,"[55, 105, 423, 633]",0.367431640625,368,528,winesensed:4334852,81,train
/mnt/SSD/workspace/wine/data/WineSensed/chunk_002/output_images/chunk_002/8Og-E0YjTQaRQ8cWeaUJuA.jpg,winesensed,8Og-E0YjTQaRQ8cWeaUJuA.jpg,winesensed:4334852,,4334852,3e3f8fe086b493c9daa7b1e5,ok,/mnt/SSD/workspace/wine/data/winesensed_embedding/crops/3e/3e3f8fe086b493c9daa7b1e5.jpg,6356e0cf3cb1e2b4cd51f786bbd9dc47ff4f24a48548eeb9d27e2c0d7c6e51b8,262477f0b88fa3bfcf5aa4ec6dc4756576a26ea220114e999efaf6d586c434c8,"[83, 3, 415, 634]",0.66650390625,332,631,winesensed:4334852,81,train
/mnt/SSD/workspace/wine/data/WineSensed/chunk_001/output_images/chunk_001/2ZL5K0bATyOnwDXH6WTncQ.jpg,winesensed,2ZL5K0bATyOnwDXH6WTncQ.jpg,winesensed:4334852,,4334852,42e570344eb5b4df07d753a8,ok,/mnt/SSD/workspace/wine/data/winesensed_embedding/crops/42/42e570344eb5b4df07d753a8.jpg,1015c78f4f9d8f6e8d08a33efe34460333d50803a6c71019d80e8d94748b11fb,f5fa12fd53010a0031ededc98b61b61f1d93a2891f386b80fd0ad4ad4d0c2664,"[108, 0, 374, 640]",0.7216796875,266,640,winesensed:4334852,81,train
/mnt/SSD/workspace/wine/data/WineSensed/chunk_001/output_images/chunk_001/1SquGZdwRbyrkvLvqg7_iA.jpg,winesensed,1SquGZdwRbyrkvLvqg7_iA.jpg,winesensed:4334852,,4334852,75974850aa3caf8568ccffe9,ok,/mnt/SSD/workspace/wine/data/winesensed_embedding/crops/75/75974850aa3caf8568ccffe9.jpg,32314e938df23fe33846cf8a558ee2df83fa5dae7213eff4bc7b87d5cf85fe84,cd1e409609ec9a8a8b0d0d54c3210f316b2fc7e6f990fa5d8646012d5137cd27,"[71, 0, 401, 640]",0.67578125,330,640,winesensed:4334852,81,train
/mnt/SSD/workspace/wine/data/WineSensed/chunk_001/output_images/chunk_001/4T2B_Zs_S8yzy58h6Hs4Ug.jpg,winesensed,4T2B_Zs_S8yzy58h6Hs4Ug.jpg,winesensed:4334852,,4334852,a75425b45d08db9784c962a8,ok,/mnt/SSD/workspace/wine/data/winesensed_embedding/crops/a7/a75425b45d08db9784c962a8.jpg,a43bc07101f0007e97211129d9c210fe147962edd1a4338a780e93d1dc28ed97,a667d4dfd4f2cd6e762c757445f7f43e389ac35c41fa9beb4e698f0a5cbeb593,"[88, 0, 418, 640]",0.275146484375,330,640,winesensed:4334852,81,train
/mnt/SSD/workspace/wine/data/WineSensed/chunk_002/output_images/chunk_002/6zSHxHpqRW-jlx4SMBbfcA.jpg,winesensed,6zSHxHpqRW-jlx4SMBbfcA.jpg,winesensed:4334852,,4334852,af94c265e464b9c5277c5b79,ok,/mnt/SSD/workspace/wine/data/winesensed_embedding/crops/af/af94c265e464b9c5277c5b79.jpg,bf3b0a5531563db0c3639d68e550599465bdac66cbf8fde618433d0b20647321,cc5e1c1347492347e1cb81782efc767ee8f4136327e8d697ccd3c33e4c56b449,"[74, 4, 359, 640]",0.642578125,285,636,winesensed:4334852,81,train
/mnt/SSD/workspace/wine/data/WineSensed/chunk_002/output_images/chunk_002/BgkqeJYWTxqTIdYnsoJVfg.jpg,winesensed,BgkqeJYWTxqTIdYnsoJVfg.jpg,winesensed:4334852,,4334852,b9b3121f793b943862034066,ok,/mnt/SSD/workspace/wine/data/winesensed_embedding/crops/b9/b9b3121f793b943862034066.jpg,a5cb3401a77112c9393924fcbf040c26a707e63ea6d11d9f5cb21386aa3606c1,3c00ea26e1b41c3e1f56eb2cbf617d917b504d897c595b103d5eb4106117823a,"[57, 0, 369, 633]",0.35986328125,312,633,winesensed:4334852,81,train
/mnt/SSD/workspace/wine/data/WineSensed/chunk_003/output_images/chunk_003/CSZQdkjvRRylIYAeydc8Ng.jpg,winesensed,CSZQdkjvRRylIYAeydc8Ng.jpg,winesensed:4334852,,4334852,bf79e47794e20b5f7ffd03da,ok,/mnt/SSD/workspace/wine/data/winesensed_embedding/crops/bf/bf79e47794e20b5f7ffd03da.jpg,322a80382487981376268662ed3156cfa7e04f7267c549d1f72072ea3af1285a,ae026f1c251a1c97111b1beeb4c27e3fa9b85febc1219f2e39aefcd523a54cc3,"[75, 5, 380, 640]",0.4833984375,305,635,winesensed:4334852,81,train
/mnt/SSD/workspace/wine/data/WineSensed/chunk_001/output_images/chunk_001/4BlnVNVqT5-mgiKD-QwOrw.jpg,winesensed,4BlnVNVqT5-mgiKD-QwOrw.jpg,winesensed:4334852,,4334852,c8bc611ca7a5b523b0f71c03,ok,/mnt/SSD/workspace/wine/data/winesensed_embedding/crops/c8/c8bc611ca7a5b523b0f71c03.jpg,2641a3ea80f2c35fb7232e55b41abdfc9f8c73ca215ef2f7329548ca2ff759b1,9a4a5d2bd822cedeb22d79ad82a8638367034df1e1d0067f0fded3ca2088b850,"[87, 0, 328, 640]",0.85205078125,241,640,winesensed:4334852,81,train
/mnt/SSD/workspace/wine/data/WineSensed/chunk_002/output_images/chunk_002/BD6oyOjRTfyShDqoyiKnHg.jpg,winesensed,BD6oyOjRTfyShDqoyiKnHg.jpg,winesensed:4334852,,4334852,fbd48cf8d4135a8747a3dbbb,ok,/mnt/SSD/workspace/wine/data/winesensed_embedding/crops/fb/fbd48cf8d4135a8747a3dbbb.jpg,97cf8145b73d6984ddcf95e019d385f6664b57bd8f703c3dbb672ac9aa4959f2,ad7630b2d874843002599db8d8a201127a6fbbbcbf7e6696d684de6c34dcd4fd,"[117, 0, 353, 640]",0.80078125,236,640,winesensed:4334852,81,train
/mnt/SSD/workspace/wine/data/WineSensed/chunk_001/output_images/chunk_001/0fWWjVtXTjiON8W5HOu1SA.jpg,winesensed,0fWWjVtXTjiON8W5HOu1SA.jpg,winesensed:7010464,,7010464,104a653eac7f6c15aa7e7b33,ok,/mnt/SSD/workspace/wine/data/winesensed_embedding/crops/10/104a653eac7f6c15aa7e7b33.jpg,b9d9561bf472e38d2661a36954bc88d8cb479a285b15d96d317f51b21b6073a0,f16966a1acb414bb54e76fe195b4e46f01383679abdef2d87a5ef1090607c2a4,"[29, 0, 405, 637]",0.7939453125,376,637,winesensed:7010464,82,train
/mnt/SSD/workspace/wine/data/WineSensed/chunk_002/output_images/chunk_002/7H7d3ZVESwi8fqNWoUF_Yw.jpg,winesensed,7H7d3ZVESwi8fqNWoUF_Yw.jpg,winesensed:7010464,,7010464,11dbe6c1b5df965ddfe32ba3,ok,/mnt/SSD/workspace/wine/data/winesensed_embedding/crops/11/11dbe6c1b5df965ddfe32ba3.jpg,65f41e09c93188537140539ea83d1cff83d6947cc3d65ecf8f3cb0d1182d9aee,526acbefac9f0d5cfcedaacfb534eb50c8207e63444bc535fae37e53d2e6fdf1,"[39, 3, 441, 599]",0.6416015625,402,596,winesensed:7010464,82,train
/mnt/SSD/workspace/wine/data/WineSensed/chunk_002/output_images/chunk_002/7bCugk9ES6WQUgf0_Ckqpg.jpg,winesensed,7bCugk9ES6WQUgf0_Ckqpg.jpg,winesensed:7010464,,7010464,21a8d5d7984d36c0775bfd27,ok,/mnt/SSD/workspace/wine/data/winesensed_embedding/crops/21/21a8d5d7984d36c0775bfd27.jpg,e0f5b22b4046a37cf9225dc08d5d45a1b7ea9982fa6771313a411d69e19f533f,b688794e0a7fc6e4663107de48bcd0105f4aa39af1ba9963dcec6a2a011633d5,"[50, 0, 410, 640]",0.73779296875,360,640,winesensed:7010464,82,train
/mnt/SSD/workspace/wine/data/WineSensed/chunk_001/output_images/chunk_001/2dJhIsZnSF6VVpuJMSZckw.jpg,winesensed,2dJhIsZnSF6VVpuJMSZckw.jpg,winesensed:7010464,,7010464,45d80ccd0af10eefbfd60ad7,ok,/mnt/SSD/workspace/wine/data/winesensed_embedding/crops/45/45d80ccd0af10eefbfd60ad7.jpg,a36963ae692187adfbd1b81511d9052d3afbbcc347bd03c93eaf6b69f6359b21,f1cdca1460264989b30abd2f661fa3db31c4be38d4814ae1309a958d5e9805d8,"[83, 0, 398, 640]",0.80126953125,315,640,winesensed:7010464,82,train
/mnt/SSD/workspace/wine/data/WineSensed/chunk_002/output_images/chunk_002/5XBuNq3HS7OeU4OgjHrxTw.jpg,winesensed,5XBuNq3HS7OeU4OgjHrxTw.jpg,winesensed:7010464,,7010464,489c2f72af9a21213fe09000,ok,/mnt/SSD/workspace/wine/data/winesensed_embedding/crops/48/489c2f72af9a21213fe09000.jpg,cc2d160f865688b132611d342fd90c74094229a05c2fdfa2f4460fa9bec55d12,7ee20464a15558fde2c0adb0acdc461fe0257463e47902861aa301b003565799,"[19, 0, 448, 615]",0.447509765625,429,615,winesensed:7010464,82,train
/mnt/SSD/workspace/wine/data/WineSensed/chunk_001/output_images/chunk_001/4DYwtF4dQSSiZrztW3wEXw.jpg,winesensed,4DYwtF4dQSSiZrztW3wEXw.jpg,winesensed:7010464,,7010464,75ac44719d2d38e3fefdfeb8,ok,/mnt/SSD/workspace/wine/data/winesensed_embedding/crops/75/75ac44719d2d38e3fefdfeb8.jpg,53e09bd7751f03f66c48f4c1a69a2d86a743a18052817ebd69750b2cbdfd9f42,b7adb622f5ca946dffe2c9b466bfe4c638141b14df9319b8bb8a960800c9f44e,"[87, 0, 400, 612]",0.5302734375,313,612,winesensed:7010464,82,train
/mnt/SSD/workspace/wine/data/WineSensed/chunk_001/output_images/chunk_001/049hef2oRZKai_yswLZjog.jpg,winesensed,049hef2oRZKai_yswLZjog.jpg,winesensed:7010464,,7010464,7c35da4558b5548a87183e54,ok,/mnt/SSD/workspace/wine/data/winesensed_embedding/crops/7c/7c35da4558b5548a87183e54.jpg,9315fd8a121856f9eef3bc64f84f8f601c3eaf7de572d4a5beca62b6fbd195cb,5f2a5f25ec89d27cbefba069ee5ef5e723bca0e4d1039dd9f0839fee1f079107,"[0, 16, 424, 586]",0.294189453125,424,570,winesensed:7010464,82,train
/mnt/SSD/workspace/wine/data/WineSensed/chunk_001/output_images/chunk_001/-9sbII4KSIO4e-m00Be4ig.jpg,winesensed,-9sbII4KSIO4e-m00Be4ig.jpg,winesensed:7010464,,7010464,7d7a478efa1d02c189a76bcd,ok,/mnt/SSD/workspace/wine/data/winesensed_embedding/crops/7d/7d7a478efa1d02c189a76bcd.jpg,1360902b1e037725843ac7010d8c50c42ff31d589565500e8572b1871a2e3982,ed0d697c4a29684cc497ee9c4bdce40e327518066bcde9b86e4b8bc9661f6135,"[30, 0, 416, 639]",0.72119140625,386,639,winesensed:7010464,82,train
/mnt/SSD/workspace/wine/data/WineSensed/chunk_002/output_images/chunk_002/702M9c_QQr6bqP7SUBguUQ.jpg,winesensed,702M9c_QQr6bqP7SUBguUQ.jpg,winesensed:7010464,,7010464,bb65c0816713939e272ca1e5,ok,/mnt/SSD/workspace/wine/data/winesensed_embedding/crops/bb/bb65c0816713939e272ca1e5.jpg,b005299ac6578b3e4e47f55f0e3d51b5dc9e411b58955dd13a734ac1abd630c0,4fb06cc8b74bd7be360ef60e2b595063f32bb9c83c7093e6283ee87a78eb2c48,"[128, 0, 377, 616]",0.8369140625,249,616,winesensed:7010464,82,train
/mnt/SSD/workspace/wine/data/WineSensed/chunk_001/output_images/chunk_001/-JHg-jdUSgW4BnKoMMl98w.jpg,winesensed,-JHg-jdUSgW4BnKoMMl98w.jpg,winesensed:7010464,,7010464,d6d3f6eeed73d56a72208a75,ok,/mnt/SSD/workspace/wine/data/winesensed_embedding/crops/d6/d6d3f6eeed73d56a72208a75.jpg,0760d80d3dd8adf4ddbe4d32ee0979cd45153f6d3740a198871f16e8623f1ff2,ae5d6fb650bf53d22a13cb1f57653c0567acb467ab5bd3f4d3ad6e0c526be3c2,"[77, 0, 401, 639]",0.71875,324,639,winesensed:7010464,82,train
/mnt/SSD/workspace/wine/data/WineSensed/chunk_002/output_images/chunk_002/8AepejRXSD-OyewG8KqSTw.jpg,winesensed,8AepejRXSD-OyewG8KqSTw.jpg,winesensed:7010464,,7010464,e71a7953db4efdbfb8634165,ok,/mnt/SSD/workspace/wine/data/winesensed_embedding/crops/e7/e71a7953db4efdbfb8634165.jpg,fd81e6807d7a3c26388e6a25e7cece229b33a56009d92fbe1e9b6bb5b0d481eb,cf8595b6d5f621d342d628ad9ccfd4ea52eeb258364203f97f33689ede20dcdf,"[80, 0, 394, 640]",0.436767578125,314,640,winesensed:7010464,82,train
/mnt/SSD/workspace/wine/data/WineSensed/chunk_002/output_images/chunk_002/605o6HlxQ8O5yFF23LuHMg.jpg,winesensed,605o6HlxQ8O5yFF23LuHMg.jpg,winesensed:7010464,,7010464,f82a5540f8f3ca9d4d4ed1a4,ok,/mnt/SSD/workspace/wine/data/winesensed_embedding/crops/f8/f82a5540f8f3ca9d4d4ed1a4.jpg,c32ee3b259484750963b6c453657d788bdc539d7f99c1251f92215e6892a9a71,613c40a5a66359c4d3af7028c86e8a936d8fc8ca02cc23f54d42f96331be809c,"[31, 0, 452, 636]",0.537109375,421,636,winesensed:7010464,82,train
/mnt/SSD/workspace/wine/data/WineSensed/chunk_002/output_images/chunk_002/9cFu4AqLS9OBZV65vJ6u_A.jpg,winesensed,9cFu4AqLS9OBZV65vJ6u_A.jpg,winesensed:84899103,,84899103,0cc7f48c11cb4ba5558fffa4,ok,/mnt/SSD/workspace/wine/data/winesensed_embedding/crops/0c/0cc7f48c11cb4ba5558fffa4.jpg,19715e06abb436a006fe27353877aa2f0e9c5e507131b672527915dab5078355,7525cecfb35ac742a17e1dc9b43da4c1da861dd87db94784346f478ababb6925,"[71, 1, 362, 640]",0.81689453125,291,639,winesensed:84899103,83,train
/mnt/SSD/workspace/wine/data/WineSensed/chunk_001/output_images/chunk_001/21v3aOZ1RZaaLjLnd6rI-Q.jpg,winesensed,21v3aOZ1RZaaLjLnd6rI-Q.jpg,winesensed:84899103,,84899103,3a13b171985f22da8def4f88,ok,/mnt/SSD/workspace/wine/data/winesensed_embedding/crops/3a/3a13b171985f22da8def4f88.jpg,c7902b8796c0d069d1bc3d76034a96bc0fcf12f9afed70ce4b0a52080926abde,2f8798761923bfb134f1e3ac0f101a10618459a10593f1627545ed57db9d46ee,"[121, 5, 407, 631]",0.65576171875,286,626,winesensed:84899103,83,train
/mnt/SSD/workspace/wine/data/WineSensed/chunk_001/output_images/chunk_001/10XHSwO5TN-jWaqHbWtkgA.jpg,winesensed,10XHSwO5TN-jWaqHbWtkgA.jpg,winesensed:84899103,,84899103,4585dd5d6032faef2c1939ea,ok,/mnt/SSD/workspace/wine/data/winesensed_embedding/crops/45/4585dd5d6032faef2c1939ea.jpg,f70c65a451f48424350d5435851531d94a1458b3274a58e0c6ac2b27dc391496,f388e76565f84494d5e7d83be885ac988a5b2c28e194b516a7262e60666dd7ca,"[116, 0, 388, 635]",0.7041015625,272,635,winesensed:84899103,83,train
/mnt/SSD/workspace/wine/data/WineSensed/chunk_001/output_images/chunk_001/53eq5r4HRZ-7LnnYeGswLQ.jpg,winesensed,53eq5r4HRZ-7LnnYeGswLQ.jpg,winesensed:84899103,,84899103,71908343c658d7f7d2e8d059,ok,/mnt/SSD/workspace/wine/data/winesensed_embedding/crops/71/71908343c658d7f7d2e8d059.jpg,4e9b0a540c6598fbacd91793d4471a8d9141a47154b51e72d9474ccc05683b1b,fd6813c6ad09c09daccdd3920e0c7e99995230d5c7e49d9e81750c054ba08f66,"[68, 0, 373, 640]",0.318359375,305,640,winesensed:84899103,83,train
/mnt/SSD/workspace/wine/data/WineSensed/chunk_001/output_images/chunk_001/2YJd7YUnSHGo4afgxdyMZw.jpg,winesensed,2YJd7YUnSHGo4afgxdyMZw.jpg,winesensed:84899103,,84899103,7b26fac82920f8e7db05eb02,ok,/mnt/SSD/workspace/wine/data/winesensed_embedding/crops/7b/7b26fac82920f8e7db05eb02.jpg,f4063e3e2b1faacb521fbddf9e0b50c01a3e706725a125c3c0335f022928b09b,f19fd2a819b89ba53235dd92e454542904b2fe0a5efd92fd6f322f8c07b99f73,"[115, 0, 407, 632]",0.67822265625,292,632,winesensed:84899103,83,train
/mnt/SSD/workspace/wine/data/WineSensed/chunk_002/output_images/chunk_002/9VQn5HTVSYqBWxYrF3ctjA.jpg,winesensed,9VQn5HTVSYqBWxYrF3ctjA.jpg,winesensed:84899103,,84899103,9994a7be98d1b5fdf1fc4db6,ok,/mnt/SSD/workspace/wine/data/winesensed_embedding/crops/99/9994a7be98d1b5fdf1fc4db6.jpg,905af309b5ea68b875dda4a3771ed3a9d73dad4fdac674333cdc145057cdc313,5ba7f49accaf8d9c499512c717eabaf2531856706e0c8fa0af4a4871bdfe52f2,"[111, 0, 369, 640]",0.37841796875,258,640,winesensed:84899103,83,train
/mnt/SSD/workspace/wine/data/WineSensed/chunk_002/output_images/chunk_002/8L6jHJ9wTXqV6XNQ7P711g.jpg,winesensed,8L6jHJ9wTXqV6XNQ7P711g.jpg,winesensed:84899103,,84899103,b39297745ebf97d323cbce4f,ok,/mnt/SSD/workspace/wine/data/winesensed_embedding/crops/b3/b39297745ebf97d323cbce4f.jpg,6146c7e7daee5bf151cf08816ebb9f76ec3bf49f8831a4443dd3cd72ee7ed988,9eb1b9224856bfad06edb9f0dc54d05f5d884a8d566ac706bd5deca6d80fff79,"[100, 0, 394, 640]",0.67822265625,294,640,winesensed:84899103,83,train
/mnt/SSD/workspace/wine/data/WineSensed/chunk_002/output_images/chunk_002/6I7bAFssRhK7OYFGtBPHlw.jpg,winesensed,6I7bAFssRhK7OYFGtBPHlw.jpg,winesensed:84899103,,84899103,cbf2b86995293763da4c35ec,ok,/mnt/SSD/workspace/wine/data/winesensed_embedding/crops/cb/cbf2b86995293763da4c35ec.jpg,3d32c7348adf8c1a66bc4d0eea20742e411ed3ebb22fa7aebe386c39ce8d6d6d,aa203facccf8b27970129ecc8b353461542cf9edc93f9b434e5b7cd7652be533,"[14, 0, 340, 640]",0.669921875,326,640,winesensed:84899103,83,train
/mnt/SSD/workspace/wine/data/WineSensed/chunk_001/output_images/chunk_001/45NI5WdpQM6DhhNq5r7bNg.jpg,winesensed,45NI5WdpQM6DhhNq5r7bNg.jpg,winesensed:84899103,,84899103,dc34a9334264ad4c42f41d96,ok,/mnt/SSD/workspace/wine/data/winesensed_embedding/crops/dc/dc34a9334264ad4c42f41d96.jpg,6a51537fe6ef3086b038b5ec2dc1dde1ea6430d1cd9344c539764e7c22affd91,0dfab8c29156946958d0fd59e2c0e1c715b11e7adf7552f6a2b32db88ff9f866,"[76, 0, 415, 640]",0.6396484375,339,640,winesensed:84899103,83,train
/mnt/SSD/workspace/wine/data/WineSensed/chunk_001/output_images/chunk_001/4VszkiV1TqacXQXQtsaJSg.jpg,winesensed,4VszkiV1TqacXQXQtsaJSg.jpg,winesensed:84899103,,84899103,de66ded3ce852305bb970c2d,ok,/mnt/SSD/workspace/wine/data/winesensed_embedding/crops/de/de66ded3ce852305bb970c2d.jpg,8ec11ed326fa1be17005260b32c7978d3be22e443dbd32ccd25eb2dbbdf0a0de,9a1444a6bbeaa3988abac9c74a49d06952031be3eddddc4f9ceae7bc023297f4,"[106, 0, 375, 640]",0.8583984375,269,640,winesensed:84899103,83,train
/mnt/SSD/workspace/wine/data/WineSensed/chunk_001/output_images/chunk_001/1MUTZb0uS7CxFh9HTUe_XQ.jpg,winesensed,1MUTZb0uS7CxFh9HTUe_XQ.jpg,winesensed:84899103,,84899103,ee234987fe4bcec347b074d3,ok,/mnt/SSD/workspace/wine/data/winesensed_embedding/crops/ee/ee234987fe4bcec347b074d3.jpg,6677f4f0d41376f185b5ed4dbe75fb969fa26d630b2e271617d67bc820359975,18027ed65c6d198600760a634dd194f6c59fc18c16c74d2a3fd3ba0af976c765,"[70, 0, 403, 633]",0.509765625,333,633,winesensed:84899103,83,train
/mnt/SSD/workspace/wine/data/WineSensed/chunk_001/output_images/chunk_001/3KfRqCTFR9-_OCGM7x1_6Q.jpg,winesensed,3KfRqCTFR9-_OCGM7x1_6Q.jpg,winesensed:84899103,,84899103,ef37e0e631501c9b97bc9afc,ok,/mnt/SSD/workspace/wine/data/winesensed_embedding/crops/ef/ef37e0e631501c9b97bc9afc.jpg,0a8c854c254eb2a86179a935adba819d297bc1140be9ccbdcf45a9f1f71ef502,e8a1c87c76732b5e9c376fe29a7dc2da9bde8e29a7f0b6c58ab56d9649d44920,"[155, 0, 376, 635]",0.8798828125,221,635,winesensed:84899103,83,train
/mnt/SSD/workspace/wine/data/WineSensed/chunk_001/output_images/chunk_001/0qVeuNC7QgmSvdcnVj1T-A.jpg,winesensed,0qVeuNC7QgmSvdcnVj1T-A.jpg,winesensed:84960559,,84960559,0bce7214a507c10604268bc3,ok,/mnt/SSD/workspace/wine/data/winesensed_embedding/crops/0b/0bce7214a507c10604268bc3.jpg,fbfa6fb7a5dfb067b4ff573d37c5799dcd8488ea1fb5d463699d37e77d70489f,4a08fc67a59d05b5692478d3a2c25ccada7c3840ccd6703a110e2256a9236bf6,"[87, 1, 362, 640]",0.73388671875,275,639,winesensed:84960559,84,train
/mnt/SSD/workspace/wine/data/WineSensed/chunk_001/output_images/chunk_001/1FBYkEKMSrekh4obr5GG4Q.jpg,winesensed,1FBYkEKMSrekh4obr5GG4Q.jpg,winesensed:84960559,,84960559,0d67d9970fff4b42c410a5b4,ok,/mnt/SSD/workspace/wine/data/winesensed_embedding/crops/0d/0d67d9970fff4b42c410a5b4.jpg,78b784165707db9ab88bc46702d47c44292cf6590aa85b20d7bdb3e163287692,67c55d3ca374067919da536a0a94dc07271ce5e737972c4bce35f03dee01c8d4,"[70, 0, 376, 640]",0.5048828125,306,640,winesensed:84960559,84,train
/mnt/SSD/workspace/wine/data/WineSensed/chunk_001/output_images/chunk_001/0UHWmhywQlOnmiMxj9SnSw.jpg,winesensed,0UHWmhywQlOnmiMxj9SnSw.jpg,winesensed:84960559,,84960559,180dad9ffa6cf18d0a103857,ok,/mnt/SSD/workspace/wine/data/winesensed_embedding/crops/18/180dad9ffa6cf18d0a103857.jpg,32a55c6093b1cc94a57e105e085913e5c57e369b3cbdc67abc6c7a070b6138e9,8c8a0ab2cb1bbf2ee2d06aa2915f7be3f3788a6f66af9c8f6ed40fc9c38e7504,"[96, 0, 381, 640]",0.26513671875,285,640,winesensed:84960559,84,train
/mnt/SSD/workspace/wine/data/WineSensed/chunk_002/output_images/chunk_002/753f8wjYScCqWvq4YOdB8g.jpg,winesensed,753f8wjYScCqWvq4YOdB8g.jpg,winesensed:84960559,,84960559,1a59b754f29efb98832d50c1,ok,/mnt/SSD/workspace/wine/data/winesensed_embedding/crops/1a/1a59b754f29efb98832d50c1.jpg,17bf742999bb3780d67381a1b06df680dde409896521c17ea741065aba067b28,d8c30d6e505efd5442734a3d11ea61403489b1a98d04dd0caf57efb119685a50,"[81, 3, 396, 627]",0.326904296875,315,624,winesensed:84960559,84,train
/mnt/SSD/workspace/wine/data/WineSensed/chunk_001/output_images/chunk_001/3D4ynEp-Qj2gfhy7pUOwIA.jpg,winesensed,3D4ynEp-Qj2gfhy7pUOwIA.jpg,winesensed:84960559,,84960559,442b4bf44711639a04cb27aa,ok,/mnt/SSD/workspace/wine/data/winesensed_embedding/crops/44/442b4bf44711639a04cb27aa.jpg,57235e674be955c9f13121123001197e17cac77af4dbfafa682672e9dd51ca36,8c2fb2c438da9c6dda79e39c98d9ba6a866d7fbebdf2ba5c711ab7888b1d3d79,"[97, 0, 380, 631]",0.6259765625,283,631,winesensed:84960559,84,train
/mnt/SSD/workspace/wine/data/WineSensed/chunk_001/output_images/chunk_001/37nuJ92RSfW-mk-Go5p0Yg.jpg,winesensed,37nuJ92RSfW-mk-Go5p0Yg.jpg,winesensed:84960559,,84960559,49dbed44125a0d3b2180b907,ok,/mnt/SSD/workspace/wine/data/winesensed_embedding/crops/49/49dbed44125a0d3b2180b907.jpg,fe3b4dade5e1d4cb5099d16acb7f93e30e214d3ad3c5ba1d28bd274fa44c34ea,eb9942a8f9c7a8160be45be5fb1944e38ae95322d45076b8c694bb3d5d1e9ba3,"[77, 1, 371, 626]",0.4736328125,294,625,winesensed:84960559,84,train
/mnt/SSD/workspace/wine/data/WineSensed/chunk_001/output_images/chunk_001/1oQVKo3-RBaR4KV3XKAShQ.jpg,winesensed,1oQVKo3-RBaR4KV3XKAShQ.jpg,winesensed:84960559,,84960559,689ef9e76ed3a168e7127cbb,ok,/mnt/SSD/workspace/wine/data/winesensed_embedding/crops/68/689ef9e76ed3a168e7127cbb.jpg,de41c97b30270609822d822a643e0a66c1859e36ea3ef320c5cdeebfcabb782f,6143a52b7e3e13fec1cdb960247d9725d1b6bef608da95431fe2866d474a0cfd,"[100, 4, 434, 633]",0.262451171875,334,629,winesensed:84960559,84,train
/mnt/SSD/workspace/wine/data/WineSensed/chunk_002/output_images/chunk_002/7UCVZCmNTcqCP7koa0CLJA.jpg,winesensed,7UCVZCmNTcqCP7koa0CLJA.jpg,winesensed:84960559,,84960559,6b37eb290757907f3e02bac9,ok,/mnt/SSD/workspace/wine/data/winesensed_embedding/crops/6b/6b37eb290757907f3e02bac9.jpg,b1d9dd0e35ea3f408b81231427cd770b8bfb22af78bc820efe25a031ad1f2202,78b52dfc43b1c8bc19a6d7463878982e371ef1905fa0384c172e8b9f1fbc23b1,"[83, 0, 384, 640]",0.5185546875,301,640,winesensed:84960559,84,train
/mnt/SSD/workspace/wine/data/WineSensed/chunk_001/output_images/chunk_001/084wP6l-SmmUbM9XOodHzQ.jpg,winesensed,084wP6l-SmmUbM9XOodHzQ.jpg,winesensed:84960559,,84960559,9c45da3b11fb8ab22734aca3,ok,/mnt/SSD/workspace/wine/data/winesensed_embedding/crops/9c/9c45da3b11fb8ab22734aca3.jpg,ddb557c6d3504c3e4c8040c6a513d7b65ea9b5791f3bebc327957e170fd7524a,fdb1d1e534f0c7ebd6606760c9ec4c11cf373bdb03e7604a04c6b61c633834ae,"[112, 6, 410, 639]",0.470703125,298,633,winesensed:84960559,84,train
/mnt/SSD/workspace/wine/data/WineSensed/chunk_001/output_images/chunk_001/-HgQraXQTCmz7zUeRHhM_w.jpg,winesensed,-HgQraXQTCmz7zUeRHhM_w.jpg,winesensed:84960559,,84960559,cef505c0d4178ba87df3dded,ok,/mnt/SSD/workspace/wine/data/winesensed_embedding/crops/ce/cef505c0d4178ba87df3dded.jpg,7b49423917f7ca39deac8547be6ce6d5577f0ff7fe6e09a6fddcee8431c39b41,0e2faa56c1f91478bbadeefb322e2a7d3facb9f91492ac337b79e4218f23c2c4,"[101, 6, 392, 640]",0.34765625,291,634,winesensed:84960559,84,train
/mnt/SSD/workspace/wine/data/WineSensed/chunk_001/output_images/chunk_001/51WZEkRzS_Sc9F7CieI82Q.jpg,winesensed,51WZEkRzS_Sc9F7CieI82Q.jpg,winesensed:84960559,,84960559,d679f19cbab8aab540500290,ok,/mnt/SSD/workspace/wine/data/winesensed_embedding/crops/d6/d679f19cbab8aab540500290.jpg,daf45bf5aea9c490247e6717a41b256ba26e8b8aba93a7d1126adc0bc1a38b17,9bd0319e4500383ca27370f675b4a9950d89357a56fc4e8202f599e5f800b42c,"[56, 0, 452, 640]",0.454345703125,396,640,winesensed:84960559,84,train
/mnt/SSD/workspace/wine/data/WineSensed/chunk_001/output_images/chunk_001/1Rm6l46bTHytkWNRyKuxsA.jpg,winesensed,1Rm6l46bTHytkWNRyKuxsA.jpg,winesensed:84960559,,84960559,e935e3fba31c6f3654f2b6a0,ok,/mnt/SSD/workspace/wine/data/winesensed_embedding/crops/e9/e935e3fba31c6f3654f2b6a0.jpg,9949266edcd5c9e058b1cf90794dca3e3294adce03500d340301580cfd83b029,9d617d2ef066c6c1d8876b3a7018800eb5f968f094c0527b9fd6f6725c702525,"[57, 0, 367, 640]",0.367919921875,310,640,winesensed:84960559,84,train
/mnt/SSD/workspace/wine/data/WineSensed/chunk_003/output_images/chunk_003/CJ1lOv0JTEqVPcEb9q4PAA.jpg,winesensed,CJ1lOv0JTEqVPcEb9q4PAA.jpg,winesensed:84972326,,84972326,4c706ed62a7370cc46869ec0,ok,/mnt/SSD/workspace/wine/data/winesensed_embedding/crops/4c/4c706ed62a7370cc46869ec0.jpg,dd6a2fbbb30d2ac6a8ab74547323a4f48e2d25861f2a5d5cf0a28a23c70f880c,e528827ee2f57c2c8d87541391d6cf2a0d4cb058f6f69fb9b40049a8b9e6e381,"[86, 0, 373, 624]",0.39892578125,287,624,winesensed:84972326,85,train
/mnt/SSD/workspace/wine/data/WineSensed/chunk_002/output_images/chunk_002/9-HwN1lmRAeZ0S8fNMoiGg.jpg,winesensed,9-HwN1lmRAeZ0S8fNMoiGg.jpg,winesensed:84972326,,84972326,6fd23363a6623a98b77cda5e,ok,/mnt/SSD/workspace/wine/data/winesensed_embedding/crops/6f/6fd23363a6623a98b77cda5e.jpg,0f54beae50ab22f8652ff422e253e50f10fed7e94dbf88c3e0d16d707212d28b,6fde49c23c6ddb47ec9a69928c7404c036bd3cbbe6ba1ec11bb94f09bffd0efb,"[104, 2, 394, 620]",0.60009765625,290,618,winesensed:84972326,85,train
/mnt/SSD/workspace/wine/data/WineSensed/chunk_001/output_images/chunk_001/4RxNxUc-QPCPYRaRHt51bg.jpg,winesensed,4RxNxUc-QPCPYRaRHt51bg.jpg,winesensed:84972326,,84972326,70f1fb516c5fbef0252e1a94,ok,/mnt/SSD/workspace/wine/data/winesensed_embedding/crops/70/70f1fb516c5fbef0252e1a94.jpg,b38a96296ac7d29376513c5d0856d9924e8f95f1a5440b4f0d54b8ca4bc31366,a9997483b8837c58c2748e636ea70f4062fef81a69712d3e4082e169fc44b1ff,"[156, 0, 444, 571]",0.56982421875,288,571,winesensed:84972326,85,train
/mnt/SSD/workspace/wine/data/WineSensed/chunk_001/output_images/chunk_001/14vEAcqeTb6gZqNhDZSpjw.jpg,winesensed,14vEAcqeTb6gZqNhDZSpjw.jpg,winesensed:84972326,,84972326,77fa95fbfc13af3928eb04a5,ok,/mnt/SSD/workspace/wine/data/winesensed_embedding/crops/77/77fa95fbfc13af3928eb04a5.jpg,d57c6f84aefd0dd14d4c84d550891729e4e25e40e4ea4148f554b007aa92fa9d,59e6831dd44e36c6f00e7074255f28873904fdb5ad9fbe54426d64e42764fd85,"[141, 0, 410, 566]",0.70751953125,269,566,winesensed:84972326,85,train
/mnt/SSD/workspace/wine/data/WineSensed/chunk_002/output_images/chunk_002/BciWHxxUR8-JdE3MvVe1iA.jpg,winesensed,BciWHxxUR8-JdE3MvVe1iA.jpg,winesensed:84972326,,84972326,79aec6179b1f650a1d4c0398,ok,/mnt/SSD/workspace/wine/data/winesensed_embedding/crops/79/79aec6179b1f650a1d4c0398.jpg,de122f314dfd3f601fdacb9cfef6278d3a16368d05868ce91b0a932bf2fe917d,7d3b0e6a384e29a6271b43cf4845dddeed58def956068d5fc01ef2dd1d722a42,"[101, 0, 408, 503]",0.389892578125,307,503,winesensed:84972326,85,train
/mnt/SSD/workspace/wine/data/WineSensed/chunk_003/output_images/chunk_003/ETxlCM1OTRauUKz9MKRBgg.jpg,winesensed,ETxlCM1OTRauUKz9MKRBgg.jpg,winesensed:84972326,,84972326,8522a7369408188e7c08106e,ok,/mnt/SSD/workspace/wine/data/winesensed_embedding/crops/85/8522a7369408188e7c08106e.jpg,310b82a44f2594b3c930f1fb5d63e572dfba50050bc84f01d57ca71e18762dc7,2e0f4560c43172c99565f74c98eab130d850bb599aa5c66d151c2072d4babc34,"[21, 0, 432, 640]",0.404541015625,411,640,winesensed:84972326,85,train
/mnt/SSD/workspace/wine/data/WineSensed/chunk_002/output_images/chunk_002/9-7M4RWUSuO-R9jQFHiG8A.jpg,winesensed,9-7M4RWUSuO-R9jQFHiG8A.jpg,winesensed:84972326,,84972326,9c5e52aba857ee297aaa869c,ok,/mnt/SSD/workspace/wine/data/winesensed_embedding/crops/9c/9c5e52aba857ee297aaa869c.jpg,af0de5d36ccb8710a52b8e6f58910834249e2027d11830dfaefb207822e7b024,542fd14423cfa65eba0336192054b3d366dec7ba813448f0ce1517da4d5bde0b,"[51, 0, 449, 637]",0.7685546875,398,637,winesensed:84972326,85,train
/mnt/SSD/workspace/wine/data/WineSensed/chunk_002/output_images/chunk_002/8wFCdbmGSOeIwAtOdxW2-A.jpg,winesensed,8wFCdbmGSOeIwAtOdxW2-A.jpg,winesensed:84972326,,84972326,a238a594254e04a64a127803,ok,/mnt/SSD/workspace/wine/data/winesensed_embedding/crops/a2/a238a594254e04a64a127803.jpg,1dd3e8334f2db4a05a0d698ee0970a859eeda17d609d2ed1f7003f4684c9e150,f770aa7363e29a4b6c9af492e2b2e129b291bb765e58e0e58da4004c952bf3f4,"[79, 0, 321, 549]",0.5419921875,242,549,winesensed:84972326,85,train
/mnt/SSD/workspace/wine/data/WineSensed/chunk_001/output_images/chunk_001/-5A5klPsQsueXqWLhNT4HA.jpg,winesensed,-5A5klPsQsueXqWLhNT4HA.jpg,winesensed:84972326,,84972326,b06007a8ed1ad725d2279945,ok,/mnt/SSD/workspace/wine/data/winesensed_embedding/crops/b0/b06007a8ed1ad725d2279945.jpg,d794ba7710ab3612e1b6311cac72e30334d023cac1133d17f0fe2d30e485d514,722587511955dedf9887f744a0a3d63d0b289e027a2a3716c4b78ddaf462085b,"[56, 0, 391, 640]",0.57275390625,335,640,winesensed:84972326,85,train
/mnt/SSD/workspace/wine/data/WineSensed/chunk_001/output_images/chunk_001/0VY7iy8eQIm0nhjJxsyPhA.jpg,winesensed,0VY7iy8eQIm0nhjJxsyPhA.jpg,winesensed:84972326,,84972326,c1879a1141536aa05239179b,ok,/mnt/SSD/workspace/wine/data/winesensed_embedding/crops/c1/c1879a1141536aa05239179b.jpg,8389832ce8cf3a4b4f5638112cf2e589e1e24169da3ed6a281df26712300a333,beb55cdd4191a12dbd834ef1a1e7d50f8c51144032bd6abf92120ef9ef05ed73,"[61, 0, 412, 628]",0.4560546875,351,628,winesensed:84972326,85,train
/mnt/SSD/workspace/wine/data/WineSensed/chunk_002/output_images/chunk_002/BDisHijuQcyj7XKgg_96ZQ.jpg,winesensed,BDisHijuQcyj7XKgg_96ZQ.jpg,winesensed:84972326,,84972326,d1f2210e7df327df639d523e,ok,/mnt/SSD/workspace/wine/data/winesensed_embedding/crops/d1/d1f2210e7df327df639d523e.jpg,7fc1130a7c4548cf958d956f5fd3219024031fa15604969ac231777eb4bd6962,18023416a1e0ea9a98677577ff907df951364c3b17cb650c91606292d152e0a2,"[12, 0, 442, 640]",0.30908203125,430,640,winesensed:84972326,85,train
/mnt/SSD/workspace/wine/data/WineSensed/chunk_002/output_images/chunk_002/A1cA_0fkSwu9DuP8b6bidw.jpg,winesensed,A1cA_0fkSwu9DuP8b6bidw.jpg,winesensed:84972326,,84972326,e19ca3250929421f4c4d3207,ok,/mnt/SSD/workspace/wine/data/winesensed_embedding/crops/e1/e19ca3250929421f4c4d3207.jpg,18e45e81351f1ba5b190fcfb4a1f7ca00c14ea4c695c6f15c1ece21852c9c7aa,f46431606b8a12cd9993b5ba852d9c265b642cdaeb30d9e42011adea74aacf20,"[0, 0, 399, 634]",0.389892578125,399,634,winesensed:84972326,85,train
/mnt/SSD/workspace/wine/data/WineSensed/chunk_001/output_images/chunk_001/26VkJoSwTliQ8tUojmxY6g.jpg,winesensed,26VkJoSwTliQ8tUojmxY6g.jpg,winesensed:85523808,,85523808,03b4bebaf3adf90e2bd570cc,ok,/mnt/SSD/workspace/wine/data/winesensed_embedding/crops/03/03b4bebaf3adf90e2bd570cc.jpg,03fcee9c223126d4a1cb8244fe41ff5dd2091ef2c08fe8c71b30f56f1c548c56,beb41825794bc8468fc505bc172480d5b19b5dc7a6ec1d1a11468bad7aa4f065,"[114, 0, 412, 606]",0.7578125,298,606,winesensed:85523808,86,train
/mnt/SSD/workspace/wine/data/WineSensed/chunk_002/output_images/chunk_002/5QFzjiD5QD-pM0gLSazm9g.jpg,winesensed,5QFzjiD5QD-pM0gLSazm9g.jpg,winesensed:85523808,,85523808,0f9ff0236385127cb869bef7,ok,/mnt/SSD/workspace/wine/data/winesensed_embedding/crops/0f/0f9ff0236385127cb869bef7.jpg,13184516b831b5291bfcb319aa175968515404f9001b4ababbfbd9af0e11d260,b363ad02fc73c4029d6be7e87612cfd1f2469ab246bafcfd66297948e997d53f,"[0, 0, 432, 640]",0.7958984375,432,640,winesensed:85523808,86,train
/mnt/SSD/workspace/wine/data/WineSensed/chunk_002/output_images/chunk_002/A3GyzgOJRVOVKPN26JujTw.jpg,winesensed,A3GyzgOJRVOVKPN26JujTw.jpg,winesensed:85523808,,85523808,1839dd84191baeda6540692a,ok,/mnt/SSD/workspace/wine/data/winesensed_embedding/crops/18/1839dd84191baeda6540692a.jpg,3109a7c0bd37e9c15d9bb568799fba418ea639c17cda389e76946c111f08689b,97379f18b3966c2ffc6ed46a11e4fec713aa4c0ee09d78f700d9d792fd5be987,"[75, 0, 464, 620]",0.32373046875,389,620,winesensed:85523808,86,train
/mnt/SSD/workspace/wine/data/WineSensed/chunk_001/output_images/chunk_001/0ANc7vt7Q92SlXv8fGaA0g.jpg,winesensed,0ANc7vt7Q92SlXv8fGaA0g.jpg,winesensed:85523808,,85523808,23b9141f14bf821667ef6b00,ok,/mnt/SSD/workspace/wine/data/winesensed_embedding/crops/23/23b9141f14bf821667ef6b00.jpg,73899b1843a6bb83c3c4c2fe4b01cca8a6c2e0f72162842b15eb9f42bf116bfa,d9c2440de41d69311bf9e99143bb199d5051423c17b29f68a194a61a46a9e0db,"[51, 0, 441, 638]",0.72314453125,390,638,winesensed:85523808,86,train
/mnt/SSD/workspace/wine/data/WineSensed/chunk_002/output_images/chunk_002/8W1uvLneRk6VndbnJ0Eo7Q.jpg,winesensed,8W1uvLneRk6VndbnJ0Eo7Q.jpg,winesensed:85523808,,85523808,250e5637b53139f54a204d6c,ok,/mnt/SSD/workspace/wine/data/winesensed_embedding/crops/25/250e5637b53139f54a204d6c.jpg,e6645e1ffaedfb2dd800b7ac2710dbc3c377d33856da9654a04785b21629cd91,52392375fc1d0d99a36d0f219c9fe58154260c07755e911d3265356e590e0b97,"[42, 0, 480, 588]",0.5556640625,438,588,winesensed:85523808,86,train
/mnt/SSD/workspace/wine/data/WineSensed/chunk_003/output_images/chunk_003/DT4SrDAvRxWko__L7eVSjA.jpg,winesensed,DT4SrDAvRxWko__L7eVSjA.jpg,winesensed:85523808,,85523808,2ef7f60190c7876355dee87c,ok,/mnt/SSD/workspace/wine/data/winesensed_embedding/crops/2e/2ef7f60190c7876355dee87c.jpg,bc4d54e340b22617bf6442888df4335d9a872486246f80f6587e82a81e447d03,eb62ef2f0aae8c6e51cda9deeabdcbd0a0b004aebcc883a925a8f82a36ea4be1,"[88, 0, 375, 623]",0.484375,287,623,winesensed:85523808,86,train
/mnt/SSD/workspace/wine/data/WineSensed/chunk_002/output_images/chunk_002/7RHV1RG1Re-OSHOCHnc3Mw.jpg,winesensed,7RHV1RG1Re-OSHOCHnc3Mw.jpg,winesensed:85523808,,85523808,6eff229464cd572a1b37eacc,ok,/mnt/SSD/workspace/wine/data/winesensed_embedding/crops/6e/6eff229464cd572a1b37eacc.jpg,6a20da3566f44bf9393cde53fcd59103240877eb4492544173ef1a02aba405a5,aa54fd06e4e27d63f0930f44d554ab66af79fc47a81f4c738c23cbf8fc165c64,"[0, 7, 454, 635]",0.421630859375,454,628,winesensed:85523808,86,train
/mnt/SSD/workspace/wine/data/WineSensed/chunk_002/output_images/chunk_002/BVQCduFYQ0yZQQ-qdMr3UQ.jpg,winesensed,BVQCduFYQ0yZQQ-qdMr3UQ.jpg,winesensed:85523808,,85523808,74ad3d9bbfb6fd528d5d99ba,ok,/mnt/SSD/workspace/wine/data/winesensed_embedding/crops/74/74ad3d9bbfb6fd528d5d99ba.jpg,f95a9d42c48bcb0aa2de66bf5bf378652109b541267e1b3efd41df5167ba12f4,4311feef4e88138be0b4e4c763e9a6496f9bb54157d6b95c2331a3917013c582,"[94, 0, 389, 640]",0.890625,295,640,winesensed:85523808,86,train
/mnt/SSD/workspace/wine/data/WineSensed/chunk_003/output_images/chunk_003/C2QKAm-kS8CaxHHYoOLE6w.jpg,winesensed,C2QKAm-kS8CaxHHYoOLE6w.jpg,winesensed:85523808,,85523808,8522a96267833114d48da3cd,ok,/mnt/SSD/workspace/wine/data/winesensed_embedding/crops/85/8522a96267833114d48da3cd.jpg,5714dc744bbcaed958067af437cefd7436f2fab80df5a3bc0031eb19a81001bb,b389842b63e9ba2d8dcab2930e0ecac4af5a6eb5f523defe93baf1474f285411,"[30, 0, 420, 636]",0.56787109375,390,636,winesensed:85523808,86,train
/mnt/SSD/workspace/wine/data/WineSensed/chunk_002/output_images/chunk_002/75jqitWsQGCTyiCe4JPvOg.jpg,winesensed,75jqitWsQGCTyiCe4JPvOg.jpg,winesensed:85523808,,85523808,af2e32c60f89e90650317f6c,ok,/mnt/SSD/workspace/wine/data/winesensed_embedding/crops/af/af2e32c60f89e90650317f6c.jpg,f20aea6d3bdefd7a5bc9dd22aeb372289080587409e28155fdbd1d09871d4220,7b607a0025c5d9fb64ff57fa2c4bd4840c2da5108a044bf98ec51a1263257a30,"[116, 0, 377, 634]",0.85888671875,261,634,winesensed:85523808,86,train
/mnt/SSD/workspace/wine/data/WineSensed/chunk_002/output_images/chunk_002/BijucfxlSmSAgDyB_K-32g.jpg,winesensed,BijucfxlSmSAgDyB_K-32g.jpg,winesensed:85523808,,85523808,cd80ed0cb315be24c589909e,ok,/mnt/SSD/workspace/wine/data/winesensed_embedding/crops/cd/cd80ed0cb315be24c589909e.jpg,db641f85f5292029d5cdf224cc6ee66dbddd554bb177e4bf253974344f08179a,2a5ec7ae7f4ce106b3ef110408ff2b9f4326cc0ee8505bc664f7a0d2343c509a,"[48, 7, 447, 640]",0.4853515625,399,633,winesensed:85523808,86,train
/mnt/SSD/workspace/wine/data/WineSensed/chunk_003/output_images/chunk_003/Bn7_XkQTRkm2Fn4_wVN7KQ.jpg,winesensed,Bn7_XkQTRkm2Fn4_wVN7KQ.jpg,winesensed:85523808,,85523808,cf114618f261006e304bafd2,ok,/mnt/SSD/workspace/wine/data/winesensed_embedding/crops/cf/cf114618f261006e304bafd2.jpg,8bea543578e3db07d777eff0e056a8a9c13db638765922b7b9418ab0b32b5744,96a7df624c1679bee0f042c2cc9443afff402f52e57884f28082b1b7d13a53dc,"[0, 0, 398, 634]",0.4755859375,398,634,winesensed:85523808,86,train
/mnt/SSD/workspace/wine/data/WineSensed/chunk_002/output_images/chunk_002/8SsRVqYsRxqDCicp5YmFsg.jpg,winesensed,8SsRVqYsRxqDCicp5YmFsg.jpg,winesensed:85577160,,85577160,104b8d389e200a35930f9f3e,ok,/mnt/SSD/workspace/wine/data/winesensed_embedding/crops/10/104b8d389e200a35930f9f3e.jpg,b219b4c4cde663132918f7cd92c1c5b909be410c9e72d770df745fe5e3991e7e,4c785bd58153389c5f06a8807aca78485da4db5364586ef3801b80527f7942d4,"[94, 0, 315, 640]",0.7861328125,221,640,winesensed:85577160,87,train
/mnt/SSD/workspace/wine/data/WineSensed/chunk_001/output_images/chunk_001/06KmUCFQQ-y0PzXpEaB1iA.jpg,winesensed,06KmUCFQQ-y0PzXpEaB1iA.jpg,winesensed:85577160,,85577160,17e7c14e9dcf94424d5b6667,ok,/mnt/SSD/workspace/wine/data/winesensed_embedding/crops/17/17e7c14e9dcf94424d5b6667.jpg,4b4ccc86dd9a593091ca0ec3987fc6ca38bfb70566bf6a3d05de991d8efed529,c27264278dba89fff26c210bdd2b94e9485f1e4fc58c3e5927c61cbd6806a06e,"[78, 0, 408, 640]",0.6513671875,330,640,winesensed:85577160,87,train
/mnt/SSD/workspace/wine/data/WineSensed/chunk_001/output_images/chunk_001/0nE_206UTq6dxr1vz1nCfg.jpg,winesensed,0nE_206UTq6dxr1vz1nCfg.jpg,winesensed:85577160,,85577160,34b5fd8023aaa6980c204258,ok,/mnt/SSD/workspace/wine/data/winesensed_embedding/crops/34/34b5fd8023aaa6980c204258.jpg,1d2b03d8e8bbc4b96a0c5f2ae874b075ead94ebc711b24c3ae8e78224aa7c276,c0a0d8f3fb4e22565347e28ab392cc29f25643a7cccc6cd39f19bdfb9613b04a,"[65, 34, 394, 616]",0.251708984375,329,582,winesensed:85577160,87,train
/mnt/SSD/workspace/wine/data/WineSensed/chunk_002/output_images/chunk_002/5db4Os46RCyJFAA-Pm2X3w.jpg,winesensed,5db4Os46RCyJFAA-Pm2X3w.jpg,winesensed:85577160,,85577160,44ec91d8dec0d8fdc82ce4e0,ok,/mnt/SSD/workspace/wine/data/winesensed_embedding/crops/44/44ec91d8dec0d8fdc82ce4e0.jpg,41cc5e4b7e8f72112d975cae49a93b0dd2eebe16490b918d9a639fae3431fefd,0057d93e547ca4697767a3fdeeb42d1ea1146dcb8ef9449e16ed1d3f3c99dc59,"[154, 0, 340, 605]",0.8125,186,605,winesensed:85577160,87,train
/mnt/SSD/workspace/wine/data/WineSensed/chunk_001/output_images/chunk_001/16q2F_nCTiCyyMj-ADlKIw.jpg,winesensed,16q2F_nCTiCyyMj-ADlKIw.jpg,winesensed:85577160,,85577160,56e888e1d1b68cc54479818a,ok,/mnt/SSD/workspace/wine/data/winesensed_embedding/crops/56/56e888e1d1b68cc54479818a.jpg,5659ca0a8df6eb06576d392dae08feb66883e3b5fe5d93cbad4eee2f6d9687d6,689c615f5ced25ad3ec8e3f52b2b904faaaef229976ac7223386b642feb03350,"[79, 0, 363, 640]",0.30908203125,284,640,winesensed:85577160,87,train
/mnt/SSD/workspace/wine/data/WineSensed/chunk_001/output_images/chunk_001/3_xKTlIDRna9wj49PrmhOw.jpg,winesensed,3_xKTlIDRna9wj49PrmhOw.jpg,winesensed:85577160,,85577160,8aa254404dc3ae0bed62f8db,ok,/mnt/SSD/workspace/wine/data/winesensed_embedding/crops/8a/8aa254404dc3ae0bed62f8db.jpg,a31f8151c8b3831f4af99fe7d84757790244f14648883a6b824ebcb0706f4760,f2591d0dfe03cc3cfd1eb49d56bb4dfd67b380321edb441b89acbaa0e5052fb8,"[86, 21, 389, 638]",0.39990234375,303,617,winesensed:85577160,87,train
/mnt/SSD/workspace/wine/data/WineSensed/chunk_001/output_images/chunk_001/1zjNQTkbSoGoRr1-B46pbA.jpg,winesensed,1zjNQTkbSoGoRr1-B46pbA.jpg,winesensed:85577160,,85577160,9baf701da7f0d8445f23dd4b,ok,/mnt/SSD/workspace/wine/data/winesensed_embedding/crops/9b/9baf701da7f0d8445f23dd4b.jpg,1a9cc3641c0be2094c674e720bd86638b7ea891d13e55f66a30d6bf3b9e7db6b,ebf53d01b5983cf2db25e584cee48fcbb50586d4557f704ed4ae8f64a696b917,"[79, 0, 329, 619]",0.57861328125,250,619,winesensed:85577160,87,train
/mnt/SSD/workspace/wine/data/WineSensed/chunk_001/output_images/chunk_001/38edy2QPQVSP6IgGAmxhZw.jpg,winesensed,38edy2QPQVSP6IgGAmxhZw.jpg,winesensed:85577160,,85577160,be77acbc68f2f99decca69bd,ok,/mnt/SSD/workspace/wine/data/winesensed_embedding/crops/be/be77acbc68f2f99decca69bd.jpg,83db2460099c5b671d2d863ac5e11520e82e4fa695725d5f542cbff97a95fbe9,a6a0c9a96214e6086ae8ccff043925aedb28f3623001587ffe55f3fc4fdfde00,"[83, 16, 400, 633]",0.420654296875,317,617,winesensed:85577160,87,train
/mnt/SSD/workspace/wine/data/WineSensed/chunk_001/output_images/chunk_001/-w71BnwpRP-10mlDDnC1iw.jpg,winesensed,-w71BnwpRP-10mlDDnC1iw.jpg,winesensed:85577160,,85577160,dd434b647fc6f2d14f735683,ok,/mnt/SSD/workspace/wine/data/winesensed_embedding/crops/dd/dd434b647fc6f2d14f735683.jpg,6b2e968533273ad9ddff4df1dce5c9fd6197e1b437df65a3a3eb0f339745032a,5d168bc5ea6a05bcadc94ead85dec9212f0527641f0735f96beb74785951df68,"[146, 0, 364, 635]",0.441650390625,218,635,winesensed:85577160,87,train
/mnt/SSD/workspace/wine/data/WineSensed/chunk_001/output_images/chunk_001/1--SU-X_QXiiIML2eHqkEw.jpg,winesensed,1--SU-X_QXiiIML2eHqkEw.jpg,winesensed:85577160,,85577160,e2e3c14efa33c88806df29f4,ok,/mnt/SSD/workspace/wine/data/winesensed_embedding/crops/e2/e2e3c14efa33c88806df29f4.jpg,131a3a026f2a3d5c92146f6e4bfec93ffc67822312954bc168ae568c8a912999,2048460e09e4e307410a2782ed1b78759d6390c1ef652ae1f27ce9207067186d,"[141, 0, 404, 637]",0.56298828125,263,637,winesensed:85577160,87,train
/mnt/SSD/workspace/wine/data/WineSensed/chunk_002/output_images/chunk_002/7rjSMwOPRleZyf-vFyuKDg.jpg,winesensed,7rjSMwOPRleZyf-vFyuKDg.jpg,winesensed:85577160,,85577160,ecfc53b8dae65a4564773267,ok,/mnt/SSD/workspace/wine/data/winesensed_embedding/crops/ec/ecfc53b8dae65a4564773267.jpg,4243b4b2c17b0b29cbc3285a1dd2eed31623dbe6b483327bc095272a107c73b1,d36725690fde05239d3748f92c00ea46e5f2768340f903fb494807fab4fdd62c,"[92, 19, 411, 633]",0.48046875,319,614,winesensed:85577160,87,train
/mnt/SSD/workspace/wine/data/WineSensed/chunk_001/output_images/chunk_001/4nCu-ZmjTMad7d2q8WqECg.jpg,winesensed,4nCu-ZmjTMad7d2q8WqECg.jpg,winesensed:85577160,,85577160,fb94ea2e6569c2e963a53ae8,ok,/mnt/SSD/workspace/wine/data/winesensed_embedding/crops/fb/fb94ea2e6569c2e963a53ae8.jpg,6e8e2590ba27b5ccfd9769d30ef5ffc1d923a984d40df4cf6ec5d892098ef989,e8fa5f63df16ac51fe5be099c7c480aab02949d24a778cc710a2fe7eff870c5f,"[74, 0, 412, 635]",0.28369140625,338,635,winesensed:85577160,87,train
/mnt/SSD/workspace/wine/data/WineSensed/chunk_001/output_images/chunk_001/3GZo6yIcQ6aIW5nJPlIuCA.jpg,winesensed,3GZo6yIcQ6aIW5nJPlIuCA.jpg,winesensed:86292926,,86292926,0871173f587780bd9f957756,ok,/mnt/SSD/workspace/wine/data/winesensed_embedding/crops/08/0871173f587780bd9f957756.jpg,a468d092bafce8d6755d0dccb2077475c9d2fc226f21257d1596890e95533b26,bf4bc4a26e0a120eef415e01fc0c3b115a36c08e0d46705c9838ad02b66e8ce9,"[0, 0, 480, 623]",0.3271484375,480,623,winesensed:86292926,88,train
/mnt/SSD/workspace/wine/data/WineSensed/chunk_001/output_images/chunk_001/-xiBu01ZS7ix5HeTFHRVew.jpg,winesensed,-xiBu01ZS7ix5HeTFHRVew.jpg,winesensed:86292926,,86292926,1ec22c1fc3050d1bac25b42d,ok,/mnt/SSD/workspace/wine/data/winesensed_embedding/crops/1e/1ec22c1fc3050d1bac25b42d.jpg,42fdb97caeca3718a679c05895766bf1efefb91b4912cff6750f6e9d1db151d7,9e02d74d72bacd1ef4e985a65685d2b334af83563f1391c258b7021daff09c27,"[114, 0, 331, 639]",0.69775390625,217,639,winesensed:86292926,88,train
/mnt/SSD/workspace/wine/data/WineSensed/chunk_001/output_images/chunk_001/0J_abzr8ScOwOy5F-NOLgg.jpg,winesensed,0J_abzr8ScOwOy5F-NOLgg.jpg,winesensed:86292926,,86292926,2e6b4b25cf08759a2619fbf6,ok,/mnt/SSD/workspace/wine/data/winesensed_embedding/crops/2e/2e6b4b25cf08759a2619fbf6.jpg,a5ad2f8a7babbe4ce96133aa9a2f05bab04baeb21484f46d1b79bfa39874e634,986f471d1e9f26e917575e989622b85b01aa9491e25af5f317e666ec3e4907bf,"[78, 4, 441, 637]",0.3798828125,363,633,winesensed:86292926,88,train
/mnt/SSD/workspace/wine/data/WineSensed/chunk_002/output_images/chunk_002/ADTFukRLSj2TU_kt5dtutA.jpg,winesensed,ADTFukRLSj2TU_kt5dtutA.jpg,winesensed:86292926,,86292926,44e406f330e4dbc318236de3,ok,/mnt/SSD/workspace/wine/data/winesensed_embedding/crops/44/44e406f330e4dbc318236de3.jpg,bb2394c70648144f2629c254459b954a69d7b073e5c48a0192f8e3be811cf267,924e0b72dd41c23a9e990da3ffaf9827a5e1dff1a62dd9e0ed133d6377bea30b,"[61, 2, 363, 640]",0.7841796875,302,638,winesensed:86292926,88,train
/mnt/SSD/workspace/wine/data/WineSensed/chunk_001/output_images/chunk_001/-UjvwvuDT3WLEqkvuVxk_g.jpg,winesensed,-UjvwvuDT3WLEqkvuVxk_g.jpg,winesensed:86292926,,86292926,5ea29a7f2b6647ce229fe03c,ok,/mnt/SSD/workspace/wine/data/winesensed_embedding/crops/5e/5ea29a7f2b6647ce229fe03c.jpg,b0bd04c282070200b15576d654950dc7208c88701dff60e4c91fd407e2172eb3,0e212f9062476d53c9bf375f8f672f7fd8c3efd6c1ed342b2362bb628f1b16d9,"[114, 0, 406, 635]",0.26220703125,292,635,winesensed:86292926,88,train
/mnt/SSD/workspace/wine/data/WineSensed/chunk_003/output_images/chunk_003/DQFvK0HGTK-TTL4QMFPXTw.jpg,winesensed,DQFvK0HGTK-TTL4QMFPXTw.jpg,winesensed:86292926,,86292926,615984e544472890c87d8f9d,ok,/mnt/SSD/workspace/wine/data/winesensed_embedding/crops/61/615984e544472890c87d8f9d.jpg,1c30bfbbaa1fa3393709d1e788832460269e396e924dedc380b31c08814f2d7a,7fd3129834d4504838ae598398a203e3ca245bf165ced211802f853d0c13beda,"[97, 3, 371, 640]",0.8134765625,274,637,winesensed:86292926,88,train
/mnt/SSD/workspace/wine/data/WineSensed/chunk_002/output_images/chunk_002/9_Prz03MR1GdC_LMBTnbYA.jpg,winesensed,9_Prz03MR1GdC_LMBTnbYA.jpg,winesensed:86292926,,86292926,825d2e37824f06c8050f2990,ok,/mnt/SSD/workspace/wine/data/winesensed_embedding/crops/82/825d2e37824f06c8050f2990.jpg,4164bea066adea87b841fe6997c601a92dad30577f78066453d495ba19f489a0,19fc1151f79b17d4bd8f02b6f430c624ffbb145441f4fc463900601548336a26,"[78, 0, 444, 640]",0.405517578125,366,640,winesensed:86292926,88,train
/mnt/SSD/workspace/wine/data/WineSensed/chunk_002/output_images/chunk_002/Abjqv4B-QgSWsEcdXtfc-A.jpg,winesensed,Abjqv4B-QgSWsEcdXtfc-A.jpg,winesensed:86292926,,86292926,8baf6bcdb021bb7c117aaf69,ok,/mnt/SSD/workspace/wine/data/winesensed_embedding/crops/8b/8baf6bcdb021bb7c117aaf69.jpg,a7a5976eef6902782e63c57b72ddc6d393c25cbe088188dd1192fb92510f23b1,c8369085a8e2aebb02658375d402e3763dbf315c0ca6e66048e65de857017ea9,"[98, 0, 376, 640]",0.6103515625,278,640,winesensed:86292926,88,train
/mnt/SSD/workspace/wine/data/WineSensed/chunk_002/output_images/chunk_002/8FczShxtTGS-iIiHHbhacw.jpg,winesensed,8FczShxtTGS-iIiHHbhacw.jpg,winesensed:86292926,,86292926,9725b07e206b0c8d83e88956,ok,/mnt/SSD/workspace/wine/data/winesensed_embedding/crops/97/9725b07e206b0c8d83e88956.jpg,0eebd9ae4b818a3716ea1e745d63b04f31ac4a1ff7722a5395132c04e0c844b1,408d584eee5ebd196e3f3f92676c5f4d674c3238e295d4e2d224562c6770074b,"[107, 0, 356, 640]",0.78466796875,249,640,winesensed:86292926,88,train
/mnt/SSD/workspace/wine/data/WineSensed/chunk_001/output_images/chunk_001/2EGLcS0CQjiKX2EwKBddfA.jpg,winesensed,2EGLcS0CQjiKX2EwKBddfA.jpg,winesensed:86292926,,86292926,c6614dc29c24e5e751314317,ok,/mnt/SSD/workspace/wine/data/winesensed_embedding/crops/c6/c6614dc29c24e5e751314317.jpg,f65bfdbc053f331df1c93a9e84fcb7dd857797403d10be07a69e0e720938d586,bef816938129ae2de0d53cae3ab63d46e36a6ae94f01b1b12fa7854eef721f1d,"[109, 0, 387, 640]",0.79736328125,278,640,winesensed:86292926,88,train
/mnt/SSD/workspace/wine/data/WineSensed/chunk_001/output_images/chunk_001/056WGn9nRnSeOl4xM3W_RQ.jpg,winesensed,056WGn9nRnSeOl4xM3W_RQ.jpg,winesensed:86292926,,86292926,d1058e951dba1c160d881253,ok,/mnt/SSD/workspace/wine/data/winesensed_embedding/crops/d1/d1058e951dba1c160d881253.jpg,033e80a985f746ec659d1b9d5ffbc77b52b52440d71d993aa6df9a4a5f148f22,9979d807c66cd1384495b4905fa1cafef15aa4743f06a882ae22e9b864fba437,"[106, 0, 350, 616]",0.85205078125,244,616,winesensed:86292926,88,train
/mnt/SSD/workspace/wine/data/WineSensed/chunk_002/output_images/chunk_002/Bdg7mBoQQZexb-rRVzBVmQ.jpg,winesensed,Bdg7mBoQQZexb-rRVzBVmQ.jpg,winesensed:86292926,,86292926,f7f5f96e5427b666ac70fd46,ok,/mnt/SSD/workspace/wine/data/winesensed_embedding/crops/f7/f7f5f96e5427b666ac70fd46.jpg,4ede899b03b2e6e89c4054f408cc0d892bcbafdd4cf895bbab6f708bc6100994,e66a25207ac9faec1f1abbcf592b237c190b14662d9b9b4ca5ad92d75994e9df,"[96, 0, 377, 620]",0.67822265625,281,620,winesensed:86292926,88,train
/mnt/SSD/workspace/wine/data/WineSensed/chunk_002/output_images/chunk_002/8ys1WgAQRWqTeKlVmTMkcA.jpg,winesensed,8ys1WgAQRWqTeKlVmTMkcA.jpg,winesensed:86958692,,86958692,16662a4cf5f2943b52bc2190,ok,/mnt/SSD/workspace/wine/data/winesensed_embedding/crops/16/16662a4cf5f2943b52bc2190.jpg,5c20153cb1777bc0a62de2e4a3930910d6a6ffd9e1b8d6f6e0f20001d93c6138,dc9d9cabac29748cd8ecd1e172a3064e1b1ebc770c38eeb6c507f2169537c5ad,"[24, 0, 477, 576]",0.5146484375,453,576,winesensed:86958692,89,train
/mnt/SSD/workspace/wine/data/WineSensed/chunk_001/output_images/chunk_001/3-lixZcUSiOZ2LPxwB0jFw.jpg,winesensed,3-lixZcUSiOZ2LPxwB0jFw.jpg,winesensed:86958692,,86958692,254ffdc3ab4506814378d051,ok,/mnt/SSD/workspace/wine/data/winesensed_embedding/crops/25/254ffdc3ab4506814378d051.jpg,c7c95c360c0ad67eef7830d6facf55d356e25432c8737dc49ab761206f782cf3,be37a41f34ff2619ceff27ddb656c7f50fdb3494c0e90b78f629c9c791ff147d,"[148, 14, 325, 640]",0.88330078125,177,626,winesensed:86958692,89,train
/mnt/SSD/workspace/wine/data/WineSensed/chunk_002/output_images/chunk_002/5_KOXvfHQz-jqfpB6BwEnA.jpg,winesensed,5_KOXvfHQz-jqfpB6BwEnA.jpg,winesensed:86958692,,86958692,2fe9f6a2af7e5bde777cf3f9,ok,/mnt/SSD/workspace/wine/data/winesensed_embedding/crops/2f/2fe9f6a2af7e5bde777cf3f9.jpg,c4459879f8aae2f777c0d1f31350ed62e3c8113638f71a2d2e24af231a118c26,d20da6026b39e0e535ddae2b30b5f551ed77fe6a85d52e4340986ecfb730aca8,"[79, 0, 408, 639]",0.70068359375,329,639,winesensed:86958692,89,train
/mnt/SSD/workspace/wine/data/WineSensed/chunk_002/output_images/chunk_002/9eQVSffFT-Wh8MKi2VX8Cg.jpg,winesensed,9eQVSffFT-Wh8MKi2VX8Cg.jpg,winesensed:86958692,,86958692,379cef3ea427b86e16242a8c,ok,/mnt/SSD/workspace/wine/data/winesensed_embedding/crops/37/379cef3ea427b86e16242a8c.jpg,4044f4a69b992a6db0947e64b2c879252b1e3f792700eaafd5f81d6fb77dfd2b,8cd699df0f873c1449582209f9895dda05f2a19e8040d945a86795af1219d7c5,"[10, 0, 461, 577]",0.4580078125,451,577,winesensed:86958692,89,train
/mnt/SSD/workspace/wine/data/WineSensed/chunk_001/output_images/chunk_001/-mxL--e4Rz6Yo8DCgGIg8g.jpg,winesensed,-mxL--e4Rz6Yo8DCgGIg8g.jpg,winesensed:86958692,,86958692,8a4f2136ce87c1425caf6304,ok,/mnt/SSD/workspace/wine/data/winesensed_embedding/crops/8a/8a4f2136ce87c1425caf6304.jpg,30a53cc7108fdbcfe1d9256201d93f64234a663af840fc00c03c1d8892b22716,2a5348935a1ffa35e93428ce65612b39243ffc1d59ed5f5e146e7e48e5e3bac5,"[44, 10, 459, 640]",0.450439453125,415,630,winesensed:86958692,89,train
/mnt/SSD/workspace/wine/data/WineSensed/chunk_001/output_images/chunk_001/1GoG6CYCRsGnWA2eK0HOJw.jpg,winesensed,1GoG6CYCRsGnWA2eK0HOJw.jpg,winesensed:86958692,,86958692,95c961de4e847c921263b86c,ok,/mnt/SSD/workspace/wine/data/winesensed_embedding/crops/95/95c961de4e847c921263b86c.jpg,b4981916b75b3d6ebbf3f127e2302204628714a610474fc4424074549fe75b3b,342c364ac529572500bd08305208683da0f69386d01046d9bfd7dc6a42820e4e,"[59, 0, 462, 634]",0.80029296875,403,634,winesensed:86958692,89,train
/mnt/SSD/workspace/wine/data/WineSensed/chunk_001/output_images/chunk_001/1cKVp5lJQe29UgEX27yJJw.jpg,winesensed,1cKVp5lJQe29UgEX27yJJw.jpg,winesensed:86958692,,86958692,9807bbb1d7c8284d3eeee71c,ok,/mnt/SSD/workspace/wine/data/winesensed_embedding/crops/98/9807bbb1d7c8284d3eeee71c.jpg,ee7e3ab3083ee487b0f6c4f7f5f80554268f5a08bf92a44117d297bed6d3b4c4,e42dd0f232894609d49204a72dad6e8ff8724d050816e46ca6f6cc1a765d81fb,"[115, 0, 388, 586]",0.5478515625,273,586,winesensed:86958692,89,train
/mnt/SSD/workspace/wine/data/WineSensed/chunk_001/output_images/chunk_001/15WuWKPISJK7j5qLyoNBAA.jpg,winesensed,15WuWKPISJK7j5qLyoNBAA.jpg,winesensed:86958692,,86958692,a0ac079f013a3edffcd77fb8,ok,/mnt/SSD/workspace/wine/data/winesensed_embedding/crops/a0/a0ac079f013a3edffcd77fb8.jpg,5cc01294027003ea559aad624b8b614ef80a378f67a5145f1317276f140a9b2b,2a9bb87f6b56820b8aa30032f61e5dfb82c17a9952b95389ebab80b938998231,"[0, 0, 438, 638]",0.73095703125,438,638,winesensed:86958692,89,train
/mnt/SSD/workspace/wine/data/WineSensed/chunk_002/output_images/chunk_002/A7bbSka8R4yv-vlGo84t-g.jpg,winesensed,A7bbSka8R4yv-vlGo84t-g.jpg,winesensed:86958692,,86958692,a84063f0b62b4ffd569b483f,ok,/mnt/SSD/workspace/wine/data/winesensed_embedding/crops/a8/a84063f0b62b4ffd569b483f.jpg,52cb304340f2bb478c3fbf47c1d879df9d10906dbd894b6ff6bed8534cd5267a,f8a4ff1a8b9a6c60c6ad3cbc9e5d2afc71f45e627a47a618f02f3bd16c8e5558,"[0, 0, 442, 621]",0.5888671875,442,621,winesensed:86958692,89,train
/mnt/SSD/workspace/wine/data/WineSensed/chunk_002/output_images/chunk_002/BKa9FTEzQTiIW1q31APksg.jpg,winesensed,BKa9FTEzQTiIW1q31APksg.jpg,winesensed:86958692,,86958692,b37bd3c38533ad29d916a2c3,ok,/mnt/SSD/workspace/wine/data/winesensed_embedding/crops/b3/b37bd3c38533ad29d916a2c3.jpg,50b5777162e8b35473d0f130674935434da5de5e6d80366cca2112f414e580d3,cf23111f7937a08ec58fa45a2dbc91bad3ba2deff01befd53208a221e6a4f11f,"[0, 0, 472, 625]",0.56787109375,472,625,winesensed:86958692,89,train
/mnt/SSD/workspace/wine/data/WineSensed/chunk_002/output_images/chunk_002/9-mRrfTbSra5Knw_E8rMIQ.jpg,winesensed,9-mRrfTbSra5Knw_E8rMIQ.jpg,winesensed:86958692,,86958692,f1fb8037ba01003e0669b533,ok,/mnt/SSD/workspace/wine/data/winesensed_embedding/crops/f1/f1fb8037ba01003e0669b533.jpg,9052cf8b4a0657a197bbd4b8a925d4372513d141bef75d152ef2c0ba3ce2cfcd,8dca26f66f220a4eaeb0f6e2008a602443f1d2ba305d88dc542c02bf4626e5e0,"[16, 0, 470, 638]",0.63330078125,454,638,winesensed:86958692,89,train
/mnt/SSD/workspace/wine/data/WineSensed/chunk_001/output_images/chunk_001/23fZfISZQKi1hfYe3d-ezA.jpg,winesensed,23fZfISZQKi1hfYe3d-ezA.jpg,winesensed:86958692,,86958692,f69d1f5e55a8138f5f6eef45,ok,/mnt/SSD/workspace/wine/data/winesensed_embedding/crops/f6/f69d1f5e55a8138f5f6eef45.jpg,80554483f43a7b98df910dae92d0b3bdab2b4c309de2d4f8107d46e5275e1ed9,dad8f16bfeb75342fe72504d4c13af495f4607bb5f32b925d536f8358669f612,"[109, 0, 348, 487]",0.482421875,239,487,winesensed:86958692,89,train
/mnt/SSD/workspace/wine/data/WineSensed/chunk_002/output_images/chunk_002/9ufocAynRhiqpyhAHpT0VQ.jpg,winesensed,9ufocAynRhiqpyhAHpT0VQ.jpg,winesensed:87457206,,87457206,00869f22fdf410df3481124c,ok,/mnt/SSD/workspace/wine/data/winesensed_embedding/crops/00/00869f22fdf410df3481124c.jpg,eeb78bb34be124bec1c0ed376bb0d45b9f4471e6d9f5a30be70e97c13aa51fe4,cb9d96a6fecb812ce8354289594b263510956bfeb6cbba347b89a9891e7044e8,"[50, 1, 439, 614]",0.763671875,389,613,winesensed:87457206,90,train
/mnt/SSD/workspace/wine/data/WineSensed/chunk_002/output_images/chunk_002/5XEJ0TxFTb6LiUFnI3YtMQ.jpg,winesensed,5XEJ0TxFTb6LiUFnI3YtMQ.jpg,winesensed:87457206,,87457206,072b5a8c0ab06f3a7bd09aae,ok,/mnt/SSD/workspace/wine/data/winesensed_embedding/crops/07/072b5a8c0ab06f3a7bd09aae.jpg,d22002a2e6a12b3bc0093a926766baf0d9bb456ee79c0dd6cbeba0464bf35ff7,3c4ae7ff9d57285b25b226165b916ce49729a49f9a54ce376e3c84c1818a5106,"[62, 0, 417, 638]",0.8056640625,355,638,winesensed:87457206,90,train
/mnt/SSD/workspace/wine/data/WineSensed/chunk_001/output_images/chunk_001/1cS_kRrLSPWOL2hPenyjbg.jpg,winesensed,1cS_kRrLSPWOL2hPenyjbg.jpg,winesensed:87457206,,87457206,17e7b0d0656928e8e5eb65f4,ok,/mnt/SSD/workspace/wine/data/winesensed_embedding/crops/17/17e7b0d0656928e8e5eb65f4.jpg,a3acf5d0fa15e2e6f59190b6025f2c640710052f0310534ae35a1947eadd1354,bbc3184b2dc5a3f42583d5fb69f055a0bbf4eb2dd5ca8a819cde2abca2e4d03f,"[32, 10, 456, 606]",0.3115234375,424,596,winesensed:87457206,90,train
/mnt/SSD/workspace/wine/data/WineSensed/chunk_002/output_images/chunk_002/A7lc5pghTfCaCFGt5osY1Q.jpg,winesensed,A7lc5pghTfCaCFGt5osY1Q.jpg,winesensed:87457206,,87457206,1f4ee8d513fe12385cd36e8e,ok,/mnt/SSD/workspace/wine/data/winesensed_embedding/crops/1f/1f4ee8d513fe12385cd36e8e.jpg,c697339e4287bbc82d992894dacb12b1161921d0dcbe90ed6e54cd2a406acb13,c4e77bee799050de4dfe3ca3acb050e75aefc08439d340c1a7a8ff4deaeedcce,"[67, 0, 447, 638]",0.27978515625,380,638,winesensed:87457206,90,train
/mnt/SSD/workspace/wine/data/WineSensed/chunk_001/output_images/chunk_001/4Kwjh-wUS5m4M4mKbFBSsw.jpg,winesensed,4Kwjh-wUS5m4M4mKbFBSsw.jpg,winesensed:87457206,,87457206,30cd78ca2c82eaa38ee50680,ok,/mnt/SSD/workspace/wine/data/winesensed_embedding/crops/30/30cd78ca2c82eaa38ee50680.jpg,7f19f279f714becd34b2236ae69cf430bb0bba3a3c5171261ca5faa4dd19efeb,f4813dd03a89d4e4ee862dddc90cc7027af6b15bfbceebc6bb802a5a81e93f21,"[59, 6, 441, 601]",0.34912109375,382,595,winesensed:87457206,90,train
/mnt/SSD/workspace/wine/data/WineSensed/chunk_002/output_images/chunk_002/6dSryW1uSiSRjBEiKSZYWA.jpg,winesensed,6dSryW1uSiSRjBEiKSZYWA.jpg,winesensed:87457206,,87457206,49d591acefb284696ac40674,ok,/mnt/SSD/workspace/wine/data/winesensed_embedding/crops/49/49d591acefb284696ac40674.jpg,35655cd39ea5d1e98b21bbe577e65b69af5c09e3ebfa649c3ea7b89366bc3971,88a0d846a4ae0b5cbb054eaf9514b6ef2fe004874205039b7cc02d3614c5fe4d,"[68, 0, 352, 640]",0.4873046875,284,640,winesensed:87457206,90,train
/mnt/SSD/workspace/wine/data/WineSensed/chunk_002/output_images/chunk_002/8bBMx4-vQlKifHbSLty-rQ.jpg,winesensed,8bBMx4-vQlKifHbSLty-rQ.jpg,winesensed:87457206,,87457206,4a24a3ada57f7dc5130bb4fe,ok,/mnt/SSD/workspace/wine/data/winesensed_embedding/crops/4a/4a24a3ada57f7dc5130bb4fe.jpg,2ee51b4381c9e639a5e3d4f452209c0e2429b9f72d1bbb405e99f690124e1c62,a7ce1877be4e381cf45aeec0242280502d14fb2dee117bce3131bc808e59e14c,"[20, 0, 468, 612]",0.251953125,448,612,winesensed:87457206,90,train
/mnt/SSD/workspace/wine/data/WineSensed/chunk_002/output_images/chunk_002/AFkArA_FRnuEPw6q8kIYKQ.jpg,winesensed,AFkArA_FRnuEPw6q8kIYKQ.jpg,winesensed:87457206,,87457206,4b2d3cc053e48777ac5f486d,ok,/mnt/SSD/workspace/wine/data/winesensed_embedding/crops/4b/4b2d3cc053e48777ac5f486d.jpg,3c6f1c951aeffc3b6f05ab4d20b28c920f564031be1ec95f367c8af16b5de881,25e5a9f9817a38f7216ea841d77e7cab657a3ba324401375fdf0b81275196834,"[100, 0, 415, 639]",0.6416015625,315,639,winesensed:87457206,90,train
/mnt/SSD/workspace/wine/data/WineSensed/chunk_001/output_images/chunk_001/0pPTEVE3TwS_J1s5UwnT2g.jpg,winesensed,0pPTEVE3TwS_J1s5UwnT2g.jpg,winesensed:87457206,,87457206,9235974af28f2e8950619201,ok,/mnt/SSD/workspace/wine/data/winesensed_embedding/crops/92/9235974af28f2e8950619201.jpg,d0089e5f6b7817b4816769693df6a4ee17c1a66f8436e9c9ff50451e8cc0c29a,4033ce65df4de444f2dd4eb886f02010c549f678869ae35e98277ea88288cd1f,"[87, 0, 428, 618]",0.68505859375,341,618,winesensed:87457206,90,train
/mnt/SSD/workspace/wine/data/WineSensed/chunk_001/output_images/chunk_001/-WJ2PYHySY29ZNpddXVqog.jpg,winesensed,-WJ2PYHySY29ZNpddXVqog.jpg,winesensed:87457206,,87457206,e9bcc57720e7f8c210bd996c,ok,/mnt/SSD/workspace/wine/data/winesensed_embedding/crops/e9/e9bcc57720e7f8c210bd996c.jpg,121a4a2714ff88500c81bc5da047ed933b5eccf715dd1cf994eaccb73223cd07,5a860c8c138b95c4aee538e80a184c87de2cd3f6a173d599aa6ce821f67f403b,"[70, 0, 367, 640]",0.62353515625,297,640,winesensed:87457206,90,train
/mnt/SSD/workspace/wine/data/WineSensed/chunk_002/output_images/chunk_002/APrJmpZYSumQIgkflKUUYw.jpg,winesensed,APrJmpZYSumQIgkflKUUYw.jpg,winesensed:87457206,,87457206,ef3fcb49174331264309f527,ok,/mnt/SSD/workspace/wine/data/winesensed_embedding/crops/ef/ef3fcb49174331264309f527.jpg,8bb67299937ac075f016c0ce1a4eaea9e3231aaaa7b6d6b3a1231bd052527a3f,f90f3d7cd1ad00b932a4bdd8c9a672deec49de6544587f70162290dc0cbe7649,"[76, 0, 462, 578]",0.5263671875,386,578,winesensed:87457206,90,train
/mnt/SSD/workspace/wine/data/WineSensed/chunk_001/output_images/chunk_001/33h80QGoTIaajMjnzInhOA.jpg,winesensed,33h80QGoTIaajMjnzInhOA.jpg,winesensed:87457206,,87457206,f7571fd7d22b1247744dc410,ok,/mnt/SSD/workspace/wine/data/winesensed_embedding/crops/f7/f7571fd7d22b1247744dc410.jpg,f17673d263d120ed35b1decd8db557517d5c12650f35f4e11da6bdfaf99d4e33,37bc74d243498424b6c8e8a100a85ddacf477a2ff62a719b1073ab5772effda3,"[41, 1, 394, 637]",0.5859375,353,636,winesensed:87457206,90,train
/mnt/SSD/workspace/wine/data/WineSensed/chunk_001/output_images/chunk_001/009M6cAkQeSMza2XHNi_eQ.jpg,winesensed,009M6cAkQeSMza2XHNi_eQ.jpg,winesensed:87594377,,87594377,06d7000a8cd1862f2376e80f,ok,/mnt/SSD/workspace/wine/data/winesensed_embedding/crops/06/06d7000a8cd1862f2376e80f.jpg,0c1a0d7367f865b261a09c11bd55df0eebb2c9f2ce3494b8868432f8c2a48a17,40b87ebb622654570205bd9cc56c8e97383ec31316e4c5d7eea6593eac4823a9,"[3, 0, 400, 629]",0.345947265625,397,629,winesensed:87594377,91,train
/mnt/SSD/workspace/wine/data/WineSensed/chunk_001/output_images/chunk_001/-KmmE3FoRvu1TtLxtjfPbg.jpg,winesensed,-KmmE3FoRvu1TtLxtjfPbg.jpg,winesensed:87594377,,87594377,0bc21f31b9f183f4d62fc229,ok,/mnt/SSD/workspace/wine/data/winesensed_embedding/crops/0b/0bc21f31b9f183f4d62fc229.jpg,61f8c6526291235301eb4089ec699b35230fcfb3dcfb80c7398ec8f5464c00fd,2a23a7e10c40b932c7a0060795bd8ed5e0d4f9f69cdb59fcbd221742ddb18cd1,"[62, 0, 413, 634]",0.69580078125,351,634,winesensed:87594377,91,train
/mnt/SSD/workspace/wine/data/WineSensed/chunk_001/output_images/chunk_001/0jBf5PxyRL6nHTeNvGOTQA.jpg,winesensed,0jBf5PxyRL6nHTeNvGOTQA.jpg,winesensed:87594377,,87594377,0e241346a503da9ffd564b8a,ok,/mnt/SSD/workspace/wine/data/winesensed_embedding/crops/0e/0e241346a503da9ffd564b8a.jpg,2106ad00b3094c374f24d87675104a36a918f7d44aad476a9bcc930c0de19e16,c461a0b592ace473f9ceb2f693fca543c384a11498e6c9125072c6b4f758e06c,"[112, 0, 410, 624]",0.32763671875,298,624,winesensed:87594377,91,train
/mnt/SSD/workspace/wine/data/WineSensed/chunk_001/output_images/chunk_001/0pIB_RB8QD6tMhSTHSFvOQ.jpg,winesensed,0pIB_RB8QD6tMhSTHSFvOQ.jpg,winesensed:87594377,,87594377,3f44d3c2716d032f3ade902b,ok,/mnt/SSD/workspace/wine/data/winesensed_embedding/crops/3f/3f44d3c2716d032f3ade902b.jpg,6a61a81b4e3b208e1beb2f6e4fe3521a33ce8ec885c38a86593a6a94a0f8d9f4,d11db2e74624836dca89c50aac92eec6b41bdc28d9df8580cc3d5834c1be3fe1,"[44, 0, 414, 636]",0.69287109375,370,636,winesensed:87594377,91,train
/mnt/SSD/workspace/wine/data/WineSensed/chunk_001/output_images/chunk_001/1C0aSQ8MQ7C1cCNCeWY6xg.jpg,winesensed,1C0aSQ8MQ7C1cCNCeWY6xg.jpg,winesensed:87594377,,87594377,4632c092181d7991241dc7af,ok,/mnt/SSD/workspace/wine/data/winesensed_embedding/crops/46/4632c092181d7991241dc7af.jpg,3e53f683c3b5751dabb9ac3aabe9c1365aba5c1bc77b4240ea391db70bbabcbc,6ae0af78b9cc5cfab6478ab504075c1f98d532c92750d26e470f1e84343169cd,"[40, 0, 404, 633]",0.3388671875,364,633,winesensed:87594377,91,train
/mnt/SSD/workspace/wine/data/WineSensed/chunk_001/output_images/chunk_001/1PSDm4BBS6O1MKFfXz2FTg.jpg,winesensed,1PSDm4BBS6O1MKFfXz2FTg.jpg,winesensed:87594377,,87594377,4c2c1b44a624718318395eec,ok,/mnt/SSD/workspace/wine/data/winesensed_embedding/crops/4c/4c2c1b44a624718318395eec.jpg,2f82e15403f743df1009eeb9c9486655c6132919675906ca201aaa34055f1a58,f98d00142110e3e4885e6a4c2a1b18732e4422c1bb447fe3d7fecec79f90beaa,"[86, 0, 398, 635]",0.68603515625,312,635,winesensed:87594377,91,train
/mnt/SSD/workspace/wine/data/WineSensed/chunk_001/output_images/chunk_001/-ho57aiTR3yRmoP97M6RVw.jpg,winesensed,-ho57aiTR3yRmoP97M6RVw.jpg,winesensed:87594377,,87594377,7d7e448b49658ad4bf48f1ee,ok,/mnt/SSD/workspace/wine/data/winesensed_embedding/crops/7d/7d7e448b49658ad4bf48f1ee.jpg,be6b0c1ec25539e03996771d6447133b94b553e4ce7e98d80981f8d95fdfe087,6da18a5023369de707c9ab1b38e1a62d8abb18af691197928ee1751ddb28fe42,"[12, 0, 430, 626]",0.607421875,418,626,winesensed:87594377,91,train
/mnt/SSD/workspace/wine/data/WineSensed/chunk_001/output_images/chunk_001/0XT4OWR9TMya1Z-oKp_d8Q.jpg,winesensed,0XT4OWR9TMya1Z-oKp_d8Q.jpg,winesensed:87594377,,87594377,8cc2d313ec68dd91e654a051,ok,/mnt/SSD/workspace/wine/data/winesensed_embedding/crops/8c/8cc2d313ec68dd91e654a051.jpg,72c5c7c70b43660af25154d76b2d7a3deaa1fa7a4c8238baa41f1e70d8c22188,6a8a9c9d0c085ee19fcf3c3f3599c95ebc943ed2122b90c3aaf76edf8eb4289e,"[135, 0, 339, 633]",0.88916015625,204,633,winesensed:87594377,91,train
/mnt/SSD/workspace/wine/data/WineSensed/chunk_001/output_images/chunk_001/-E3afMwBSs2gEBUgOJlqbQ.jpg,winesensed,-E3afMwBSs2gEBUgOJlqbQ.jpg,winesensed:87594377,,87594377,92421a787940c0100f86ec5f,ok,/mnt/SSD/workspace/wine/data/winesensed_embedding/crops/92/92421a787940c0100f86ec5f.jpg,8f73a4862a53ff5e794a83b1548184ffdc38b7628cdc94ef4777109b58881e76,b7768ec2bd382ca4a696dcb5389a5b622c6607f255a7532f9b3f515ddee23584,"[76, 0, 361, 636]",0.78466796875,285,636,winesensed:87594377,91,train
/mnt/SSD/workspace/wine/data/WineSensed/chunk_001/output_images/chunk_001/-KMB6xb4Q6-sbvnc_ZsiFA.jpg,winesensed,-KMB6xb4Q6-sbvnc_ZsiFA.jpg,winesensed:87594377,,87594377,9dcc3597bc4bba15d8edfcb8,ok,/mnt/SSD/workspace/wine/data/winesensed_embedding/crops/9d/9dcc3597bc4bba15d8edfcb8.jpg,e158a6801ad7ad6e7122e7fc51a87af9cc3964e62a63de41bd861ff408986432,68bbfa0745338c9354d532a09888a4ebebbfe087f6951bb2b67bda12ba7910ad,"[98, 2, 357, 640]",0.32763671875,259,638,winesensed:87594377,91,train
/mnt/SSD/workspace/wine/data/WineSensed/chunk_001/output_images/chunk_001/-5qe2QuTRmq3EwjSPmmHaQ.jpg,winesensed,-5qe2QuTRmq3EwjSPmmHaQ.jpg,winesensed:87594377,,87594377,9fd32bc249801dfb6a48b088,ok,/mnt/SSD/workspace/wine/data/winesensed_embedding/crops/9f/9fd32bc249801dfb6a48b088.jpg,f87a528dff030f98f705418acaa6c7e2f2cb4c20edebf36b3f56eea89baba5a5,4069ca68baf841e5af870bbc73db7199e65d5e699ed0cd484a9d5782c9a21e35,"[88, 0, 426, 633]",0.505859375,338,633,winesensed:87594377,91,train
/mnt/SSD/workspace/wine/data/WineSensed/chunk_001/output_images/chunk_001/-Hd0rv37T8GZ5t4xKNZsvg.jpg,winesensed,-Hd0rv37T8GZ5t4xKNZsvg.jpg,winesensed:87594377,,87594377,b91b6c490e0525d5d9ad541b,ok,/mnt/SSD/workspace/wine/data/winesensed_embedding/crops/b9/b91b6c490e0525d5d9ad541b.jpg,179ae22fe163d774aac755033c242a02a29cc814ad13a65b7a4d8c508110a379,0b7a9b04780442a34f4861bfa99a14ed0924d5307e185808592fc48d94339c3b,"[32, 0, 432, 640]",0.537109375,400,640,winesensed:87594377,91,train
/mnt/SSD/workspace/wine/data/WineSensed/chunk_001/output_images/chunk_001/1L5z-R2CRHWoxMOe73gXrw.jpg,winesensed,1L5z-R2CRHWoxMOe73gXrw.jpg,winesensed:87594828,,87594828,011c212d5057fbd635416c20,ok,/mnt/SSD/workspace/wine/data/winesensed_embedding/crops/01/011c212d5057fbd635416c20.jpg,bc5375a5e4bd69cef163a7f4beba2d4ff5c1b2a1f14d64da813185e0eec6324a,e21799f18dd91e66102eca4afda6ddacfd93ad6115563f3c9a0a1acd336fa760,"[116, 0, 355, 640]",0.88525390625,239,640,winesensed:87594828,92,test
/mnt/SSD/workspace/wine/data/WineSensed/chunk_001/output_images/chunk_001/3KlpDX0mS0i1aM4H5WCDMA.jpg,winesensed,3KlpDX0mS0i1aM4H5WCDMA.jpg,winesensed:87594828,,87594828,1dde09d652cb3cbf719088b5,ok,/mnt/SSD/workspace/wine/data/winesensed_embedding/crops/1d/1dde09d652cb3cbf719088b5.jpg,698f60820c094e899a9b2db30e0f78526df89599e23366a8ccdbf4bd662ef8b6,822737527440bc50abc26dd9db2f1a0ff5f5c734cf664f24c105bb20d3d6cd2f,"[75, 0, 398, 637]",0.6982421875,323,637,winesensed:87594828,92,test
/mnt/SSD/workspace/wine/data/WineSensed/chunk_001/output_images/chunk_001/42PiLZe7QfKRkjy79L--Fg.jpg,winesensed,42PiLZe7QfKRkjy79L--Fg.jpg,winesensed:87594828,,87594828,1df84ec76d63617b816a66a6,ok,/mnt/SSD/workspace/wine/data/winesensed_embedding/crops/1d/1df84ec76d63617b816a66a6.jpg,645dbf37e1f5fe5723c09dbde7bae9b5bfbee01e73954ec42db46ad979faa1e6,aaf484d9bb49456e071b042c3f4a1133d8b05ac704598d55cac31ed090deedbc,"[52, 0, 333, 640]",0.8134765625,281,640,winesensed:87594828,92,test
/mnt/SSD/workspace/wine/data/WineSensed/chunk_001/output_images/chunk_001/-WGyEeomR7uEJxkRqPJtAQ.jpg,winesensed,-WGyEeomR7uEJxkRqPJtAQ.jpg,winesensed:87594828,,87594828,2263bdc97f9fc68202d56e61,ok,/mnt/SSD/workspace/wine/data/winesensed_embedding/crops/22/2263bdc97f9fc68202d56e61.jpg,812d54be5fba616823caa34b1ef45ccc2628309fcf05bd1d421a8bfa51e91922,e042088ff810f14aeef689cca9eb5267e65ef92cd8e018729fe9e49315db3c7a,"[54, 0, 440, 635]",0.470703125,386,635,winesensed:87594828,92,test
/mnt/SSD/workspace/wine/data/WineSensed/chunk_001/output_images/chunk_001/2ALntk8ISxGysIYvtHSUIA.jpg,winesensed,2ALntk8ISxGysIYvtHSUIA.jpg,winesensed:87594828,,87594828,24fe5c010704a7470c5b0467,ok,/mnt/SSD/workspace/wine/data/winesensed_embedding/crops/24/24fe5c010704a7470c5b0467.jpg,9a628f9eafe7d69582e18ed954196a2eb7e5d6045db80e81958dd4893365263d,9e9d07eb4f8ba2ae9cc086a20d9a15ffc0e3371cd0fb34e14e569804adc4b53a,"[77, 0, 410, 638]",0.4755859375,333,638,winesensed:87594828,92,test
/mnt/SSD/workspace/wine/data/WineSensed/chunk_001/output_images/chunk_001/3ILzkIIKQTK40n6Aq3g8Pw.jpg,winesensed,3ILzkIIKQTK40n6Aq3g8Pw.jpg,winesensed:87594828,,87594828,4681a7864f8fffb1c5470dcc,ok,/mnt/SSD/workspace/wine/data/winesensed_embedding/crops/46/4681a7864f8fffb1c5470dcc.jpg,62236452d821c4a154ce81d20c94a4919caef4585fad334bc4ecfabc992085be,917317af4370f4829b4b19e1dc2277e0e292c1cadffb33bc766e2d2c1f7be836,"[91, 0, 377, 640]",0.375244140625,286,640,winesensed:87594828,92,test
/mnt/SSD/workspace/wine/data/WineSensed/chunk_001/output_images/chunk_001/-NEISm3cQAib6Sp2vbfQog.jpg,winesensed,-NEISm3cQAib6Sp2vbfQog.jpg,winesensed:87594828,,87594828,4c8e4794224c91bda0c87e78,ok,/mnt/SSD/workspace/wine/data/winesensed_embedding/crops/4c/4c8e4794224c91bda0c87e78.jpg,2d4ca2f71063830d7c35d97a7c672c52e00a571f2290cb9960b384cde9e83702,88bc52306342d7352cd5754194f17520c7c353870ea96a0cdf9cb40f5490bab5,"[93, 0, 358, 640]",0.537109375,265,640,winesensed:87594828,92,test
/mnt/SSD/workspace/wine/data/WineSensed/chunk_001/output_images/chunk_001/3HHUbaYwRFCFXMJ6sstUBQ.jpg,winesensed,3HHUbaYwRFCFXMJ6sstUBQ.jpg,winesensed:87594828,,87594828,83178d293d245c6f58a0de18,ok,/mnt/SSD/workspace/wine/data/winesensed_embedding/crops/83/83178d293d245c6f58a0de18.jpg,f74cc39aede149eb7fb790dc0d11c8c742347758d784e6320a475607ddc23c2d,8bd21605175f6f3597bc18e2945caf016da5e208b86c32c6ae98f78786a95403,"[116, 1, 353, 640]",0.65771484375,237,639,winesensed:87594828,92,test
/mnt/SSD/workspace/wine/data/WineSensed/chunk_001/output_images/chunk_001/1QAfTJA5SVCga7WfoP1HFQ.jpg,winesensed,1QAfTJA5SVCga7WfoP1HFQ.jpg,winesensed:87594828,,87594828,a982f8f3229ba375e61e33a7,ok,/mnt/SSD/workspace/wine/data/winesensed_embedding/crops/a9/a982f8f3229ba375e61e33a7.jpg,3cf2561bd850ddaeb0ffa6070b917e0b0837c84914b1734c7a94d8ddb92afeb8,bcd4239368cd5b462b85a0d231468bea35420703f3fd3c9de5d3d1dfda2cb598,"[62, 0, 351, 640]",0.83740234375,289,640,winesensed:87594828,92,test
/mnt/SSD/workspace/wine/data/WineSensed/chunk_001/output_images/chunk_001/2jsEGDxqRJWfCbcgCgMyjw.jpg,winesensed,2jsEGDxqRJWfCbcgCgMyjw.jpg,winesensed:87594828,,87594828,ae393776188e0feeed1dfc13,ok,/mnt/SSD/workspace/wine/data/winesensed_embedding/crops/ae/ae393776188e0feeed1dfc13.jpg,aa5b63b1659f48e69209a64a35894db0fe6153d9711ba76bdfe4728ed558a1e8,324ecb43069679474702be9471e456608f123161e32281884b5105bf4b6dfd6d,"[54, 1, 326, 639]",0.72265625,272,638,winesensed:87594828,92,test
/mnt/SSD/workspace/wine/data/WineSensed/chunk_001/output_images/chunk_001/3VWtaCtiTMuPctIfs2_XPg.jpg,winesensed,3VWtaCtiTMuPctIfs2_XPg.jpg,winesensed:87594828,,87594828,c502f3514c8581ea85e936d9,ok,/mnt/SSD/workspace/wine/data/winesensed_embedding/crops/c5/c502f3514c8581ea85e936d9.jpg,5df699457d609f778cf0bb44732731d0dc934cb1fd6422087b1838b605605fc9,8b5b58fd4f5f1ff33a943056c7a7735bc931528f71bb4c20e5f57aa0e16781e8,"[63, 2, 372, 640]",0.515625,309,638,winesensed:87594828,92,test
/mnt/SSD/workspace/wine/data/WineSensed/chunk_001/output_images/chunk_001/03U5SbWZR3W3kzNtRPG9Ig.jpg,winesensed,03U5SbWZR3W3kzNtRPG9Ig.jpg,winesensed:87594828,,87594828,de182ed6c20696d33742d3f5,ok,/mnt/SSD/workspace/wine/data/winesensed_embedding/crops/de/de182ed6c20696d33742d3f5.jpg,ef101b109379f88c3a74986add528a1e21c52c096245dc42906ae9e077e46732,f8f093a4b8a7cd213c46b580ef0f08d5b60acf87b54d30228e9395897b721133,"[94, 0, 424, 639]",0.269775390625,330,639,winesensed:87594828,92,test
/mnt/SSD/workspace/wine/data/WineSensed/chunk_002/output_images/chunk_002/8AgPHxA5TvOfO44GiJ1kwA.jpg,winesensed,8AgPHxA5TvOfO44GiJ1kwA.jpg,winesensed:87897385,,87897385,0d1a678a688ca4cd49d91053,ok,/mnt/SSD/workspace/wine/data/winesensed_embedding/crops/0d/0d1a678a688ca4cd49d91053.jpg,92fffe30f8f81e554da5998d26dea63783b12ee89996f400a6c0411dac378c3b,acb8dbddcd72f623d9052a8cfec5129713eb06508286e09ed39d9ea9397c15bf,"[2, 0, 443, 631]",0.5283203125,441,631,winesensed:87897385,93,train
/mnt/SSD/workspace/wine/data/WineSensed/chunk_002/output_images/chunk_002/6yKUx7IvQjO1ixIsuuvTsQ.jpg,winesensed,6yKUx7IvQjO1ixIsuuvTsQ.jpg,winesensed:87897385,,87897385,0fbb8d1c8f9d4e60244af69e,ok,/mnt/SSD/workspace/wine/data/winesensed_embedding/crops/0f/0fbb8d1c8f9d4e60244af69e.jpg,9297720cb4ce5cf26941dc77eb1a017b108186f3d2ebf8a1f528b8bbed083e9c,d64871c1d14fb92156a72c896ccc9e844e7f67f73744af4a11078396948f4411,"[105, 0, 401, 640]",0.86865234375,296,640,winesensed:87897385,93,train
/mnt/SSD/workspace/wine/data/WineSensed/chunk_001/output_images/chunk_001/35UGiu--SvKJEV9d8Ej3vw.jpg,winesensed,35UGiu--SvKJEV9d8Ej3vw.jpg,winesensed:87897385,,87897385,10c107356525b2e979ec92ab,ok,/mnt/SSD/workspace/wine/data/winesensed_embedding/crops/10/10c107356525b2e979ec92ab.jpg,8b974d84120c75824fe756688743de90865ed64a14b5b02a677b382cc5426e5c,46c14d77d788598891a9b688b035282fba3003fb5e851bd139ff8813b2980ac9,"[25, 2, 441, 629]",0.333740234375,416,627,winesensed:87897385,93,train
/mnt/SSD/workspace/wine/data/WineSensed/chunk_001/output_images/chunk_001/2DTXiOV6Q2mJxnuHMB9yNw.jpg,winesensed,2DTXiOV6Q2mJxnuHMB9yNw.jpg,winesensed:87897385,,87897385,1fdc1ad2dfae7d824076faf8,ok,/mnt/SSD/workspace/wine/data/winesensed_embedding/crops/1f/1fdc1ad2dfae7d824076faf8.jpg,e9ed4f813bc1652427ab43cb950e1fbf25717f061c50ff3c90513867764e6b99,bb1b1d2de397dac4332e831b6015efb4c1c02854e2a85832cabcc0177ecdc00e,"[52, 0, 421, 635]",0.669921875,369,635,winesensed:87897385,93,train
/mnt/SSD/workspace/wine/data/WineSensed/chunk_002/output_images/chunk_002/8hcz3AO3QfuIlHglT-9D3g.jpg,winesensed,8hcz3AO3QfuIlHglT-9D3g.jpg,winesensed:87897385,,87897385,41dd1c9e642290f02558a0d1,ok,/mnt/SSD/workspace/wine/data/winesensed_embedding/crops/41/41dd1c9e642290f02558a0d1.jpg,1ff53926d8d0a9c518f6eed7b473ab8ec9bc62b2735a432b5eefcb363eb59cbd,9656fd10489a7795dc8d7fce16515868dbe5254d0b5982914233c2c52619124f,"[48, 5, 398, 633]",0.367431640625,350,628,winesensed:87897385,93,train
/mnt/SSD/workspace/wine/data/WineSensed/chunk_001/output_images/chunk_001/0y8BEU6gTkqXk2ax6rkPzg.jpg,winesensed,0y8BEU6gTkqXk2ax6rkPzg.jpg,winesensed:87897385,,87897385,61b3bb4de36f717a2ff1c90d,ok,/mnt/SSD/workspace/wine/data/winesensed_embedding/crops/61/61b3bb4de36f717a2ff1c90d.jpg,0e7d0ae13011522396f02db1f47cedc6c33ab62a1e9332fd76ed3107276d6f6f,1ecc60a001d95b1ea3759cdd3f05a7ae135d2cfd2526e3e96fc49fc41b483e04,"[52, 0, 411, 636]",0.57861328125,359,636,winesensed:87897385,93,train
/mnt/SSD/workspace/wine/data/WineSensed/chunk_001/output_images/chunk_001/2FurbD-VQE6k_xRa9NNGiA.jpg,winesensed,2FurbD-VQE6k_xRa9NNGiA.jpg,winesensed:87897385,,87897385,86121971e7487dc3391087d0,ok,/mnt/SSD/workspace/wine/data/winesensed_embedding/crops/86/86121971e7487dc3391087d0.jpg,d74cf48307f2e024b0762bbe122dd6f3e2df5392ff2d08ccc7d3d2c5b654ea84,ffce6b34e7f3caf2eae723f7262f7a497f06a2a796be0fda63974b8c9ab0f562,"[103, 4, 411, 640]",0.368408203125,308,636,winesensed:87897385,93,train
/mnt/SSD/workspace/wine/data/WineSensed/chunk_002/output_images/chunk_002/7cbWXMJYSqm3z9opBVR_3g.jpg,winesensed,7cbWXMJYSqm3z9opBVR_3g.jpg,winesensed:87897385,,87897385,b11905a5344ea3c8d4b7c37b,ok,/mnt/SSD/workspace/wine/data/winesensed_embedding/crops/b1/b11905a5344ea3c8d4b7c37b.jpg,acf453b8d2f6626023697a857919a75ac990c9128fa0ef9091d9b5a9f31f1b62,322cfd7a5b45e20c76165aae0072ab6fa62adb8120fc7f1710baef8ec3220920,"[116, 3, 392, 640]",0.84033203125,276,637,winesensed:87897385,93,train
/mnt/SSD/workspace/wine/data/WineSensed/chunk_001/output_images/chunk_001/-zARS5KzRE2a_p4UxjUo1Q.jpg,winesensed,-zARS5KzRE2a_p4UxjUo1Q.jpg,winesensed:87897385,,87897385,c1970efa943270776294a89d,ok,/mnt/SSD/workspace/wine/data/winesensed_embedding/crops/c1/c1970efa943270776294a89d.jpg,d878cd19e628068682f1eb2735f94fd118b2e2d64cd2b8f923c0c561dcd3c572,c3fe2025a0c7dcd3924d17a2181a0d6be4932019714d4e511f11405956b629ae,"[93, 5, 396, 640]",0.251953125,303,635,winesensed:87897385,93,train
/mnt/SSD/workspace/wine/data/WineSensed/chunk_001/output_images/chunk_001/-JDADmddSWqGdLMp_Zv1lQ.jpg,winesensed,-JDADmddSWqGdLMp_Zv1lQ.jpg,winesensed:87897385,,87897385,ca93b6f3ee73fd334b2454e4,ok,/mnt/SSD/workspace/wine/data/winesensed_embedding/crops/ca/ca93b6f3ee73fd334b2454e4.jpg,15e8f88cafd56113b07d48928a146a2a4d58d83136cd1c9faf8c173a45602ccd,9874513ec3653ccda1c90521d99ecbce4113ddcf1ef9c6cf772e1cb8b51d37bd,"[94, 0, 395, 578]",0.352294921875,301,578,winesensed:87897385,93,train
/mnt/SSD/workspace/wine/data/WineSensed/chunk_002/output_images/chunk_002/6VrIfLzfQ-mnIJIKO7a2ow.jpg,winesensed,6VrIfLzfQ-mnIJIKO7a2ow.jpg,winesensed:87897385,,87897385,df4d866f890ba517f723e15f,ok,/mnt/SSD/workspace/wine/data/winesensed_embedding/crops/df/df4d866f890ba517f723e15f.jpg,c774adde458d101c5fb2ca48a2cce48d006fcfa2a82562babf31f33e8e56ea75,0327ede46ad1206108d0632d0456e00f1c4422d4909ebd24ac3582722d433752,"[88, 1, 369, 632]",0.75146484375,281,631,winesensed:87897385,93,train
/mnt/SSD/workspace/wine/data/WineSensed/chunk_001/output_images/chunk_001/3WhmUOU5SdKxnj2MFG90ew.jpg,winesensed,3WhmUOU5SdKxnj2MFG90ew.jpg,winesensed:87897385,,87897385,f57803333763a4a213e6ff88,ok,/mnt/SSD/workspace/wine/data/winesensed_embedding/crops/f5/f57803333763a4a213e6ff88.jpg,e0c60469cd1df13b083128fd5f73c4c21fe9c35f816584ee0f5056c39461e9f0,2c98ef4cb450e870e4ac86e3ddec9a727f01c813a679e70c975ffb890b21d704,"[94, 0, 405, 640]",0.401611328125,311,640,winesensed:87897385,93,train
/mnt/SSD/workspace/wine/data/WineSensed/chunk_002/output_images/chunk_002/6q88WKsRRTeu558PyFVnAg.jpg,winesensed,6q88WKsRRTeu558PyFVnAg.jpg,winesensed:88235375,,88235375,3ba7ad873b19b03890e75d7c,ok,/mnt/SSD/workspace/wine/data/winesensed_embedding/crops/3b/3ba7ad873b19b03890e75d7c.jpg,cd1e311362173bf022d2288d43bc405884d62afad77dc505e24666cfb6af1092,510c8aba0accad2d8bef78ec870c8a5bf6c769fd9391158936fbc7ba0b27ba9e,"[41, 0, 424, 634]",0.4091796875,383,634,winesensed:88235375,94,train
/mnt/SSD/workspace/wine/data/WineSensed/chunk_001/output_images/chunk_001/2nuB2t-rQaSUjpm5kLxI5Q.jpg,winesensed,2nuB2t-rQaSUjpm5kLxI5Q.jpg,winesensed:88235375,,88235375,4b1a7a012a3fdb9bd86262c5,ok,/mnt/SSD/workspace/wine/data/winesensed_embedding/crops/4b/4b1a7a012a3fdb9bd86262c5.jpg,c258a1df15b9cf3855fb88bda2f58e218a23cc569a116805fb38dc1c27f2d78f,2f1e91f194c396695d02f8545fbff50c2786bc5eb8c4724daf6a38956c5ecf04,"[71, 3, 357, 640]",0.454345703125,286,637,winesensed:88235375,94,train
/mnt/SSD/workspace/wine/data/WineSensed/chunk_001/output_images/chunk_001/39KLI2LZQtWsHxlOiaIp0Q.jpg,winesensed,39KLI2LZQtWsHxlOiaIp0Q.jpg,winesensed:88235375,,88235375,61829aacffa25bc4fe58b439,ok,/mnt/SSD/workspace/wine/data/winesensed_embedding/crops/61/61829aacffa25bc4fe58b439.jpg,306fa63706ec100b43727dd064b3e34bc8cb505cd5c30c960df6c9a1bf2220ac,55af21bdc37fcd3d9995ddc7049a4b777236fe3aeb0b201abf0dc3a9930ab4a4,"[233, 0, 466, 640]",0.82666015625,233,640,winesensed:88235375,94,train
/mnt/SSD/workspace/wine/data/WineSensed/chunk_001/output_images/chunk_001/2lbYTKg4R1SgXXh3nwSaTg.jpg,winesensed,2lbYTKg4R1SgXXh3nwSaTg.jpg,winesensed:88235375,,88235375,62969071587ce2f4d857c764,ok,/mnt/SSD/workspace/wine/data/winesensed_embedding/crops/62/62969071587ce2f4d857c764.jpg,e2a6e2e5b41e92cfc88a1221ec1df072cdf451eb3f79c243c74788e9d65f21b0,dfbfbfac382db30c77cf1d08920b9e8646f47c159ca05b5fcac7736450d345de,"[95, 0, 420, 640]",0.533203125,325,640,winesensed:88235375,94,train
/mnt/SSD/workspace/wine/data/WineSensed/chunk_001/output_images/chunk_001/0sAOe4XNTJG0j2aBKTY2Wg.jpg,winesensed,0sAOe4XNTJG0j2aBKTY2Wg.jpg,winesensed:88235375,,88235375,644d99a2e918de87671776d0,ok,/mnt/SSD/workspace/wine/data/winesensed_embedding/crops/64/644d99a2e918de87671776d0.jpg,51adc07a2ceb34df4082f061d1639b7bbf18c0dd9cc54bb31d1442cdf616c617,32efe75d34c6921785e54a4081e262a601d77bd2d49a629228a422b758f99c5e,"[100, 0, 434, 638]",0.376708984375,334,638,winesensed:88235375,94,train
/mnt/SSD/workspace/wine/data/WineSensed/chunk_001/output_images/chunk_001/2o2ie3O8QkCoSgJH-wHKMQ.jpg,winesensed,2o2ie3O8QkCoSgJH-wHKMQ.jpg,winesensed:88235375,,88235375,835aa24effe59cca37191191,ok,/mnt/SSD/workspace/wine/data/winesensed_embedding/crops/83/835aa24effe59cca37191191.jpg,e2954aeaa15c016b2e2be3f4438c1fee4b2e4d075e6cff2981622518c6ac0970,3206f916ffed2b6b0f6906b8f4ea1a116a6331beb6ad10955a6291b887e9d718,"[75, 0, 370, 640]",0.251708984375,295,640,winesensed:88235375,94,train
/mnt/SSD/workspace/wine/data/WineSensed/chunk_001/output_images/chunk_001/2ny6Q2FySY6SVhSUL7j0rw.jpg,winesensed,2ny6Q2FySY6SVhSUL7j0rw.jpg,winesensed:88235375,,88235375,87355d93e862fdc0db189d85,ok,/mnt/SSD/workspace/wine/data/winesensed_embedding/crops/87/87355d93e862fdc0db189d85.jpg,b828a761212d00af2ca3052c7e683d836c3d13604a7f6f582f8e9a65c9a9ee27,639c3c8d2b6ecb2c57ea3ab702b0970a42bfb30690d40b32c7da1a7d492e494d,"[56, 0, 379, 640]",0.418701171875,323,640,winesensed:88235375,94,train
/mnt/SSD/workspace/wine/data/WineSensed/chunk_001/output_images/chunk_001/2B6Tj4l9RE2ZmNU3JWu2wA.jpg,winesensed,2B6Tj4l9RE2ZmNU3JWu2wA.jpg,winesensed:88235375,,88235375,8a7c5a11d1c4ace0faa59b61,ok,/mnt/SSD/workspace/wine/data/winesensed_embedding/crops/8a/8a7c5a11d1c4ace0faa59b61.jpg,9ccab4a8a0063841e6446fe4670a457051b81a0b85e88622f03065d4b74d2a03,0c532489c36366eca516a18ff9457f882d9b2f3f33f15b5ab7df2df7e2c63bd4,"[66, 2, 390, 640]",0.587890625,324,638,winesensed:88235375,94,train
/mnt/SSD/workspace/wine/data/WineSensed/chunk_001/output_images/chunk_001/4N8aewxjSA2b4lYVPA-bUQ.jpg,winesensed,4N8aewxjSA2b4lYVPA-bUQ.jpg,winesensed:88235375,,88235375,99768936113bb31aeb5ed627,ok,/mnt/SSD/workspace/wine/data/winesensed_embedding/crops/99/99768936113bb31aeb5ed627.jpg,1683b8d6da315e0ff8282e9248e8f0a4d8feb8410818ed0b59d4cd525595faaa,90c6cc961c6e23831455c65389faa6a40b910f01297c50aa5d899738a5569f89,"[97, 0, 413, 640]",0.64501953125,316,640,winesensed:88235375,94,train
/mnt/SSD/workspace/wine/data/WineSensed/chunk_001/output_images/chunk_001/0HxzfDSJQ5yFvFNNyC2NQA.jpg,winesensed,0HxzfDSJQ5yFvFNNyC2NQA.jpg,winesensed:88235375,,88235375,9aa21327d4b260da93dbbecf,ok,/mnt/SSD/workspace/wine/data/winesensed_embedding/crops/9a/9aa21327d4b260da93dbbecf.jpg,45580e8aaefd80de6bcb56249997518cddf4c81f56052d9461494c9c7e026a18,4a418c1b4131a8ee925070d0043161f56151fb1394fa8828abebbff553b012e1,"[81, 0, 380, 640]",0.443603515625,299,640,winesensed:88235375,94,train
/mnt/SSD/workspace/wine/data/WineSensed/chunk_002/output_images/chunk_002/7_C0JaKWRQqu__NcGfWmvg.jpg,winesensed,7_C0JaKWRQqu__NcGfWmvg.jpg,winesensed:88235375,,88235375,bb76ad727e713e02faceada3,ok,/mnt/SSD/workspace/wine/data/winesensed_embedding/crops/bb/bb76ad727e713e02faceada3.jpg,960dcc13bebbc5518118b33146a9cbb87424a6d04661e810fc9e5235ae5d3b23,ee8fd5a5d3faa754cc24ba7dd2cc1c710d03201d5f330826e663a813428050be,"[76, 0, 380, 640]",0.4951171875,304,640,winesensed:88235375,94,train
/mnt/SSD/workspace/wine/data/WineSensed/chunk_001/output_images/chunk_001/1TrLm7e8RhaIvDOrKmAfvg.jpg,winesensed,1TrLm7e8RhaIvDOrKmAfvg.jpg,winesensed:88235375,,88235375,c9bfec38dfd088b8d0b2d5fb,ok,/mnt/SSD/workspace/wine/data/winesensed_embedding/crops/c9/c9bfec38dfd088b8d0b2d5fb.jpg,b4daf9eca95f53bbd0d5c8df271e6fb6b5a573be55b3f47689b4ac6ccd49bf47,f88a78d3eabf3530194ad3fb1740eba029fe4ed7e3aa5ff8d72221d0284a5950,"[38, 2, 406, 640]",0.422607421875,368,638,winesensed:88235375,94,train
/mnt/SSD/workspace/wine/data/WineSensed/chunk_002/output_images/chunk_002/5RPxBFDQT5CKcpeG5-9zZg.jpg,winesensed,5RPxBFDQT5CKcpeG5-9zZg.jpg,winesensed:89693908,,89693908,0c55df9cd269934aa99056fd,ok,/mnt/SSD/workspace/wine/data/winesensed_embedding/crops/0c/0c55df9cd269934aa99056fd.jpg,3f7e3266eb9ef8362ec758d281c7448c458ba949d2b6751a898976d966b0ab3a,920634af227055e2f8c552671713e1991eadc66035e79b79e081415a25875b43,"[74, 3, 412, 629]",0.3779296875,338,626,winesensed:89693908,95,train
/mnt/SSD/workspace/wine/data/WineSensed/chunk_001/output_images/chunk_001/-vs1MYBHTKy5JNa6A9qIyQ.jpg,winesensed,-vs1MYBHTKy5JNa6A9qIyQ.jpg,winesensed:89693908,,89693908,3fe0d521c8cf4840427d9b8b,ok,/mnt/SSD/workspace/wine/data/winesensed_embedding/crops/3f/3fe0d521c8cf4840427d9b8b.jpg,e5f147dc698e6e53797f06b719ad84df63f54d450a47cdbe2fbb659929f71d8c,ad96ad402faa1797028a495e8a6fbe7ae95f885b083b947331196cd08269955f,"[63, 17, 438, 638]",0.642578125,375,621,winesensed:89693908,95,train
/mnt/SSD/workspace/wine/data/WineSensed/chunk_002/output_images/chunk_002/5KgLTsHmRrSBqZahPB4zKA.jpg,winesensed,5KgLTsHmRrSBqZahPB4zKA.jpg,winesensed:89693908,,89693908,5fb24e75ec8da3add67d4cf9,ok,/mnt/SSD/workspace/wine/data/winesensed_embedding/crops/5f/5fb24e75ec8da3add67d4cf9.jpg,e450c5fc4cdcdf1d55b6e4a58b581a7e2b2657801cb4f64d0586bd7ef5acdea9,22612c25e7950a612c91f1bc407d438d6d0b3df95a8fe6550fcf0d1f00767b74,"[60, 0, 289, 640]",0.440673828125,229,640,winesensed:89693908,95,train
/mnt/SSD/workspace/wine/data/WineSensed/chunk_001/output_images/chunk_001/-m4O3ZSWT2WBCQXzwBAZJg.jpg,winesensed,-m4O3ZSWT2WBCQXzwBAZJg.jpg,winesensed:89693908,,89693908,71e52767954bee6250aa669e,ok,/mnt/SSD/workspace/wine/data/winesensed_embedding/crops/71/71e52767954bee6250aa669e.jpg,e768d14e8b7870fbbc7ffc305be100ea4dc85f78e1272d10e63e7ca48abe032e,cfa0c45609a0dab4e5e59de8f0baf4a1de421479462907765db508e477fc5be3,"[84, 2, 410, 636]",0.453369140625,326,634,winesensed:89693908,95,train
/mnt/SSD/workspace/wine/data/WineSensed/chunk_003/output_images/chunk_003/C7JCPk5jSSCw24x7-YGTaA.jpg,winesensed,C7JCPk5jSSCw24x7-YGTaA.jpg,winesensed:89693908,,89693908,72ba3e46928bff4d2c412c0e,ok,/mnt/SSD/workspace/wine/data/winesensed_embedding/crops/72/72ba3e46928bff4d2c412c0e.jpg,e41479f481902b067b61ccce73c9914d14761c12a6a8d28619d2b3ec28956e2f,f49fac55f0aedc1eb24a57df5e8ea456ba5257d61b8af4d5b25e722ee665f9bc,"[0, 0, 337, 640]",0.329345703125,337,640,winesensed:89693908,95,train
/mnt/SSD/workspace/wine/data/WineSensed/chunk_002/output_images/chunk_002/8IuQCvA3Sau3JuZT4wceNw.jpg,winesensed,8IuQCvA3Sau3JuZT4wceNw.jpg,winesensed:89693908,,89693908,792b6eea68f90b873c63f8c7,ok,/mnt/SSD/workspace/wine/data/winesensed_embedding/crops/79/792b6eea68f90b873c63f8c7.jpg,9415201efa52a627f59969aa428a2237f37a9f829be3a0bdd0af393ae6a41ab9,c030870ea983d869e63b6ee86912aa72ff1851621308105a1f7b4864868b7750,"[63, 5, 430, 640]",0.318359375,367,635,winesensed:89693908,95,train
/mnt/SSD/workspace/wine/data/WineSensed/chunk_002/output_images/chunk_002/6OHijeWWSbmc2Dq1_N7dXg.jpg,winesensed,6OHijeWWSbmc2Dq1_N7dXg.jpg,winesensed:89693908,,89693908,797d11c72c72322031a32fa3,ok,/mnt/SSD/workspace/wine/data/winesensed_embedding/crops/79/797d11c72c72322031a32fa3.jpg,3a423548102b4c36b490140727cefac016a95422ad301534210e1057b9ce1a00,39d85fee99c40dfb724c95a60ef8043d66f75ebbeee644dfa30f3f326f2299af,"[139, 0, 359, 613]",0.65673828125,220,613,winesensed:89693908,95,train
/mnt/SSD/workspace/wine/data/WineSensed/chunk_002/output_images/chunk_002/872nuM2DTaav4hKV2zMWnw.jpg,winesensed,872nuM2DTaav4hKV2zMWnw.jpg,winesensed:89693908,,89693908,9a7d7050f34dfc30aedc3b41,ok,/mnt/SSD/workspace/wine/data/winesensed_embedding/crops/9a/9a7d7050f34dfc30aedc3b41.jpg,fec907a38e71c7c815b67d00079ab32eb0a7dd2913e27556302ad956495c5b0c,78449eb8010fd3895aa21d100b1e6c6f5bd1f46c7da37fd063d74f0de363c2a9,"[82, 1, 424, 640]",0.27587890625,342,639,winesensed:89693908,95,train
/mnt/SSD/workspace/wine/data/WineSensed/chunk_002/output_images/chunk_002/8Pq9QCi_SCag3Qm-ihpM_A.jpg,winesensed,8Pq9QCi_SCag3Qm-ihpM_A.jpg,winesensed:89693908,,89693908,a298992587fc12e889c4f2da,ok,/mnt/SSD/workspace/wine/data/winesensed_embedding/crops/a2/a298992587fc12e889c4f2da.jpg,a51a322faa901ac223500114e3c8f403284046fe6663cf1bfcd8d03eda54962b,07b56d15e0f9c415a489ee7ba1cf667043330b164a8cd4416226870bcb24fab2,"[30, 0, 398, 640]",0.296142578125,368,640,winesensed:89693908,95,train
/mnt/SSD/workspace/wine/data/WineSensed/chunk_003/output_images/chunk_003/CC2DrEbXRlmB__sORJp8vA.jpg,winesensed,CC2DrEbXRlmB__sORJp8vA.jpg,winesensed:89693908,,89693908,a6b95465864745ed5e9a1762,ok,/mnt/SSD/workspace/wine/data/winesensed_embedding/crops/a6/a6b95465864745ed5e9a1762.jpg,8e1c00927bb86dace9d38f2d3d79efe875202272fb571929468bf5250792944b,c1dd4d49d152f9c2bd3ca2b4e20202928160069a203b2d6c624bb3562dbf1540,"[87, 10, 392, 639]",0.28662109375,305,629,winesensed:89693908,95,train
/mnt/SSD/workspace/wine/data/WineSensed/chunk_002/output_images/chunk_002/BQPkiAthSCGGul-IUorv8g.jpg,winesensed,BQPkiAthSCGGul-IUorv8g.jpg,winesensed:89693908,,89693908,ad4dab30a9fe21163f564ff0,ok,/mnt/SSD/workspace/wine/data/winesensed_embedding/crops/ad/ad4dab30a9fe21163f564ff0.jpg,c79b4705c8fe3798bf7e288a9e2d8a67f4b2aff5a6a1ebe75e0503e92be3021c,b7cb686f6feb14ded1fe9de34936c9427a61cfa40fd17c04c7fdf367077d661c,"[425, 0, 480, 485]",0.361083984375,55,485,winesensed:89693908,95,train
/mnt/SSD/workspace/wine/data/WineSensed/chunk_002/output_images/chunk_002/8xj8X81NS6i7uwsEUCzMLQ.jpg,winesensed,8xj8X81NS6i7uwsEUCzMLQ.jpg,winesensed:89693908,,89693908,cf509efe7f4174b97ec992f1,ok,/mnt/SSD/workspace/wine/data/winesensed_embedding/crops/cf/cf509efe7f4174b97ec992f1.jpg,f16c3ff44d0cdcbaddc613df14acb8cc2e4f6c1dc0dc977d0adc97d9197c35a5,778754d5fc333896fc0c049d44472b7e71ecbe93b5c1134617ed7ae6e9b6daa3,"[141, 0, 347, 640]",0.595703125,206,640,winesensed:89693908,95,train
/mnt/SSD/workspace/wine/data/WineSensed/chunk_002/output_images/chunk_002/8KEDlyyyQ1yS3Q7D72qM7w.jpg,winesensed,8KEDlyyyQ1yS3Q7D72qM7w.jpg,winesensed:90136718,,90136718,05cc64217053877748654c28,ok,/mnt/SSD/workspace/wine/data/winesensed_embedding/crops/05/05cc64217053877748654c28.jpg,305d8684db43f1bfa9f5b307e67f8185645365459dbb799845f11ff62762b309,443b825d8bb03a2ed6ed4551ec5d95cc2b5084750fc497209eb90f5097375993,"[51, 7, 343, 635]",0.287353515625,292,628,winesensed:90136718,96,train
/mnt/SSD/workspace/wine/data/WineSensed/chunk_001/output_images/chunk_001/14upppvkTzyWWUa7qOaixA.jpg,winesensed,14upppvkTzyWWUa7qOaixA.jpg,winesensed:90136718,,90136718,0a0c0706ea83c42d19c71144,ok,/mnt/SSD/workspace/wine/data/winesensed_embedding/crops/0a/0a0c0706ea83c42d19c71144.jpg,72aa36ec3ab3a306309026a4c7d6b69070595f21beffe1780d1905b5f8de6241,143dc4ac978d8c20dc7fc892073649a35869fde2fa452024295d08d89af2e652,"[114, 0, 407, 640]",0.283447265625,293,640,winesensed:90136718,96,train
/mnt/SSD/workspace/wine/data/WineSensed/chunk_003/output_images/chunk_003/CO4b8yPSSWKM3MYptLXepw.jpg,winesensed,CO4b8yPSSWKM3MYptLXepw.jpg,winesensed:90136718,,90136718,11745350aad5a678d3cae605,ok,/mnt/SSD/workspace/wine/data/winesensed_embedding/crops/11/11745350aad5a678d3cae605.jpg,3e31349ee8fddc25dcf57815919429b3f8edb103663f5699a950ad1aaca02673,93ad389bee9efc4a274c193f7522da1ba954297e2e561f68abb42180419e29fc,"[62, 0, 385, 640]",0.6884765625,323,640,winesensed:90136718,96,train
/mnt/SSD/workspace/wine/data/WineSensed/chunk_003/output_images/chunk_003/DkRC0A0rQqWNCuAy4K9Tsw.jpg,winesensed,DkRC0A0rQqWNCuAy4K9Tsw.jpg,winesensed:90136718,,90136718,299230a673ea959757e6e078,ok,/mnt/SSD/workspace/wine/data/winesensed_embedding/crops/29/299230a673ea959757e6e078.jpg,a4fc04246f65f10efa7e921861546b925ac30d5ae13f431a3fb728392d869b85,772f941da219cfcd8330c9bf71d6b49c99043b4a8829d9fead6b56c0cd422d30,"[134, 2, 369, 639]",0.418701171875,235,637,winesensed:90136718,96,train
/mnt/SSD/workspace/wine/data/WineSensed/chunk_002/output_images/chunk_002/5Lk7QsBhS3W24bPnXzkuig.jpg,winesensed,5Lk7QsBhS3W24bPnXzkuig.jpg,winesensed:90136718,,90136718,3f5d915581edeb40216e12eb,ok,/mnt/SSD/workspace/wine/data/winesensed_embedding/crops/3f/3f5d915581edeb40216e12eb.jpg,8933c7364b4e1fd71a50cfe4f46aa5bd0dbac931361e62ef3638446fdcf51b48,47f5f9c1bf7309cbe92448e4396c451fdaec0caa6308d1139bd72097a38674eb,"[108, 0, 407, 640]",0.4130859375,299,640,winesensed:90136718,96,train
/mnt/SSD/workspace/wine/data/WineSensed/chunk_002/output_images/chunk_002/AWcyi1BvRCKtLojtgDIVqA.jpg,winesensed,AWcyi1BvRCKtLojtgDIVqA.jpg,winesensed:90136718,,90136718,540ce3cd4feb1f7e69d4ecb8,ok,/mnt/SSD/workspace/wine/data/winesensed_embedding/crops/54/540ce3cd4feb1f7e69d4ecb8.jpg,2259d687c199b3519f61309ac129b3274a49fde5a9047e0ec6556ba8e3c4041f,513c3098ef195c6b9e6e612a25c68b982033ad8e8d085fd1d90b499c0d70a542,"[70, 0, 417, 633]",0.3388671875,347,633,winesensed:90136718,96,train
/mnt/SSD/workspace/wine/data/WineSensed/chunk_002/output_images/chunk_002/7YCgOSX9QXewiFgo19Yvyg.jpg,winesensed,7YCgOSX9QXewiFgo19Yvyg.jpg,winesensed:90136718,,90136718,6450fdab89f135467ec011ed,ok,/mnt/SSD/workspace/wine/data/winesensed_embedding/crops/64/6450fdab89f135467ec011ed.jpg,185e9112dbafc2faa505f8070699461db53b3857fa6c6352a0d1a20df280eac1,dfb0f66073036186a502ec1653e5dfc96264b90403b75dbbd8fc995dde8b4e6f,"[113, 2, 405, 638]",0.31103515625,292,636,winesensed:90136718,96,train
/mnt/SSD/workspace/wine/data/WineSensed/chunk_002/output_images/chunk_002/5qwprxhSSE29q3P2A2qAdA.jpg,winesensed,5qwprxhSSE29q3P2A2qAdA.jpg,winesensed:90136718,,90136718,958977bd3e4deaa281c101d9,ok,/mnt/SSD/workspace/wine/data/winesensed_embedding/crops/95/958977bd3e4deaa281c101d9.jpg,13ae010754ad35ac72583c0c09c7499ff57f0e9d54bd8568fc2fab7143cc3106,817cb53af214996fd257b6777944c246f2bbdf02adb1eeb8dc177de57da801b6,"[0, 1, 162, 626]",0.304931640625,162,625,winesensed:90136718,96,train
/mnt/SSD/workspace/wine/data/WineSensed/chunk_002/output_images/chunk_002/7aCCbnBYTpCdZ_FrqBOYVg.jpg,winesensed,7aCCbnBYTpCdZ_FrqBOYVg.jpg,winesensed:90136718,,90136718,ba442472bd1e24a53b2b2083,ok,/mnt/SSD/workspace/wine/data/winesensed_embedding/crops/ba/ba442472bd1e24a53b2b2083.jpg,a6bc53be926343a1fafb31f34f6600c6b870833fe5859348c5477add111a7639,01c7648d7423df21b1f2227f9b616838ad61f4dda1a747551bf3026264b79371,"[99, 1, 374, 639]",0.3447265625,275,638,winesensed:90136718,96,train
/mnt/SSD/workspace/wine/data/WineSensed/chunk_002/output_images/chunk_002/8aqDpr1vQmao8V0WY6aShg.jpg,winesensed,8aqDpr1vQmao8V0WY6aShg.jpg,winesensed:90136718,,90136718,ba76bd3309c99eb3b42b4ca2,ok,/mnt/SSD/workspace/wine/data/winesensed_embedding/crops/ba/ba76bd3309c99eb3b42b4ca2.jpg,e86236f84485de4e33db4ab74d96827fbb05fcedda8acf43f44d4210946c2f51,30a4b8e4d031404b3054bfa9cef986aa2c43b152711f4cde29f72b3ca7d066f6,"[62, 0, 412, 632]",0.33203125,350,632,winesensed:90136718,96,train
/mnt/SSD/workspace/wine/data/WineSensed/chunk_001/output_images/chunk_001/3Gx2rStWT3OqQ_tbzzSO_A.jpg,winesensed,3Gx2rStWT3OqQ_tbzzSO_A.jpg,winesensed:90136718,,90136718,bedf701ca85d2619a18632df,ok,/mnt/SSD/workspace/wine/data/winesensed_embedding/crops/be/bedf701ca85d2619a18632df.jpg,672e95d8a5a3aeadc72848e26234c7a5b40594eeb802804b7ad10a988a4e0cd0,1424b600b3ae797b96d6b7550c17b7767d43182d83eefffaf40f29b947517f65,"[58, 0, 311, 640]",0.6806640625,253,640,winesensed:90136718,96,train
/mnt/SSD/workspace/wine/data/WineSensed/chunk_002/output_images/chunk_002/7etJS051SXq2qgdGxzlC-A.jpg,winesensed,7etJS051SXq2qgdGxzlC-A.jpg,winesensed:90136718,,90136718,e95fd1326e7aea3c4a0a3c0d,ok,/mnt/SSD/workspace/wine/data/winesensed_embedding/crops/e9/e95fd1326e7aea3c4a0a3c0d.jpg,b2c3f444badfef1d42d5cfe2caf2bcf3cd86c74b9410f9b549f5c83c7de5dd1e,a5462b82480a2a2656f03ebe2aba33f58993af778db81d8bc33a242451a76346,"[84, 0, 401, 632]",0.333740234375,317,632,winesensed:90136718,96,train
/mnt/SSD/workspace/wine/data/WineSensed/chunk_002/output_images/chunk_002/5hkjhikJTGm-xNxY3IHKag.jpg,winesensed,5hkjhikJTGm-xNxY3IHKag.jpg,winesensed:90965502,,90965502,11290a84f48ba3dc41195e01,ok,/mnt/SSD/workspace/wine/data/winesensed_embedding/crops/11/11290a84f48ba3dc41195e01.jpg,33dbc92feedb0977be911d653c63c10fe5640c4ae9e3c328675fb060c0799ce5,3bce56083d6b07c5cbb1eb4594d1bca178608faab4403e2a7e0d834fec3e18cb,"[42, 0, 444, 623]",0.42333984375,402,623,winesensed:90965502,97,train
/mnt/SSD/workspace/wine/data/WineSensed/chunk_001/output_images/chunk_001/4WCvAV28TMOuInywUr37Xw.jpg,winesensed,4WCvAV28TMOuInywUr37Xw.jpg,winesensed:90965502,,90965502,1c9c557191234c25a09b6c65,ok,/mnt/SSD/workspace/wine/data/winesensed_embedding/crops/1c/1c9c557191234c25a09b6c65.jpg,ed0104bdfbdf08cc51e36a3d59c686c0aea77c715fc1f8e75a385e9ac3c9a84a,0ee73710abf50829899bff22c5bcf3996e17e8e3e01ab09bce12d94c240db171,"[56, 8, 362, 638]",0.625,306,630,winesensed:90965502,97,train
/mnt/SSD/workspace/wine/data/WineSensed/chunk_001/output_images/chunk_001/-6stPmuSTWeo6hEaOsDxNw.jpg,winesensed,-6stPmuSTWeo6hEaOsDxNw.jpg,winesensed:90965502,,90965502,59b3a8628925a9f7a460b223,ok,/mnt/SSD/workspace/wine/data/winesensed_embedding/crops/59/59b3a8628925a9f7a460b223.jpg,46b29016fee7a6eb6547fd06c1a30a37919ce3e60111e4130170630231e1cc8a,dc25a917dc308c40adf06654352b2813c6d014771d07ad894871eb2e3a4a0efc,"[0, 11, 454, 611]",0.3173828125,454,600,winesensed:90965502,97,train
/mnt/SSD/workspace/wine/data/WineSensed/chunk_001/output_images/chunk_001/1Tw4uFztR2OyJb9tficZcg.jpg,winesensed,1Tw4uFztR2OyJb9tficZcg.jpg,winesensed:90965502,,90965502,623f1e0b6acd755c3dc9cf8a,ok,/mnt/SSD/workspace/wine/data/winesensed_embedding/crops/62/623f1e0b6acd755c3dc9cf8a.jpg,8c145d4b02a49913b4aad174c274c5ff712f0273cb824121e80114b05f68d1a3,9845ae5dab3e93b0aa3202a7901a3e95f1c070bb10fdb377b14884e4ada99883,"[36, 11, 415, 620]",0.68603515625,379,609,winesensed:90965502,97,train
/mnt/SSD/workspace/wine/data/WineSensed/chunk_001/output_images/chunk_001/1gXtaVJwQsmvoKcUIrKkeA.jpg,winesensed,1gXtaVJwQsmvoKcUIrKkeA.jpg,winesensed:90965502,,90965502,7f1ed34123bd5e9c7f07e5b7,ok,/mnt/SSD/workspace/wine/data/winesensed_embedding/crops/7f/7f1ed34123bd5e9c7f07e5b7.jpg,ebded132818113d4bf6c9ffe4f6848cee51d63fdfb6be4528d7344e7b3bd9c7a,e636b460e3d6a52310f552cf038644d21c3edac5dfd42d70282e096d1371682d,"[26, 0, 395, 628]",0.591796875,369,628,winesensed:90965502,97,train
/mnt/SSD/workspace/wine/data/WineSensed/chunk_002/output_images/chunk_002/6ynkso2sS9O_sbi7u5MeEw.jpg,winesensed,6ynkso2sS9O_sbi7u5MeEw.jpg,winesensed:90965502,,90965502,87164839521c50d987273a97,ok,/mnt/SSD/workspace/wine/data/winesensed_embedding/crops/87/87164839521c50d987273a97.jpg,971c7b0baf730fec059e2cda44b01a12420a21a64b2ceec407d24a5295788008,53adf0c64ec2d99e62d13f896359cc7c8c4cb5ac85133b8a6bcef1f95bc93fc2,"[24, 0, 465, 630]",0.5205078125,441,630,winesensed:90965502,97,train
/mnt/SSD/workspace/wine/data/WineSensed/chunk_001/output_images/chunk_001/-MxmC1YjSm6h7j3UdvtOkg.jpg,winesensed,-MxmC1YjSm6h7j3UdvtOkg.jpg,winesensed:90965502,,90965502,9bbae3ee3e880631fd3b5dd9,ok,/mnt/SSD/workspace/wine/data/winesensed_embedding/crops/9b/9bbae3ee3e880631fd3b5dd9.jpg,1314ec1ac6661bd9ac887ed431aae60c595669152d7e188c82118d670fc33598,e86b31c5b3f456aa7f780f55af941e2d24b512eda39b4305fbe517707faafd6e,"[104, 0, 408, 640]",0.76123046875,304,640,winesensed:90965502,97,train
/mnt/SSD/workspace/wine/data/WineSensed/chunk_001/output_images/chunk_001/453xvymAQ3eZTC3Sp8SVGQ.jpg,winesensed,453xvymAQ3eZTC3Sp8SVGQ.jpg,winesensed:90965502,,90965502,adc89e2db07a82bd161a9951,ok,/mnt/SSD/workspace/wine/data/winesensed_embedding/crops/ad/adc89e2db07a82bd161a9951.jpg,b2160428211c6b042bff039b0f96640e1f9f301c308932348bd424edd5a5e480,17ae90f3d21236ac79c19b871eea76e9b99fd763215989382fff6dddee6dbd9a,"[0, 0, 249, 638]",0.8818359375,249,638,winesensed:90965502,97,train
/mnt/SSD/workspace/wine/data/WineSensed/chunk_001/output_images/chunk_001/08exYh6gQWC9vPKOgr02Kg.jpg,winesensed,08exYh6gQWC9vPKOgr02Kg.jpg,winesensed:90965502,,90965502,c5bf63c71dc47f095bb5c998,ok,/mnt/SSD/workspace/wine/data/winesensed_embedding/crops/c5/c5bf63c71dc47f095bb5c998.jpg,3b17003025d8722852776f2d80a33544c147ca63b11e86370ab875252e22428b,9d879bd47e3f1bb2ee6438bbcf28665692af41558f41dfbf547709db4d051d3f,"[87, 5, 369, 639]",0.4736328125,282,634,winesensed:90965502,97,train
/mnt/SSD/workspace/wine/data/WineSensed/chunk_001/output_images/chunk_001/3VrA1iNGTh-Km1HMIrnZ5w.jpg,winesensed,3VrA1iNGTh-Km1HMIrnZ5w.jpg,winesensed:90965502,,90965502,d7775ff63b980e2c2933255b,ok,/mnt/SSD/workspace/wine/data/winesensed_embedding/crops/d7/d7775ff63b980e2c2933255b.jpg,89083c71348f30f7e7154a293c4b9143e26ab858aca60c33d23f1cd13062a5ae,418757ff30d2d02181c436b83114e91b250922feb5a46d429997ef2a50cbe267,"[87, 0, 405, 634]",0.6826171875,318,634,winesensed:90965502,97,train
/mnt/SSD/workspace/wine/data/WineSensed/chunk_001/output_images/chunk_001/1Edpl4jzSIy5wswf1YAqLQ.jpg,winesensed,1Edpl4jzSIy5wswf1YAqLQ.jpg,winesensed:90965502,,90965502,ee219edc65d3570f29d1eba5,ok,/mnt/SSD/workspace/wine/data/winesensed_embedding/crops/ee/ee219edc65d3570f29d1eba5.jpg,f0f6dfae8b6e0c44efde70392e0ac7187a5b78153ccd68fa49aa011088aa1580,2ea9aeccda4ad4bc25477a3c06f1471263cd65608d9b8d91ca02ac4754f7afbd,"[131, 0, 380, 638]",0.89453125,249,638,winesensed:90965502,97,train
/mnt/SSD/workspace/wine/data/WineSensed/chunk_001/output_images/chunk_001/-bqjYApGQaGCwa196X4nOA.jpg,winesensed,-bqjYApGQaGCwa196X4nOA.jpg,winesensed:90965502,,90965502,f86fcea7380cf6986fea5215,ok,/mnt/SSD/workspace/wine/data/winesensed_embedding/crops/f8/f86fcea7380cf6986fea5215.jpg,78a3f1ce474ec41bbdbeefc951ef4a2021eb609fba170b4753c46eae434f900d,ae5ee89bd770fd0aed7116775d03b0fefa209360b57b962b5e0b3d2ddddbf68e,"[139, 1, 404, 631]",0.814453125,265,630,winesensed:90965502,97,train
/mnt/SSD/workspace/wine/data/WineSensed/chunk_001/output_images/chunk_001/-DRSnBCGTwezxAbCYx4v0w.jpg,winesensed,-DRSnBCGTwezxAbCYx4v0w.jpg,winesensed:91466354,,91466354,02c30c4e355c42bbdddffd4c,ok,/mnt/SSD/workspace/wine/data/winesensed_embedding/crops/02/02c30c4e355c42bbdddffd4c.jpg,f3f139f68a767201008a57c36e83cada8e13ba625b4f3d65b6e5112e03402254,513544d016cf44cd81ca3d3c8117f670399d73fdc95e03f6baf5cc3cd4d5cba0,"[0, 0, 445, 630]",0.56884765625,445,630,winesensed:91466354,98,train
/mnt/SSD/workspace/wine/data/WineSensed/chunk_001/output_images/chunk_001/-SXP6mPuSOm9Ayg2X3lufQ.jpg,winesensed,-SXP6mPuSOm9Ayg2X3lufQ.jpg,winesensed:91466354,,91466354,02eb1cc7b7c1cbcdfd830d0b,ok,/mnt/SSD/workspace/wine/data/winesensed_embedding/crops/02/02eb1cc7b7c1cbcdfd830d0b.jpg,86b8534b94d01c1d8f8fe93553a6912b50f062b7f326ac5d932cd7fd4eb573e5,8fd82bab3b0d02267262cd94ec5eb976bee55e7ae5b0206fbcf3956f02e57c98,"[23, 0, 414, 640]",0.544921875,391,640,winesensed:91466354,98,train
/mnt/SSD/workspace/wine/data/WineSensed/chunk_001/output_images/chunk_001/-KabMui4RZ2v1d5l5dkMGg.jpg,winesensed,-KabMui4RZ2v1d5l5dkMGg.jpg,winesensed:91466354,,91466354,09aa96bad5dbbd39f755d22b,ok,/mnt/SSD/workspace/wine/data/winesensed_embedding/crops/09/09aa96bad5dbbd39f755d22b.jpg,e4cebb356a5a6983501b5a267fc80d3252a8cc50275473f42b1313b64eedec72,69797f460faaac797b86bf7fb0e4b9b4d9cf164dfb6cad5ad8f00386ed01f269,"[98, 0, 372, 640]",0.80126953125,274,640,winesensed:91466354,98,train
/mnt/SSD/workspace/wine/data/WineSensed/chunk_001/output_images/chunk_001/-Y3bnmxbTBaxG24tO1ZEuw.jpg,winesensed,-Y3bnmxbTBaxG24tO1ZEuw.jpg,winesensed:91466354,,91466354,0cada86900a22d3198167785,ok,/mnt/SSD/workspace/wine/data/winesensed_embedding/crops/0c/0cada86900a22d3198167785.jpg,6a57dd386d7ee1074d3dc745875659b9e1229702184724d47c7d65bb2aab7c66,17b16478841681d28fd7b289659fa08f8276ab6d6d50cb6582a775d073cd7e1f,"[83, 0, 432, 635]",0.8125,349,635,winesensed:91466354,98,train
/mnt/SSD/workspace/wine/data/WineSensed/chunk_001/output_images/chunk_001/-_k3Ib-lQrmRaUtNZIDcMQ.jpg,winesensed,-_k3Ib-lQrmRaUtNZIDcMQ.jpg,winesensed:91466354,,91466354,4c325a988b4759fa358712e1,ok,/mnt/SSD/workspace/wine/data/winesensed_embedding/crops/4c/4c325a988b4759fa358712e1.jpg,b9b48d06526e042057646c6ce5acd784dac91287cfbbea18dc65235ed072ac68,0d6f2e323dff1b42f7d74d8bc39169ba8aebd130cbc07924a23e9ce067dbeb91,"[45, 0, 476, 639]",0.693359375,431,639,winesensed:91466354,98,train
/mnt/SSD/workspace/wine/data/WineSensed/chunk_001/output_images/chunk_001/-SzoT03yS0OL5qz6YbjFqg.jpg,winesensed,-SzoT03yS0OL5qz6YbjFqg.jpg,winesensed:91466354,,91466354,64e3fe196e887c7b3a4d8458,ok,/mnt/SSD/workspace/wine/data/winesensed_embedding/crops/64/64e3fe196e887c7b3a4d8458.jpg,88e67eb240733869505cfda5fab5c5bef25d39c7c0d9915429538cd2a6719e3a,33f19246d08c7d3ab725b1ba07b640093463af85f479cbfab847761d13d4fdfb,"[53, 0, 459, 633]",0.65673828125,406,633,winesensed:91466354,98,train
/mnt/SSD/workspace/wine/data/WineSensed/chunk_001/output_images/chunk_001/0B62v-R8TyyIhKXzulgAtQ.jpg,winesensed,0B62v-R8TyyIhKXzulgAtQ.jpg,winesensed:91466354,,91466354,77568c5a6374174cb826ef8f,ok,/mnt/SSD/workspace/wine/data/winesensed_embedding/crops/77/77568c5a6374174cb826ef8f.jpg,38c2591820c499b96a2b63a5b50e71975cec7bb664eab77787d351ad1cb0c358,6c7a6b05477466a1cbfd8d4a4aa18f87f7456192c3d5db6c5e14ccbcef127a16,"[4, 0, 460, 637]",0.548828125,456,637,winesensed:91466354,98,train
/mnt/SSD/workspace/wine/data/WineSensed/chunk_001/output_images/chunk_001/-WScEgaBS7a3DL-kMOKntQ.jpg,winesensed,-WScEgaBS7a3DL-kMOKntQ.jpg,winesensed:91466354,,91466354,9564757408845e9c60d56458,ok,/mnt/SSD/workspace/wine/data/winesensed_embedding/crops/95/9564757408845e9c60d56458.jpg,c9634def3c73c8cea0fefefcd9d690c633d654dbf1a84c7d909b09000d66665d,262a934858e7a92d31b142d1ec218c52a7a2c0f814e2643e69858072546190ea,"[9, 0, 458, 631]",0.60107421875,449,631,winesensed:91466354,98,train
/mnt/SSD/workspace/wine/data/WineSensed/chunk_001/output_images/chunk_001/-14vBs95QcKB85JZMY0qgw.jpg,winesensed,-14vBs95QcKB85JZMY0qgw.jpg,winesensed:91466354,,91466354,99609e5f4ee6c7e7ceed23aa,ok,/mnt/SSD/workspace/wine/data/winesensed_embedding/crops/99/99609e5f4ee6c7e7ceed23aa.jpg,bd3ee2a0611d471dfa263030c64e5bdaa6e8f0d8ed31e5817ffd1afae67b3ba7,76bafd8873ddd1e510b2e22d847f40c05e53ca1990c4f6ae63931183b74cef6a,"[70, 0, 430, 635]",0.63330078125,360,635,winesensed:91466354,98,train
/mnt/SSD/workspace/wine/data/WineSensed/chunk_001/output_images/chunk_001/-Lcyl5WjTlyzIu_OlL6Bbg.jpg,winesensed,-Lcyl5WjTlyzIu_OlL6Bbg.jpg,winesensed:91466354,,91466354,9a2c919a374dd79e6f05029b,ok,/mnt/SSD/workspace/wine/data/winesensed_embedding/crops/9a/9a2c919a374dd79e6f05029b.jpg,b0ee57aaa6575a25e3f35abe5789b35fc0ca3d4e8e3838a0c8f6f1283058fca7,110ea58bfeb529c7b1ee1b4e1c5c8f7f14feb34726e152807c25d35148a4e72d,"[87, 0, 356, 638]",0.8935546875,269,638,winesensed:91466354,98,train
/mnt/SSD/workspace/wine/data/WineSensed/chunk_001/output_images/chunk_001/-bRDEwfIRLOJ0HOEDKFCow.jpg,winesensed,-bRDEwfIRLOJ0HOEDKFCow.jpg,winesensed:91466354,,91466354,c1bf0f74903ff9d9ec0070eb,ok,/mnt/SSD/workspace/wine/data/winesensed_embedding/crops/c1/c1bf0f74903ff9d9ec0070eb.jpg,ce25528b1ac27a2e04ea2185d1fa359c476df9ca0c6fff4ee30e08dcbb3c3574,72a882e1236ef495896491bcb9663e03b504b4872fb1fb1952e586fdf5b5cdc9,"[0, 0, 456, 638]",0.537109375,456,638,winesensed:91466354,98,train
/mnt/SSD/workspace/wine/data/WineSensed/chunk_001/output_images/chunk_001/-iCQFgw5RaODDO2OZrK5FA.jpg,winesensed,-iCQFgw5RaODDO2OZrK5FA.jpg,winesensed:91466354,,91466354,fab396532d2078e29c281a4a,ok,/mnt/SSD/workspace/wine/data/winesensed_embedding/crops/fa/fab396532d2078e29c281a4a.jpg,256eb2117a46ab1e04429f5eec5329b2d456e48d039e13c19c1601e53ad66fb1,25f9b076bee6fdb6dcd42cf06cfab79a97ccad794271e37e2a39b38648857688,"[58, 2, 421, 624]",0.67138671875,363,622,winesensed:91466354,98,train
/mnt/SSD/workspace/wine/data/WineSensed/chunk_001/output_images/chunk_001/4vigdsCSTbaejx_2wx_8nQ.jpg,winesensed,4vigdsCSTbaejx_2wx_8nQ.jpg,winesensed:95414783,,95414783,314cc294ac43f7fddd1b8c6e,ok,/mnt/SSD/workspace/wine/data/winesensed_embedding/crops/31/314cc294ac43f7fddd1b8c6e.jpg,966ada64d6386c4f82664831ab8a858c43cac0f95a524fbf149e63e84e540bb5,cb445b5091820f9f54b5c7760ede1a310d2468d37ac4dbf0e049a0c4be31578e,"[93, 0, 367, 640]",0.70556640625,274,640,winesensed:95414783,99,train
/mnt/SSD/workspace/wine/data/WineSensed/chunk_001/output_images/chunk_001/3YqavDLtTgGdGZIQfjtMeA.jpg,winesensed,3YqavDLtTgGdGZIQfjtMeA.jpg,winesensed:95414783,,95414783,56bd51a1352c28e1225f3369,ok,/mnt/SSD/workspace/wine/data/winesensed_embedding/crops/56/56bd51a1352c28e1225f3369.jpg,588b61b9492d5a36ef17cdb930ca13bb22026abf4f31257b69f89642fdfbfc16,285bc240269f0db4750f45e65d44d05a58ea6bb811d75137662f3d9b9099c5be,"[57, 0, 397, 640]",0.56396484375,340,640,winesensed:95414783,99,train
/mnt/SSD/workspace/wine/data/WineSensed/chunk_001/output_images/chunk_001/1EC0ojYDRvWYbO4G455h7g.jpg,winesensed,1EC0ojYDRvWYbO4G455h7g.jpg,winesensed:95414783,,95414783,659d60a8e251887da2f56604,ok,/mnt/SSD/workspace/wine/data/winesensed_embedding/crops/65/659d60a8e251887da2f56604.jpg,4577f06fd0ef45eeb4fe96c76da0b4589fcff8d88822d01a29035682b72f986a,d6430ef5d37b716536f6f6a60ea5ddc503b49c6529eccfa3dd88d2dc501752b1,"[181, 0, 399, 603]",0.60107421875,218,603,winesensed:95414783,99,train
/mnt/SSD/workspace/wine/data/WineSensed/chunk_003/output_images/chunk_003/C9Et9LOQTDGONNkSqzsEMg.jpg,winesensed,C9Et9LOQTDGONNkSqzsEMg.jpg,winesensed:95414783,,95414783,793e2cc763254280b8d10643,ok,/mnt/SSD/workspace/wine/data/winesensed_embedding/crops/79/793e2cc763254280b8d10643.jpg,da4ddbe855a87da73b9af014fdf73109f89be051ef5af06890ff96d2bed94361,f482f851a787ac0e0c3af2f6630d07d6689fc105d297c9d72fcfc1d7ac314001,"[50, 4, 414, 634]",0.517578125,364,630,winesensed:95414783,99,train
/mnt/SSD/workspace/wine/data/WineSensed/chunk_002/output_images/chunk_002/83YiMHQ9S8i9AlrTZka-jw.jpg,winesensed,83YiMHQ9S8i9AlrTZka-jw.jpg,winesensed:95414783,,95414783,8cf29b089a0fd91267f0b9bb,ok,/mnt/SSD/workspace/wine/data/winesensed_embedding/crops/8c/8cf29b089a0fd91267f0b9bb.jpg,b2f65bc86019f337ae4e185ca66cb939c46e6a91fe8c58315bd85b82c2c3de78,3c2d2e453fa166256c47ce4dc9a19c483b0c77c43a3816474505a14b512bf2dc,"[64, 0, 378, 640]",0.8037109375,314,640,winesensed:95414783,99,train
/mnt/SSD/workspace/wine/data/WineSensed/chunk_001/output_images/chunk_001/4chNZ4lYStqVen-iQJ10Vw.jpg,winesensed,4chNZ4lYStqVen-iQJ10Vw.jpg,winesensed:95414783,,95414783,917bab3d9c0ff3c7cfd5ff83,ok,/mnt/SSD/workspace/wine/data/winesensed_embedding/crops/91/917bab3d9c0ff3c7cfd5ff83.jpg,7c3449d3726460b69a9371c8b6eb4c1e78fe4488eb28cace1b2acb52e838a57a,23df6110365b31facca191cad5a857db8039d7b1184c2923735d92bc5362f21d,"[63, 0, 375, 640]",0.72314453125,312,640,winesensed:95414783,99,train
/mnt/SSD/workspace/wine/data/WineSensed/chunk_002/output_images/chunk_002/8tSCGieTQXictYwLqF7BoQ.jpg,winesensed,8tSCGieTQXictYwLqF7BoQ.jpg,winesensed:95414783,,95414783,9696255e37ac97451e9ed5e8,ok,/mnt/SSD/workspace/wine/data/winesensed_embedding/crops/96/9696255e37ac97451e9ed5e8.jpg,f1763e1c6a728fc1cc9e1066e9b8a85985da17db2b2268b3765d20f17bd9d1ca,053dcf4b5f39923b6bcbdafc849679b8195cd89c85ec0b34f13ee2e8812dac5b,"[54, 0, 394, 637]",0.6396484375,340,637,winesensed:95414783,99,train
/mnt/SSD/workspace/wine/data/WineSensed/chunk_002/output_images/chunk_002/6EkfoGJKRNege89obQqRxg.jpg,winesensed,6EkfoGJKRNege89obQqRxg.jpg,winesensed:95414783,,95414783,a138dc3e85e47a93a32822c3,ok,/mnt/SSD/workspace/wine/data/winesensed_embedding/crops/a1/a138dc3e85e47a93a32822c3.jpg,0b557ccfe7d3ce20614ce2a46e4e6eaa6fa01fd79757f1e79c244c53c405fa89,eaf065295f3078a341f8a3d38a6b2375b970b55cb33367921e7a78d802b7293a,"[55, 0, 415, 640]",0.83154296875,360,640,winesensed:95414783,99,train
/mnt/SSD/workspace/wine/data/WineSensed/chunk_001/output_images/chunk_001/1IyTFsnETVKO0twgycvmJA.jpg,winesensed,1IyTFsnETVKO0twgycvmJA.jpg,winesensed:95414783,,95414783,c0b615629b68149d4bca7e0d,ok,/mnt/SSD/workspace/wine/data/winesensed_embedding/crops/c0/c0b615629b68149d4bca7e0d.jpg,47da8b968612f55b32027c20aa155647c413ba85c73133e9baab322289b58d82,447bf35014100dfa3d706a820f657f2b6830168294d1a0f953e96a6b1535d173,"[74, 0, 438, 640]",0.7421875,364,640,winesensed:95414783,99,train
/mnt/SSD/workspace/wine/data/WineSensed/chunk_002/output_images/chunk_002/8HaWjPRnTR-tHjeY9S0czg.jpg,winesensed,8HaWjPRnTR-tHjeY9S0czg.jpg,winesensed:95414783,,95414783,d21cc607e2de1fa370bd62f1,ok,/mnt/SSD/workspace/wine/data/winesensed_embedding/crops/d2/d21cc607e2de1fa370bd62f1.jpg,0d05bb3a276fbe98b1703f22df51f74d26fe36d3ad6767be3348735a95e22e4d,31de19bc56464b73d93ff86834f99b1128b9c166f0ad4550f10a1370ec658b21,"[96, 0, 395, 640]",0.6376953125,299,640,winesensed:95414783,99,train
/mnt/SSD/workspace/wine/data/WineSensed/chunk_002/output_images/chunk_002/5NMRUZqvQr-uPrCmRRPERA.jpg,winesensed,5NMRUZqvQr-uPrCmRRPERA.jpg,winesensed:95414783,,95414783,e41a644e2888384cb2a7c728,ok,/mnt/SSD/workspace/wine/data/winesensed_embedding/crops/e4/e41a644e2888384cb2a7c728.jpg,34dbc37d8da90ee6fb80d926d4dd27ca67ecba244dfb6d5c7cadbcb48a39c507,f7d9d870431b1d4e2252d4139844608bdbcb8fa4bb5bd166d223bdd223840184,"[81, 2, 384, 640]",0.86181640625,303,638,winesensed:95414783,99,train
/mnt/SSD/workspace/wine/data/WineSensed/chunk_002/output_images/chunk_002/8ZcibSAKRqGouznxofOwdw.jpg,winesensed,8ZcibSAKRqGouznxofOwdw.jpg,winesensed:95414783,,95414783,f1493a86b608a90def6357b9,ok,/mnt/SSD/workspace/wine/data/winesensed_embedding/crops/f1/f1493a86b608a90def6357b9.jpg,b331ad8dac9ba43a65facb29e38d71c8aebe676693d276b167a9442be08c4625,3d7143e68e5f464eda8062330dcd27467738854c4c3c539503f7574842ba30eb,"[63, 1, 418, 630]",0.60400390625,355,629,winesensed:95414783,99,train
